[ T-Cross ]
    title = 0.5 cm de Pb
     mesh =  reg            # mesh type is region-wise
      reg =    2            # number of crossing regions
      non     r-from    r-to       area
      1       101       102        1.000000    
      2       102       101        1.000000    
   e-type =    2            # e-mesh is linear given by emin, emax and ne
     emin =  1.0000000E-06  # minimum value of e-mesh points
     emax =  0.1400000      # maximum value of e-mesh points
#    edel =  1.3999900E-04  # mesh width of e-mesh points
       ne =   1000          # number of e-mesh points
#    data = ( e(i), i = 1, ne + 1 )
#           1.00000E-06  1.40999E-04  2.80998E-04  4.20997E-04  5.60996E-04
#           7.00995E-04  8.40994E-04  9.80993E-04  1.12099E-03  1.26099E-03
#           1.40099E-03  1.54099E-03  1.68099E-03  1.82099E-03  1.96099E-03
#           2.10099E-03  2.24098E-03  2.38098E-03  2.52098E-03  2.66098E-03
#           2.80098E-03  2.94098E-03  3.08098E-03  3.22098E-03  3.36098E-03
#           3.50097E-03  3.64097E-03  3.78097E-03  3.92097E-03  4.06097E-03
#           4.20097E-03  4.34097E-03  4.48097E-03  4.62097E-03  4.76097E-03
#           4.90097E-03  5.04096E-03  5.18096E-03  5.32096E-03  5.46096E-03
#           5.60096E-03  5.74096E-03  5.88096E-03  6.02096E-03  6.16096E-03
#           6.30096E-03  6.44095E-03  6.58095E-03  6.72095E-03  6.86095E-03
#           7.00095E-03  7.14095E-03  7.28095E-03  7.42095E-03  7.56095E-03
#           7.70094E-03  7.84094E-03  7.98094E-03  8.12094E-03  8.26094E-03
#           8.40094E-03  8.54094E-03  8.68094E-03  8.82094E-03  8.96094E-03
#           9.10093E-03  9.24093E-03  9.38093E-03  9.52093E-03  9.66093E-03
#           9.80093E-03  9.94093E-03  1.00809E-02  1.02209E-02  1.03609E-02
#           1.05009E-02  1.06409E-02  1.07809E-02  1.09209E-02  1.10609E-02
#           1.12009E-02  1.13409E-02  1.14809E-02  1.16209E-02  1.17609E-02
#           1.19009E-02  1.20409E-02  1.21809E-02  1.23209E-02  1.24609E-02
#           1.26009E-02  1.27409E-02  1.28809E-02  1.30209E-02  1.31609E-02
#           1.33009E-02  1.34409E-02  1.35809E-02  1.37209E-02  1.38609E-02
#           1.40009E-02  1.41409E-02  1.42809E-02  1.44209E-02  1.45609E-02
#           1.47009E-02  1.48409E-02  1.49809E-02  1.51209E-02  1.52609E-02
#           1.54009E-02  1.55409E-02  1.56809E-02  1.58209E-02  1.59609E-02
#           1.61009E-02  1.62409E-02  1.63809E-02  1.65209E-02  1.66609E-02
#           1.68009E-02  1.69409E-02  1.70809E-02  1.72209E-02  1.73609E-02
#           1.75009E-02  1.76409E-02  1.77809E-02  1.79209E-02  1.80609E-02
#           1.82009E-02  1.83409E-02  1.84809E-02  1.86209E-02  1.87609E-02
#           1.89009E-02  1.90409E-02  1.91809E-02  1.93209E-02  1.94609E-02
#           1.96009E-02  1.97409E-02  1.98809E-02  2.00209E-02  2.01609E-02
#           2.03009E-02  2.04409E-02  2.05809E-02  2.07209E-02  2.08609E-02
#           2.10009E-02  2.11408E-02  2.12808E-02  2.14208E-02  2.15608E-02
#           2.17008E-02  2.18408E-02  2.19808E-02  2.21208E-02  2.22608E-02
#           2.24008E-02  2.25408E-02  2.26808E-02  2.28208E-02  2.29608E-02
#           2.31008E-02  2.32408E-02  2.33808E-02  2.35208E-02  2.36608E-02
#           2.38008E-02  2.39408E-02  2.40808E-02  2.42208E-02  2.43608E-02
#           2.45008E-02  2.46408E-02  2.47808E-02  2.49208E-02  2.50608E-02
#           2.52008E-02  2.53408E-02  2.54808E-02  2.56208E-02  2.57608E-02
#           2.59008E-02  2.60408E-02  2.61808E-02  2.63208E-02  2.64608E-02
#           2.66008E-02  2.67408E-02  2.68808E-02  2.70208E-02  2.71608E-02
#           2.73008E-02  2.74408E-02  2.75808E-02  2.77208E-02  2.78608E-02
#           2.80008E-02  2.81408E-02  2.82808E-02  2.84208E-02  2.85608E-02
#           2.87008E-02  2.88408E-02  2.89808E-02  2.91208E-02  2.92608E-02
#           2.94008E-02  2.95408E-02  2.96808E-02  2.98208E-02  2.99608E-02
#           3.01008E-02  3.02408E-02  3.03808E-02  3.05208E-02  3.06608E-02
#           3.08008E-02  3.09408E-02  3.10808E-02  3.12208E-02  3.13608E-02
#           3.15008E-02  3.16408E-02  3.17808E-02  3.19208E-02  3.20608E-02
#           3.22008E-02  3.23408E-02  3.24808E-02  3.26208E-02  3.27608E-02
#           3.29008E-02  3.30408E-02  3.31808E-02  3.33208E-02  3.34608E-02
#           3.36008E-02  3.37408E-02  3.38808E-02  3.40208E-02  3.41608E-02
#           3.43008E-02  3.44408E-02  3.45808E-02  3.47208E-02  3.48608E-02
#           3.50008E-02  3.51407E-02  3.52807E-02  3.54207E-02  3.55607E-02
#           3.57007E-02  3.58407E-02  3.59807E-02  3.61207E-02  3.62607E-02
#           3.64007E-02  3.65407E-02  3.66807E-02  3.68207E-02  3.69607E-02
#           3.71007E-02  3.72407E-02  3.73807E-02  3.75207E-02  3.76607E-02
#           3.78007E-02  3.79407E-02  3.80807E-02  3.82207E-02  3.83607E-02
#           3.85007E-02  3.86407E-02  3.87807E-02  3.89207E-02  3.90607E-02
#           3.92007E-02  3.93407E-02  3.94807E-02  3.96207E-02  3.97607E-02
#           3.99007E-02  4.00407E-02  4.01807E-02  4.03207E-02  4.04607E-02
#           4.06007E-02  4.07407E-02  4.08807E-02  4.10207E-02  4.11607E-02
#           4.13007E-02  4.14407E-02  4.15807E-02  4.17207E-02  4.18607E-02
#           4.20007E-02  4.21407E-02  4.22807E-02  4.24207E-02  4.25607E-02
#           4.27007E-02  4.28407E-02  4.29807E-02  4.31207E-02  4.32607E-02
#           4.34007E-02  4.35407E-02  4.36807E-02  4.38207E-02  4.39607E-02
#           4.41007E-02  4.42407E-02  4.43807E-02  4.45207E-02  4.46607E-02
#           4.48007E-02  4.49407E-02  4.50807E-02  4.52207E-02  4.53607E-02
#           4.55007E-02  4.56407E-02  4.57807E-02  4.59207E-02  4.60607E-02
#           4.62007E-02  4.63407E-02  4.64807E-02  4.66207E-02  4.67607E-02
#           4.69007E-02  4.70407E-02  4.71807E-02  4.73207E-02  4.74607E-02
#           4.76007E-02  4.77407E-02  4.78807E-02  4.80207E-02  4.81607E-02
#           4.83007E-02  4.84407E-02  4.85807E-02  4.87207E-02  4.88607E-02
#           4.90006E-02  4.91406E-02  4.92806E-02  4.94206E-02  4.95606E-02
#           4.97006E-02  4.98406E-02  4.99806E-02  5.01206E-02  5.02606E-02
#           5.04006E-02  5.05406E-02  5.06806E-02  5.08206E-02  5.09606E-02
#           5.11006E-02  5.12406E-02  5.13806E-02  5.15206E-02  5.16606E-02
#           5.18006E-02  5.19406E-02  5.20806E-02  5.22206E-02  5.23606E-02
#           5.25006E-02  5.26406E-02  5.27806E-02  5.29206E-02  5.30606E-02
#           5.32006E-02  5.33406E-02  5.34806E-02  5.36206E-02  5.37606E-02
#           5.39006E-02  5.40406E-02  5.41806E-02  5.43206E-02  5.44606E-02
#           5.46006E-02  5.47406E-02  5.48806E-02  5.50206E-02  5.51606E-02
#           5.53006E-02  5.54406E-02  5.55806E-02  5.57206E-02  5.58606E-02
#           5.60006E-02  5.61406E-02  5.62806E-02  5.64206E-02  5.65606E-02
#           5.67006E-02  5.68406E-02  5.69806E-02  5.71206E-02  5.72606E-02
#           5.74006E-02  5.75406E-02  5.76806E-02  5.78206E-02  5.79606E-02
#           5.81006E-02  5.82406E-02  5.83806E-02  5.85206E-02  5.86606E-02
#           5.88006E-02  5.89406E-02  5.90806E-02  5.92206E-02  5.93606E-02
#           5.95006E-02  5.96406E-02  5.97806E-02  5.99206E-02  6.00606E-02
#           6.02006E-02  6.03406E-02  6.04806E-02  6.06206E-02  6.07606E-02
#           6.09006E-02  6.10406E-02  6.11806E-02  6.13206E-02  6.14606E-02
#           6.16006E-02  6.17406E-02  6.18806E-02  6.20206E-02  6.21606E-02
#           6.23006E-02  6.24406E-02  6.25806E-02  6.27206E-02  6.28606E-02
#           6.30006E-02  6.31405E-02  6.32805E-02  6.34205E-02  6.35605E-02
#           6.37005E-02  6.38405E-02  6.39805E-02  6.41205E-02  6.42605E-02
#           6.44005E-02  6.45405E-02  6.46805E-02  6.48205E-02  6.49605E-02
#           6.51005E-02  6.52405E-02  6.53805E-02  6.55205E-02  6.56605E-02
#           6.58005E-02  6.59405E-02  6.60805E-02  6.62205E-02  6.63605E-02
#           6.65005E-02  6.66405E-02  6.67805E-02  6.69205E-02  6.70605E-02
#           6.72005E-02  6.73405E-02  6.74805E-02  6.76205E-02  6.77605E-02
#           6.79005E-02  6.80405E-02  6.81805E-02  6.83205E-02  6.84605E-02
#           6.86005E-02  6.87405E-02  6.88805E-02  6.90205E-02  6.91605E-02
#           6.93005E-02  6.94405E-02  6.95805E-02  6.97205E-02  6.98605E-02
#           7.00005E-02  7.01405E-02  7.02805E-02  7.04205E-02  7.05605E-02
#           7.07005E-02  7.08405E-02  7.09805E-02  7.11205E-02  7.12605E-02
#           7.14005E-02  7.15405E-02  7.16805E-02  7.18205E-02  7.19605E-02
#           7.21005E-02  7.22405E-02  7.23805E-02  7.25205E-02  7.26605E-02
#           7.28005E-02  7.29405E-02  7.30805E-02  7.32205E-02  7.33605E-02
#           7.35005E-02  7.36405E-02  7.37805E-02  7.39205E-02  7.40605E-02
#           7.42005E-02  7.43405E-02  7.44805E-02  7.46205E-02  7.47605E-02
#           7.49005E-02  7.50405E-02  7.51805E-02  7.53205E-02  7.54605E-02
#           7.56005E-02  7.57405E-02  7.58805E-02  7.60205E-02  7.61605E-02
#           7.63005E-02  7.64405E-02  7.65805E-02  7.67205E-02  7.68605E-02
#           7.70004E-02  7.71404E-02  7.72804E-02  7.74204E-02  7.75604E-02
#           7.77004E-02  7.78404E-02  7.79804E-02  7.81204E-02  7.82604E-02
#           7.84004E-02  7.85404E-02  7.86804E-02  7.88204E-02  7.89604E-02
#           7.91004E-02  7.92404E-02  7.93804E-02  7.95204E-02  7.96604E-02
#           7.98004E-02  7.99404E-02  8.00804E-02  8.02204E-02  8.03604E-02
#           8.05004E-02  8.06404E-02  8.07804E-02  8.09204E-02  8.10604E-02
#           8.12004E-02  8.13404E-02  8.14804E-02  8.16204E-02  8.17604E-02
#           8.19004E-02  8.20404E-02  8.21804E-02  8.23204E-02  8.24604E-02
#           8.26004E-02  8.27404E-02  8.28804E-02  8.30204E-02  8.31604E-02
#           8.33004E-02  8.34404E-02  8.35804E-02  8.37204E-02  8.38604E-02
#           8.40004E-02  8.41404E-02  8.42804E-02  8.44204E-02  8.45604E-02
#           8.47004E-02  8.48404E-02  8.49804E-02  8.51204E-02  8.52604E-02
#           8.54004E-02  8.55404E-02  8.56804E-02  8.58204E-02  8.59604E-02
#           8.61004E-02  8.62404E-02  8.63804E-02  8.65204E-02  8.66604E-02
#           8.68004E-02  8.69404E-02  8.70804E-02  8.72204E-02  8.73604E-02
#           8.75004E-02  8.76404E-02  8.77804E-02  8.79204E-02  8.80604E-02
#           8.82004E-02  8.83404E-02  8.84804E-02  8.86204E-02  8.87604E-02
#           8.89004E-02  8.90404E-02  8.91804E-02  8.93204E-02  8.94604E-02
#           8.96004E-02  8.97404E-02  8.98804E-02  9.00204E-02  9.01604E-02
#           9.03004E-02  9.04404E-02  9.05804E-02  9.07204E-02  9.08604E-02
#           9.10003E-02  9.11403E-02  9.12803E-02  9.14203E-02  9.15603E-02
#           9.17003E-02  9.18403E-02  9.19803E-02  9.21203E-02  9.22603E-02
#           9.24003E-02  9.25403E-02  9.26803E-02  9.28203E-02  9.29603E-02
#           9.31003E-02  9.32403E-02  9.33803E-02  9.35203E-02  9.36603E-02
#           9.38003E-02  9.39403E-02  9.40803E-02  9.42203E-02  9.43603E-02
#           9.45003E-02  9.46403E-02  9.47803E-02  9.49203E-02  9.50603E-02
#           9.52003E-02  9.53403E-02  9.54803E-02  9.56203E-02  9.57603E-02
#           9.59003E-02  9.60403E-02  9.61803E-02  9.63203E-02  9.64603E-02
#           9.66003E-02  9.67403E-02  9.68803E-02  9.70203E-02  9.71603E-02
#           9.73003E-02  9.74403E-02  9.75803E-02  9.77203E-02  9.78603E-02
#           9.80003E-02  9.81403E-02  9.82803E-02  9.84203E-02  9.85603E-02
#           9.87003E-02  9.88403E-02  9.89803E-02  9.91203E-02  9.92603E-02
#           9.94003E-02  9.95403E-02  9.96803E-02  9.98203E-02  9.99603E-02
#           1.00100E-01  1.00240E-01  1.00380E-01  1.00520E-01  1.00660E-01
#           1.00800E-01  1.00940E-01  1.01080E-01  1.01220E-01  1.01360E-01
#           1.01500E-01  1.01640E-01  1.01780E-01  1.01920E-01  1.02060E-01
#           1.02200E-01  1.02340E-01  1.02480E-01  1.02620E-01  1.02760E-01
#           1.02900E-01  1.03040E-01  1.03180E-01  1.03320E-01  1.03460E-01
#           1.03600E-01  1.03740E-01  1.03880E-01  1.04020E-01  1.04160E-01
#           1.04300E-01  1.04440E-01  1.04580E-01  1.04720E-01  1.04860E-01
#           1.05000E-01  1.05140E-01  1.05280E-01  1.05420E-01  1.05560E-01
#           1.05700E-01  1.05840E-01  1.05980E-01  1.06120E-01  1.06260E-01
#           1.06400E-01  1.06540E-01  1.06680E-01  1.06820E-01  1.06960E-01
#           1.07100E-01  1.07240E-01  1.07380E-01  1.07520E-01  1.07660E-01
#           1.07800E-01  1.07940E-01  1.08080E-01  1.08220E-01  1.08360E-01
#           1.08500E-01  1.08640E-01  1.08780E-01  1.08920E-01  1.09060E-01
#           1.09200E-01  1.09340E-01  1.09480E-01  1.09620E-01  1.09760E-01
#           1.09900E-01  1.10040E-01  1.10180E-01  1.10320E-01  1.10460E-01
#           1.10600E-01  1.10740E-01  1.10880E-01  1.11020E-01  1.11160E-01
#           1.11300E-01  1.11440E-01  1.11580E-01  1.11720E-01  1.11860E-01
#           1.12000E-01  1.12140E-01  1.12280E-01  1.12420E-01  1.12560E-01
#           1.12700E-01  1.12840E-01  1.12980E-01  1.13120E-01  1.13260E-01
#           1.13400E-01  1.13540E-01  1.13680E-01  1.13820E-01  1.13960E-01
#           1.14100E-01  1.14240E-01  1.14380E-01  1.14520E-01  1.14660E-01
#           1.14800E-01  1.14940E-01  1.15080E-01  1.15220E-01  1.15360E-01
#           1.15500E-01  1.15640E-01  1.15780E-01  1.15920E-01  1.16060E-01
#           1.16200E-01  1.16340E-01  1.16480E-01  1.16620E-01  1.16760E-01
#           1.16900E-01  1.17040E-01  1.17180E-01  1.17320E-01  1.17460E-01
#           1.17600E-01  1.17740E-01  1.17880E-01  1.18020E-01  1.18160E-01
#           1.18300E-01  1.18440E-01  1.18580E-01  1.18720E-01  1.18860E-01
#           1.19000E-01  1.19140E-01  1.19280E-01  1.19420E-01  1.19560E-01
#           1.19700E-01  1.19840E-01  1.19980E-01  1.20120E-01  1.20260E-01
#           1.20400E-01  1.20540E-01  1.20680E-01  1.20820E-01  1.20960E-01
#           1.21100E-01  1.21240E-01  1.21380E-01  1.21520E-01  1.21660E-01
#           1.21800E-01  1.21940E-01  1.22080E-01  1.22220E-01  1.22360E-01
#           1.22500E-01  1.22640E-01  1.22780E-01  1.22920E-01  1.23060E-01
#           1.23200E-01  1.23340E-01  1.23480E-01  1.23620E-01  1.23760E-01
#           1.23900E-01  1.24040E-01  1.24180E-01  1.24320E-01  1.24460E-01
#           1.24600E-01  1.24740E-01  1.24880E-01  1.25020E-01  1.25160E-01
#           1.25300E-01  1.25440E-01  1.25580E-01  1.25720E-01  1.25860E-01
#           1.26000E-01  1.26140E-01  1.26280E-01  1.26420E-01  1.26560E-01
#           1.26700E-01  1.26840E-01  1.26980E-01  1.27120E-01  1.27260E-01
#           1.27400E-01  1.27540E-01  1.27680E-01  1.27820E-01  1.27960E-01
#           1.28100E-01  1.28240E-01  1.28380E-01  1.28520E-01  1.28660E-01
#           1.28800E-01  1.28940E-01  1.29080E-01  1.29220E-01  1.29360E-01
#           1.29500E-01  1.29640E-01  1.29780E-01  1.29920E-01  1.30060E-01
#           1.30200E-01  1.30340E-01  1.30480E-01  1.30620E-01  1.30760E-01
#           1.30900E-01  1.31040E-01  1.31180E-01  1.31320E-01  1.31460E-01
#           1.31600E-01  1.31740E-01  1.31880E-01  1.32020E-01  1.32160E-01
#           1.32300E-01  1.32440E-01  1.32580E-01  1.32720E-01  1.32860E-01
#           1.33000E-01  1.33140E-01  1.33280E-01  1.33420E-01  1.33560E-01
#           1.33700E-01  1.33840E-01  1.33980E-01  1.34120E-01  1.34260E-01
#           1.34400E-01  1.34540E-01  1.34680E-01  1.34820E-01  1.34960E-01
#           1.35100E-01  1.35240E-01  1.35380E-01  1.35520E-01  1.35660E-01
#           1.35800E-01  1.35940E-01  1.36080E-01  1.36220E-01  1.36360E-01
#           1.36500E-01  1.36640E-01  1.36780E-01  1.36920E-01  1.37060E-01
#           1.37200E-01  1.37340E-01  1.37480E-01  1.37620E-01  1.37760E-01
#           1.37900E-01  1.38040E-01  1.38180E-01  1.38320E-01  1.38460E-01
#           1.38600E-01  1.38740E-01  1.38880E-01  1.39020E-01  1.39160E-01
#           1.39300E-01  1.39440E-01  1.39580E-01  1.39720E-01  1.39860E-01
#           1.40000E-01
     unit =    2            # unit is [1/cm^2/MeV/source]
     axis =  eng            # axis of output
     file = corriente_0_5cm.output  # file name of output for the above axis
   output = current         # surface crossing current spectrum
     part =  neutron    photon     electron   positron   alpha      all      
# kf/name :  2112       22         11         -11        2000004    0        
    gshow =    3            # 0: no 1:bnd, 2:bnd+mat, 3:bnd+reg 4:bnd+lat 5:bmp style
    resol =    1            # (D=1) resolution of gshow
    width = 0.5000000       # (D=0.5) width of lines for gshow
   epsout =    2            # (D=0) generate eps file by ANGEL
#    used :        main (  %)        temp (  %)       total (  %)
#  memory :        1021 (  0)           0 (  0)        1021 (  0)

#------------------------------------------------------------------------------
#newpage:
#   no. =    1   reg = 101 - 102

x: Energy [MeV]
y: Current [1/cm^2/MeV/source]             
p: xlin ylog afac(0.8) form(0.9)
h: n            x            y1(neutron ),hh0l   ny7 dy1=[y1*y7] y2(photon  ),hh0dr  ny8 dy2=[y2*y8] y3(electron),hh0ub  ny9 dy3=[y3*y9] y4(positron),hh0mg  ny10 dy4=[y4*y10] y5(alpha   ),hh0qrr ny11 dy5=[y5*y11] y6(all     ),hh0vbb ny12 dy6=[y6*y12] 
#  e-lower      e-upper      neutron     r.err    photon      r.err    electron    r.err    positron    r.err    alpha       r.err    all         r.err 
   1.0000E-06   1.4100E-04   0.0000E+00  0.0000   0.0000E+00  0.0000   0.0000E+00  0.0000   0.0000E+00  0.0000   0.0000E+00  0.0000   0.0000E+00  0.0000
   1.4100E-04   2.8100E-04   0.0000E+00  0.0000   0.0000E+00  0.0000   0.0000E+00  0.0000   0.0000E+00  0.0000   0.0000E+00  0.0000   0.0000E+00  0.0000
   2.8100E-04   4.2100E-04   0.0000E+00  0.0000   0.0000E+00  0.0000   0.0000E+00  0.0000   0.0000E+00  0.0000   0.0000E+00  0.0000   0.0000E+00  0.0000
   4.2100E-04   5.6100E-04   0.0000E+00  0.0000   0.0000E+00  0.0000   0.0000E+00  0.0000   0.0000E+00  0.0000   0.0000E+00  0.0000   0.0000E+00  0.0000
   5.6100E-04   7.0100E-04   0.0000E+00  0.0000   0.0000E+00  0.0000   0.0000E+00  0.0000   0.0000E+00  0.0000   0.0000E+00  0.0000   0.0000E+00  0.0000
   7.0100E-04   8.4099E-04   0.0000E+00  0.0000   0.0000E+00  0.0000   0.0000E+00  0.0000   0.0000E+00  0.0000   0.0000E+00  0.0000   0.0000E+00  0.0000
   8.4099E-04   9.8099E-04   0.0000E+00  0.0000   0.0000E+00  0.0000   0.0000E+00  0.0000   0.0000E+00  0.0000   0.0000E+00  0.0000   0.0000E+00  0.0000
   9.8099E-04   1.1210E-03   0.0000E+00  0.0000   0.0000E+00  0.0000   0.0000E+00  0.0000   0.0000E+00  0.0000   0.0000E+00  0.0000   0.0000E+00  0.0000
   1.1210E-03   1.2610E-03   0.0000E+00  0.0000   0.0000E+00  0.0000   0.0000E+00  0.0000   0.0000E+00  0.0000   0.0000E+00  0.0000   0.0000E+00  0.0000
   1.2610E-03   1.4010E-03   0.0000E+00  0.0000   0.0000E+00  0.0000   0.0000E+00  0.0000   0.0000E+00  0.0000   0.0000E+00  0.0000   0.0000E+00  0.0000
   1.4010E-03   1.5410E-03   0.0000E+00  0.0000   0.0000E+00  0.0000   0.0000E+00  0.0000   0.0000E+00  0.0000   0.0000E+00  0.0000   0.0000E+00  0.0000
   1.5410E-03   1.6810E-03   0.0000E+00  0.0000   0.0000E+00  0.0000   0.0000E+00  0.0000   0.0000E+00  0.0000   0.0000E+00  0.0000   0.0000E+00  0.0000
   1.6810E-03   1.8210E-03   0.0000E+00  0.0000   0.0000E+00  0.0000   0.0000E+00  0.0000   0.0000E+00  0.0000   0.0000E+00  0.0000   0.0000E+00  0.0000
   1.8210E-03   1.9610E-03   0.0000E+00  0.0000   0.0000E+00  0.0000   0.0000E+00  0.0000   0.0000E+00  0.0000   0.0000E+00  0.0000   0.0000E+00  0.0000
   1.9610E-03   2.1010E-03   0.0000E+00  0.0000   0.0000E+00  0.0000   0.0000E+00  0.0000   0.0000E+00  0.0000   0.0000E+00  0.0000   0.0000E+00  0.0000
   2.1010E-03   2.2410E-03   0.0000E+00  0.0000   0.0000E+00  0.0000   0.0000E+00  0.0000   0.0000E+00  0.0000   0.0000E+00  0.0000   0.0000E+00  0.0000
   2.2410E-03   2.3810E-03   0.0000E+00  0.0000   0.0000E+00  0.0000   0.0000E+00  0.0000   0.0000E+00  0.0000   0.0000E+00  0.0000   0.0000E+00  0.0000
   2.3810E-03   2.5210E-03   0.0000E+00  0.0000   0.0000E+00  0.0000   0.0000E+00  0.0000   0.0000E+00  0.0000   0.0000E+00  0.0000   0.0000E+00  0.0000
   2.5210E-03   2.6610E-03   0.0000E+00  0.0000   0.0000E+00  0.0000   0.0000E+00  0.0000   0.0000E+00  0.0000   0.0000E+00  0.0000   0.0000E+00  0.0000
   2.6610E-03   2.8010E-03   0.0000E+00  0.0000   0.0000E+00  0.0000   0.0000E+00  0.0000   0.0000E+00  0.0000   0.0000E+00  0.0000   0.0000E+00  0.0000
   2.8010E-03   2.9410E-03   0.0000E+00  0.0000   0.0000E+00  0.0000   0.0000E+00  0.0000   0.0000E+00  0.0000   0.0000E+00  0.0000   0.0000E+00  0.0000
   2.9410E-03   3.0810E-03   0.0000E+00  0.0000   0.0000E+00  0.0000   0.0000E+00  0.0000   0.0000E+00  0.0000   0.0000E+00  0.0000   0.0000E+00  0.0000
   3.0810E-03   3.2210E-03   0.0000E+00  0.0000   0.0000E+00  0.0000   0.0000E+00  0.0000   0.0000E+00  0.0000   0.0000E+00  0.0000   0.0000E+00  0.0000
   3.2210E-03   3.3610E-03   0.0000E+00  0.0000   0.0000E+00  0.0000   0.0000E+00  0.0000   0.0000E+00  0.0000   0.0000E+00  0.0000   0.0000E+00  0.0000
   3.3610E-03   3.5010E-03   0.0000E+00  0.0000   0.0000E+00  0.0000   0.0000E+00  0.0000   0.0000E+00  0.0000   0.0000E+00  0.0000   0.0000E+00  0.0000
   3.5010E-03   3.6410E-03   0.0000E+00  0.0000   0.0000E+00  0.0000   0.0000E+00  0.0000   0.0000E+00  0.0000   0.0000E+00  0.0000   0.0000E+00  0.0000
   3.6410E-03   3.7810E-03   0.0000E+00  0.0000   0.0000E+00  0.0000   0.0000E+00  0.0000   0.0000E+00  0.0000   0.0000E+00  0.0000   0.0000E+00  0.0000
   3.7810E-03   3.9210E-03   0.0000E+00  0.0000   0.0000E+00  0.0000   0.0000E+00  0.0000   0.0000E+00  0.0000   0.0000E+00  0.0000   0.0000E+00  0.0000
   3.9210E-03   4.0610E-03   0.0000E+00  0.0000   0.0000E+00  0.0000   0.0000E+00  0.0000   0.0000E+00  0.0000   0.0000E+00  0.0000   0.0000E+00  0.0000
   4.0610E-03   4.2010E-03   0.0000E+00  0.0000   0.0000E+00  0.0000   0.0000E+00  0.0000   0.0000E+00  0.0000   0.0000E+00  0.0000   0.0000E+00  0.0000
   4.2010E-03   4.3410E-03   0.0000E+00  0.0000   0.0000E+00  0.0000   0.0000E+00  0.0000   0.0000E+00  0.0000   0.0000E+00  0.0000   0.0000E+00  0.0000
   4.3410E-03   4.4810E-03   0.0000E+00  0.0000   0.0000E+00  0.0000   0.0000E+00  0.0000   0.0000E+00  0.0000   0.0000E+00  0.0000   0.0000E+00  0.0000
   4.4810E-03   4.6210E-03   0.0000E+00  0.0000   0.0000E+00  0.0000   0.0000E+00  0.0000   0.0000E+00  0.0000   0.0000E+00  0.0000   0.0000E+00  0.0000
   4.6210E-03   4.7610E-03   0.0000E+00  0.0000   0.0000E+00  0.0000   0.0000E+00  0.0000   0.0000E+00  0.0000   0.0000E+00  0.0000   0.0000E+00  0.0000
   4.7610E-03   4.9010E-03   0.0000E+00  0.0000   0.0000E+00  0.0000   0.0000E+00  0.0000   0.0000E+00  0.0000   0.0000E+00  0.0000   0.0000E+00  0.0000
   4.9010E-03   5.0410E-03   0.0000E+00  0.0000   0.0000E+00  0.0000   0.0000E+00  0.0000   0.0000E+00  0.0000   0.0000E+00  0.0000   0.0000E+00  0.0000
   5.0410E-03   5.1810E-03   0.0000E+00  0.0000   0.0000E+00  0.0000   0.0000E+00  0.0000   0.0000E+00  0.0000   0.0000E+00  0.0000   0.0000E+00  0.0000
   5.1810E-03   5.3210E-03   0.0000E+00  0.0000   0.0000E+00  0.0000   0.0000E+00  0.0000   0.0000E+00  0.0000   0.0000E+00  0.0000   0.0000E+00  0.0000
   5.3210E-03   5.4610E-03   0.0000E+00  0.0000   0.0000E+00  0.0000   0.0000E+00  0.0000   0.0000E+00  0.0000   0.0000E+00  0.0000   0.0000E+00  0.0000
   5.4610E-03   5.6010E-03   0.0000E+00  0.0000   0.0000E+00  0.0000   0.0000E+00  0.0000   0.0000E+00  0.0000   0.0000E+00  0.0000   0.0000E+00  0.0000
   5.6010E-03   5.7410E-03   0.0000E+00  0.0000   0.0000E+00  0.0000   0.0000E+00  0.0000   0.0000E+00  0.0000   0.0000E+00  0.0000   0.0000E+00  0.0000
   5.7410E-03   5.8810E-03   0.0000E+00  0.0000   0.0000E+00  0.0000   0.0000E+00  0.0000   0.0000E+00  0.0000   0.0000E+00  0.0000   0.0000E+00  0.0000
   5.8810E-03   6.0210E-03   0.0000E+00  0.0000   0.0000E+00  0.0000   0.0000E+00  0.0000   0.0000E+00  0.0000   0.0000E+00  0.0000   0.0000E+00  0.0000
   6.0210E-03   6.1610E-03   0.0000E+00  0.0000   0.0000E+00  0.0000   0.0000E+00  0.0000   0.0000E+00  0.0000   0.0000E+00  0.0000   0.0000E+00  0.0000
   6.1610E-03   6.3010E-03   0.0000E+00  0.0000   0.0000E+00  0.0000   0.0000E+00  0.0000   0.0000E+00  0.0000   0.0000E+00  0.0000   0.0000E+00  0.0000
   6.3010E-03   6.4410E-03   0.0000E+00  0.0000   0.0000E+00  0.0000   0.0000E+00  0.0000   0.0000E+00  0.0000   0.0000E+00  0.0000   0.0000E+00  0.0000
   6.4410E-03   6.5810E-03   0.0000E+00  0.0000   0.0000E+00  0.0000   0.0000E+00  0.0000   0.0000E+00  0.0000   0.0000E+00  0.0000   0.0000E+00  0.0000
   6.5810E-03   6.7210E-03   0.0000E+00  0.0000   0.0000E+00  0.0000   0.0000E+00  0.0000   0.0000E+00  0.0000   0.0000E+00  0.0000   0.0000E+00  0.0000
   6.7210E-03   6.8610E-03   0.0000E+00  0.0000   0.0000E+00  0.0000   0.0000E+00  0.0000   0.0000E+00  0.0000   0.0000E+00  0.0000   0.0000E+00  0.0000
   6.8610E-03   7.0009E-03   0.0000E+00  0.0000   0.0000E+00  0.0000   0.0000E+00  0.0000   0.0000E+00  0.0000   0.0000E+00  0.0000   0.0000E+00  0.0000
   7.0009E-03   7.1409E-03   0.0000E+00  0.0000   0.0000E+00  0.0000   0.0000E+00  0.0000   0.0000E+00  0.0000   0.0000E+00  0.0000   0.0000E+00  0.0000
   7.1409E-03   7.2809E-03   0.0000E+00  0.0000   0.0000E+00  0.0000   0.0000E+00  0.0000   0.0000E+00  0.0000   0.0000E+00  0.0000   0.0000E+00  0.0000
   7.2809E-03   7.4209E-03   0.0000E+00  0.0000   0.0000E+00  0.0000   0.0000E+00  0.0000   0.0000E+00  0.0000   0.0000E+00  0.0000   0.0000E+00  0.0000
   7.4209E-03   7.5609E-03   0.0000E+00  0.0000   0.0000E+00  0.0000   0.0000E+00  0.0000   0.0000E+00  0.0000   0.0000E+00  0.0000   0.0000E+00  0.0000
   7.5609E-03   7.7009E-03   0.0000E+00  0.0000   0.0000E+00  0.0000   0.0000E+00  0.0000   0.0000E+00  0.0000   0.0000E+00  0.0000   0.0000E+00  0.0000
   7.7009E-03   7.8409E-03   0.0000E+00  0.0000   0.0000E+00  0.0000   0.0000E+00  0.0000   0.0000E+00  0.0000   0.0000E+00  0.0000   0.0000E+00  0.0000
   7.8409E-03   7.9809E-03   0.0000E+00  0.0000   0.0000E+00  0.0000   0.0000E+00  0.0000   0.0000E+00  0.0000   0.0000E+00  0.0000   0.0000E+00  0.0000
   7.9809E-03   8.1209E-03   0.0000E+00  0.0000   0.0000E+00  0.0000   0.0000E+00  0.0000   0.0000E+00  0.0000   0.0000E+00  0.0000   0.0000E+00  0.0000
   8.1209E-03   8.2609E-03   0.0000E+00  0.0000   0.0000E+00  0.0000   0.0000E+00  0.0000   0.0000E+00  0.0000   0.0000E+00  0.0000   0.0000E+00  0.0000
   8.2609E-03   8.4009E-03   0.0000E+00  0.0000   0.0000E+00  0.0000   0.0000E+00  0.0000   0.0000E+00  0.0000   0.0000E+00  0.0000   0.0000E+00  0.0000
   8.4009E-03   8.5409E-03   0.0000E+00  0.0000   0.0000E+00  0.0000   0.0000E+00  0.0000   0.0000E+00  0.0000   0.0000E+00  0.0000   0.0000E+00  0.0000
   8.5409E-03   8.6809E-03   0.0000E+00  0.0000   0.0000E+00  0.0000   0.0000E+00  0.0000   0.0000E+00  0.0000   0.0000E+00  0.0000   0.0000E+00  0.0000
   8.6809E-03   8.8209E-03   0.0000E+00  0.0000   0.0000E+00  0.0000   0.0000E+00  0.0000   0.0000E+00  0.0000   0.0000E+00  0.0000   0.0000E+00  0.0000
   8.8209E-03   8.9609E-03   0.0000E+00  0.0000   0.0000E+00  0.0000   0.0000E+00  0.0000   0.0000E+00  0.0000   0.0000E+00  0.0000   0.0000E+00  0.0000
   8.9609E-03   9.1009E-03   0.0000E+00  0.0000   0.0000E+00  0.0000   0.0000E+00  0.0000   0.0000E+00  0.0000   0.0000E+00  0.0000   0.0000E+00  0.0000
   9.1009E-03   9.2409E-03   0.0000E+00  0.0000   0.0000E+00  0.0000   0.0000E+00  0.0000   0.0000E+00  0.0000   0.0000E+00  0.0000   0.0000E+00  0.0000
   9.2409E-03   9.3809E-03   0.0000E+00  0.0000   0.0000E+00  0.0000   0.0000E+00  0.0000   0.0000E+00  0.0000   0.0000E+00  0.0000   0.0000E+00  0.0000
   9.3809E-03   9.5209E-03   0.0000E+00  0.0000   0.0000E+00  0.0000   0.0000E+00  0.0000   0.0000E+00  0.0000   0.0000E+00  0.0000   0.0000E+00  0.0000
   9.5209E-03   9.6609E-03   0.0000E+00  0.0000   0.0000E+00  0.0000   0.0000E+00  0.0000   0.0000E+00  0.0000   0.0000E+00  0.0000   0.0000E+00  0.0000
   9.6609E-03   9.8009E-03   0.0000E+00  0.0000   0.0000E+00  0.0000   0.0000E+00  0.0000   0.0000E+00  0.0000   0.0000E+00  0.0000   0.0000E+00  0.0000
   9.8009E-03   9.9409E-03   0.0000E+00  0.0000   0.0000E+00  0.0000   0.0000E+00  0.0000   0.0000E+00  0.0000   0.0000E+00  0.0000   0.0000E+00  0.0000
   9.9409E-03   1.0081E-02   0.0000E+00  0.0000   0.0000E+00  0.0000   0.0000E+00  0.0000   0.0000E+00  0.0000   0.0000E+00  0.0000   0.0000E+00  0.0000
   1.0081E-02   1.0221E-02   0.0000E+00  0.0000   0.0000E+00  0.0000   0.0000E+00  0.0000   0.0000E+00  0.0000   0.0000E+00  0.0000   0.0000E+00  0.0000
   1.0221E-02   1.0361E-02   0.0000E+00  0.0000   0.0000E+00  0.0000   0.0000E+00  0.0000   0.0000E+00  0.0000   0.0000E+00  0.0000   0.0000E+00  0.0000
   1.0361E-02   1.0501E-02   0.0000E+00  0.0000   0.0000E+00  0.0000   0.0000E+00  0.0000   0.0000E+00  0.0000   0.0000E+00  0.0000   0.0000E+00  0.0000
   1.0501E-02   1.0641E-02   0.0000E+00  0.0000   0.0000E+00  0.0000   0.0000E+00  0.0000   0.0000E+00  0.0000   0.0000E+00  0.0000   0.0000E+00  0.0000
   1.0641E-02   1.0781E-02   0.0000E+00  0.0000   0.0000E+00  0.0000   0.0000E+00  0.0000   0.0000E+00  0.0000   0.0000E+00  0.0000   0.0000E+00  0.0000
   1.0781E-02   1.0921E-02   0.0000E+00  0.0000   0.0000E+00  0.0000   0.0000E+00  0.0000   0.0000E+00  0.0000   0.0000E+00  0.0000   0.0000E+00  0.0000
   1.0921E-02   1.1061E-02   0.0000E+00  0.0000   0.0000E+00  0.0000   0.0000E+00  0.0000   0.0000E+00  0.0000   0.0000E+00  0.0000   0.0000E+00  0.0000
   1.1061E-02   1.1201E-02   0.0000E+00  0.0000   0.0000E+00  0.0000   0.0000E+00  0.0000   0.0000E+00  0.0000   0.0000E+00  0.0000   0.0000E+00  0.0000
   1.1201E-02   1.1341E-02   0.0000E+00  0.0000   0.0000E+00  0.0000   0.0000E+00  0.0000   0.0000E+00  0.0000   0.0000E+00  0.0000   0.0000E+00  0.0000
   1.1341E-02   1.1481E-02   0.0000E+00  0.0000   0.0000E+00  0.0000   0.0000E+00  0.0000   0.0000E+00  0.0000   0.0000E+00  0.0000   0.0000E+00  0.0000
   1.1481E-02   1.1621E-02   0.0000E+00  0.0000   0.0000E+00  0.0000   0.0000E+00  0.0000   0.0000E+00  0.0000   0.0000E+00  0.0000   0.0000E+00  0.0000
   1.1621E-02   1.1761E-02   0.0000E+00  0.0000   0.0000E+00  0.0000   0.0000E+00  0.0000   0.0000E+00  0.0000   0.0000E+00  0.0000   0.0000E+00  0.0000
   1.1761E-02   1.1901E-02   0.0000E+00  0.0000   0.0000E+00  0.0000   0.0000E+00  0.0000   0.0000E+00  0.0000   0.0000E+00  0.0000   0.0000E+00  0.0000
   1.1901E-02   1.2041E-02   0.0000E+00  0.0000   0.0000E+00  0.0000   0.0000E+00  0.0000   0.0000E+00  0.0000   0.0000E+00  0.0000   0.0000E+00  0.0000
   1.2041E-02   1.2181E-02   0.0000E+00  0.0000   0.0000E+00  0.0000   0.0000E+00  0.0000   0.0000E+00  0.0000   0.0000E+00  0.0000   0.0000E+00  0.0000
   1.2181E-02   1.2321E-02   0.0000E+00  0.0000   0.0000E+00  0.0000   0.0000E+00  0.0000   0.0000E+00  0.0000   0.0000E+00  0.0000   0.0000E+00  0.0000
   1.2321E-02   1.2461E-02   0.0000E+00  0.0000   0.0000E+00  0.0000   0.0000E+00  0.0000   0.0000E+00  0.0000   0.0000E+00  0.0000   0.0000E+00  0.0000
   1.2461E-02   1.2601E-02   0.0000E+00  0.0000   0.0000E+00  0.0000   0.0000E+00  0.0000   0.0000E+00  0.0000   0.0000E+00  0.0000   0.0000E+00  0.0000
   1.2601E-02   1.2741E-02   0.0000E+00  0.0000   0.0000E+00  0.0000   0.0000E+00  0.0000   0.0000E+00  0.0000   0.0000E+00  0.0000   0.0000E+00  0.0000
   1.2741E-02   1.2881E-02   0.0000E+00  0.0000   0.0000E+00  0.0000   0.0000E+00  0.0000   0.0000E+00  0.0000   0.0000E+00  0.0000   0.0000E+00  0.0000
   1.2881E-02   1.3021E-02   0.0000E+00  0.0000   0.0000E+00  0.0000   0.0000E+00  0.0000   0.0000E+00  0.0000   0.0000E+00  0.0000   0.0000E+00  0.0000
   1.3021E-02   1.3161E-02   0.0000E+00  0.0000   0.0000E+00  0.0000   0.0000E+00  0.0000   0.0000E+00  0.0000   0.0000E+00  0.0000   0.0000E+00  0.0000
   1.3161E-02   1.3301E-02   0.0000E+00  0.0000   0.0000E+00  0.0000   0.0000E+00  0.0000   0.0000E+00  0.0000   0.0000E+00  0.0000   0.0000E+00  0.0000
   1.3301E-02   1.3441E-02   0.0000E+00  0.0000   0.0000E+00  0.0000   0.0000E+00  0.0000   0.0000E+00  0.0000   0.0000E+00  0.0000   0.0000E+00  0.0000
   1.3441E-02   1.3581E-02   0.0000E+00  0.0000   0.0000E+00  0.0000   0.0000E+00  0.0000   0.0000E+00  0.0000   0.0000E+00  0.0000   0.0000E+00  0.0000
   1.3581E-02   1.3721E-02   0.0000E+00  0.0000   0.0000E+00  0.0000   0.0000E+00  0.0000   0.0000E+00  0.0000   0.0000E+00  0.0000   0.0000E+00  0.0000
   1.3721E-02   1.3861E-02   0.0000E+00  0.0000   0.0000E+00  0.0000   0.0000E+00  0.0000   0.0000E+00  0.0000   0.0000E+00  0.0000   0.0000E+00  0.0000
   1.3861E-02   1.4001E-02   0.0000E+00  0.0000   0.0000E+00  0.0000   0.0000E+00  0.0000   0.0000E+00  0.0000   0.0000E+00  0.0000   0.0000E+00  0.0000
   1.4001E-02   1.4141E-02   0.0000E+00  0.0000   0.0000E+00  0.0000   0.0000E+00  0.0000   0.0000E+00  0.0000   0.0000E+00  0.0000   0.0000E+00  0.0000
   1.4141E-02   1.4281E-02   0.0000E+00  0.0000   0.0000E+00  0.0000   0.0000E+00  0.0000   0.0000E+00  0.0000   0.0000E+00  0.0000   0.0000E+00  0.0000
   1.4281E-02   1.4421E-02   0.0000E+00  0.0000   0.0000E+00  0.0000   0.0000E+00  0.0000   0.0000E+00  0.0000   0.0000E+00  0.0000   0.0000E+00  0.0000
   1.4421E-02   1.4561E-02   0.0000E+00  0.0000   0.0000E+00  0.0000   0.0000E+00  0.0000   0.0000E+00  0.0000   0.0000E+00  0.0000   0.0000E+00  0.0000
   1.4561E-02   1.4701E-02   0.0000E+00  0.0000   0.0000E+00  0.0000   0.0000E+00  0.0000   0.0000E+00  0.0000   0.0000E+00  0.0000   0.0000E+00  0.0000
   1.4701E-02   1.4841E-02   0.0000E+00  0.0000   0.0000E+00  0.0000   0.0000E+00  0.0000   0.0000E+00  0.0000   0.0000E+00  0.0000   0.0000E+00  0.0000
   1.4841E-02   1.4981E-02   0.0000E+00  0.0000   0.0000E+00  0.0000   0.0000E+00  0.0000   0.0000E+00  0.0000   0.0000E+00  0.0000   0.0000E+00  0.0000
   1.4981E-02   1.5121E-02   0.0000E+00  0.0000   0.0000E+00  0.0000   0.0000E+00  0.0000   0.0000E+00  0.0000   0.0000E+00  0.0000   0.0000E+00  0.0000
   1.5121E-02   1.5261E-02   0.0000E+00  0.0000   0.0000E+00  0.0000   0.0000E+00  0.0000   0.0000E+00  0.0000   0.0000E+00  0.0000   0.0000E+00  0.0000
   1.5261E-02   1.5401E-02   0.0000E+00  0.0000   0.0000E+00  0.0000   0.0000E+00  0.0000   0.0000E+00  0.0000   0.0000E+00  0.0000   0.0000E+00  0.0000
   1.5401E-02   1.5541E-02   0.0000E+00  0.0000   0.0000E+00  0.0000   0.0000E+00  0.0000   0.0000E+00  0.0000   0.0000E+00  0.0000   0.0000E+00  0.0000
   1.5541E-02   1.5681E-02   0.0000E+00  0.0000   0.0000E+00  0.0000   0.0000E+00  0.0000   0.0000E+00  0.0000   0.0000E+00  0.0000   0.0000E+00  0.0000
   1.5681E-02   1.5821E-02   0.0000E+00  0.0000   0.0000E+00  0.0000   0.0000E+00  0.0000   0.0000E+00  0.0000   0.0000E+00  0.0000   0.0000E+00  0.0000
   1.5821E-02   1.5961E-02   0.0000E+00  0.0000   0.0000E+00  0.0000   0.0000E+00  0.0000   0.0000E+00  0.0000   0.0000E+00  0.0000   0.0000E+00  0.0000
   1.5961E-02   1.6101E-02   0.0000E+00  0.0000   0.0000E+00  0.0000   0.0000E+00  0.0000   0.0000E+00  0.0000   0.0000E+00  0.0000   0.0000E+00  0.0000
   1.6101E-02   1.6241E-02   0.0000E+00  0.0000   0.0000E+00  0.0000   0.0000E+00  0.0000   0.0000E+00  0.0000   0.0000E+00  0.0000   0.0000E+00  0.0000
   1.6241E-02   1.6381E-02   0.0000E+00  0.0000   0.0000E+00  0.0000   0.0000E+00  0.0000   0.0000E+00  0.0000   0.0000E+00  0.0000   0.0000E+00  0.0000
   1.6381E-02   1.6521E-02   0.0000E+00  0.0000   0.0000E+00  0.0000   0.0000E+00  0.0000   0.0000E+00  0.0000   0.0000E+00  0.0000   0.0000E+00  0.0000
   1.6521E-02   1.6661E-02   0.0000E+00  0.0000   0.0000E+00  0.0000   0.0000E+00  0.0000   0.0000E+00  0.0000   0.0000E+00  0.0000   0.0000E+00  0.0000
   1.6661E-02   1.6801E-02   0.0000E+00  0.0000   0.0000E+00  0.0000   0.0000E+00  0.0000   0.0000E+00  0.0000   0.0000E+00  0.0000   0.0000E+00  0.0000
   1.6801E-02   1.6941E-02   0.0000E+00  0.0000   0.0000E+00  0.0000   0.0000E+00  0.0000   0.0000E+00  0.0000   0.0000E+00  0.0000   0.0000E+00  0.0000
   1.6941E-02   1.7081E-02   0.0000E+00  0.0000   0.0000E+00  0.0000   0.0000E+00  0.0000   0.0000E+00  0.0000   0.0000E+00  0.0000   0.0000E+00  0.0000
   1.7081E-02   1.7221E-02   0.0000E+00  0.0000   0.0000E+00  0.0000   0.0000E+00  0.0000   0.0000E+00  0.0000   0.0000E+00  0.0000   0.0000E+00  0.0000
   1.7221E-02   1.7361E-02   0.0000E+00  0.0000   0.0000E+00  0.0000   0.0000E+00  0.0000   0.0000E+00  0.0000   0.0000E+00  0.0000   0.0000E+00  0.0000
   1.7361E-02   1.7501E-02   0.0000E+00  0.0000   0.0000E+00  0.0000   0.0000E+00  0.0000   0.0000E+00  0.0000   0.0000E+00  0.0000   0.0000E+00  0.0000
   1.7501E-02   1.7641E-02   0.0000E+00  0.0000   0.0000E+00  0.0000   0.0000E+00  0.0000   0.0000E+00  0.0000   0.0000E+00  0.0000   0.0000E+00  0.0000
   1.7641E-02   1.7781E-02   0.0000E+00  0.0000   0.0000E+00  0.0000   0.0000E+00  0.0000   0.0000E+00  0.0000   0.0000E+00  0.0000   0.0000E+00  0.0000
   1.7781E-02   1.7921E-02   0.0000E+00  0.0000   0.0000E+00  0.0000   0.0000E+00  0.0000   0.0000E+00  0.0000   0.0000E+00  0.0000   0.0000E+00  0.0000
   1.7921E-02   1.8061E-02   0.0000E+00  0.0000   0.0000E+00  0.0000   0.0000E+00  0.0000   0.0000E+00  0.0000   0.0000E+00  0.0000   0.0000E+00  0.0000
   1.8061E-02   1.8201E-02   0.0000E+00  0.0000   0.0000E+00  0.0000   0.0000E+00  0.0000   0.0000E+00  0.0000   0.0000E+00  0.0000   0.0000E+00  0.0000
   1.8201E-02   1.8341E-02   0.0000E+00  0.0000   0.0000E+00  0.0000   0.0000E+00  0.0000   0.0000E+00  0.0000   0.0000E+00  0.0000   0.0000E+00  0.0000
   1.8341E-02   1.8481E-02   0.0000E+00  0.0000   0.0000E+00  0.0000   0.0000E+00  0.0000   0.0000E+00  0.0000   0.0000E+00  0.0000   0.0000E+00  0.0000
   1.8481E-02   1.8621E-02   0.0000E+00  0.0000   0.0000E+00  0.0000   0.0000E+00  0.0000   0.0000E+00  0.0000   0.0000E+00  0.0000   0.0000E+00  0.0000
   1.8621E-02   1.8761E-02   0.0000E+00  0.0000   0.0000E+00  0.0000   0.0000E+00  0.0000   0.0000E+00  0.0000   0.0000E+00  0.0000   0.0000E+00  0.0000
   1.8761E-02   1.8901E-02   0.0000E+00  0.0000   0.0000E+00  0.0000   0.0000E+00  0.0000   0.0000E+00  0.0000   0.0000E+00  0.0000   0.0000E+00  0.0000
   1.8901E-02   1.9041E-02   0.0000E+00  0.0000   0.0000E+00  0.0000   0.0000E+00  0.0000   0.0000E+00  0.0000   0.0000E+00  0.0000   0.0000E+00  0.0000
   1.9041E-02   1.9181E-02   0.0000E+00  0.0000   0.0000E+00  0.0000   0.0000E+00  0.0000   0.0000E+00  0.0000   0.0000E+00  0.0000   0.0000E+00  0.0000
   1.9181E-02   1.9321E-02   0.0000E+00  0.0000   0.0000E+00  0.0000   0.0000E+00  0.0000   0.0000E+00  0.0000   0.0000E+00  0.0000   0.0000E+00  0.0000
   1.9321E-02   1.9461E-02   0.0000E+00  0.0000   0.0000E+00  0.0000   0.0000E+00  0.0000   0.0000E+00  0.0000   0.0000E+00  0.0000   0.0000E+00  0.0000
   1.9461E-02   1.9601E-02   0.0000E+00  0.0000   0.0000E+00  0.0000   0.0000E+00  0.0000   0.0000E+00  0.0000   0.0000E+00  0.0000   0.0000E+00  0.0000
   1.9601E-02   1.9741E-02   0.0000E+00  0.0000   0.0000E+00  0.0000   0.0000E+00  0.0000   0.0000E+00  0.0000   0.0000E+00  0.0000   0.0000E+00  0.0000
   1.9741E-02   1.9881E-02   0.0000E+00  0.0000   0.0000E+00  0.0000   0.0000E+00  0.0000   0.0000E+00  0.0000   0.0000E+00  0.0000   0.0000E+00  0.0000
   1.9881E-02   2.0021E-02   0.0000E+00  0.0000   0.0000E+00  0.0000   0.0000E+00  0.0000   0.0000E+00  0.0000   0.0000E+00  0.0000   0.0000E+00  0.0000
   2.0021E-02   2.0161E-02   0.0000E+00  0.0000   0.0000E+00  0.0000   0.0000E+00  0.0000   0.0000E+00  0.0000   0.0000E+00  0.0000   0.0000E+00  0.0000
   2.0161E-02   2.0301E-02   0.0000E+00  0.0000   0.0000E+00  0.0000   0.0000E+00  0.0000   0.0000E+00  0.0000   0.0000E+00  0.0000   0.0000E+00  0.0000
   2.0301E-02   2.0441E-02   0.0000E+00  0.0000   0.0000E+00  0.0000   0.0000E+00  0.0000   0.0000E+00  0.0000   0.0000E+00  0.0000   0.0000E+00  0.0000
   2.0441E-02   2.0581E-02   0.0000E+00  0.0000   0.0000E+00  0.0000   0.0000E+00  0.0000   0.0000E+00  0.0000   0.0000E+00  0.0000   0.0000E+00  0.0000
   2.0581E-02   2.0721E-02   0.0000E+00  0.0000   0.0000E+00  0.0000   0.0000E+00  0.0000   0.0000E+00  0.0000   0.0000E+00  0.0000   0.0000E+00  0.0000
   2.0721E-02   2.0861E-02   0.0000E+00  0.0000   0.0000E+00  0.0000   0.0000E+00  0.0000   0.0000E+00  0.0000   0.0000E+00  0.0000   0.0000E+00  0.0000
   2.0861E-02   2.1001E-02   0.0000E+00  0.0000   0.0000E+00  0.0000   0.0000E+00  0.0000   0.0000E+00  0.0000   0.0000E+00  0.0000   0.0000E+00  0.0000
   2.1001E-02   2.1141E-02   0.0000E+00  0.0000   0.0000E+00  0.0000   0.0000E+00  0.0000   0.0000E+00  0.0000   0.0000E+00  0.0000   0.0000E+00  0.0000
   2.1141E-02   2.1281E-02   0.0000E+00  0.0000   0.0000E+00  0.0000   0.0000E+00  0.0000   0.0000E+00  0.0000   0.0000E+00  0.0000   0.0000E+00  0.0000
   2.1281E-02   2.1421E-02   0.0000E+00  0.0000   0.0000E+00  0.0000   0.0000E+00  0.0000   0.0000E+00  0.0000   0.0000E+00  0.0000   0.0000E+00  0.0000
   2.1421E-02   2.1561E-02   0.0000E+00  0.0000   0.0000E+00  0.0000   0.0000E+00  0.0000   0.0000E+00  0.0000   0.0000E+00  0.0000   0.0000E+00  0.0000
   2.1561E-02   2.1701E-02   0.0000E+00  0.0000   0.0000E+00  0.0000   0.0000E+00  0.0000   0.0000E+00  0.0000   0.0000E+00  0.0000   0.0000E+00  0.0000
   2.1701E-02   2.1841E-02   0.0000E+00  0.0000   0.0000E+00  0.0000   0.0000E+00  0.0000   0.0000E+00  0.0000   0.0000E+00  0.0000   0.0000E+00  0.0000
   2.1841E-02   2.1981E-02   0.0000E+00  0.0000   0.0000E+00  0.0000   0.0000E+00  0.0000   0.0000E+00  0.0000   0.0000E+00  0.0000   0.0000E+00  0.0000
   2.1981E-02   2.2121E-02   0.0000E+00  0.0000   0.0000E+00  0.0000   0.0000E+00  0.0000   0.0000E+00  0.0000   0.0000E+00  0.0000   0.0000E+00  0.0000
   2.2121E-02   2.2261E-02   0.0000E+00  0.0000   0.0000E+00  0.0000   0.0000E+00  0.0000   0.0000E+00  0.0000   0.0000E+00  0.0000   0.0000E+00  0.0000
   2.2261E-02   2.2401E-02   0.0000E+00  0.0000   0.0000E+00  0.0000   0.0000E+00  0.0000   0.0000E+00  0.0000   0.0000E+00  0.0000   0.0000E+00  0.0000
   2.2401E-02   2.2541E-02   0.0000E+00  0.0000   0.0000E+00  0.0000   0.0000E+00  0.0000   0.0000E+00  0.0000   0.0000E+00  0.0000   0.0000E+00  0.0000
   2.2541E-02   2.2681E-02   0.0000E+00  0.0000   0.0000E+00  0.0000   0.0000E+00  0.0000   0.0000E+00  0.0000   0.0000E+00  0.0000   0.0000E+00  0.0000
   2.2681E-02   2.2821E-02   0.0000E+00  0.0000   0.0000E+00  0.0000   0.0000E+00  0.0000   0.0000E+00  0.0000   0.0000E+00  0.0000   0.0000E+00  0.0000
   2.2821E-02   2.2961E-02   0.0000E+00  0.0000   0.0000E+00  0.0000   0.0000E+00  0.0000   0.0000E+00  0.0000   0.0000E+00  0.0000   0.0000E+00  0.0000
   2.2961E-02   2.3101E-02   0.0000E+00  0.0000   0.0000E+00  0.0000   0.0000E+00  0.0000   0.0000E+00  0.0000   0.0000E+00  0.0000   0.0000E+00  0.0000
   2.3101E-02   2.3241E-02   0.0000E+00  0.0000   0.0000E+00  0.0000   0.0000E+00  0.0000   0.0000E+00  0.0000   0.0000E+00  0.0000   0.0000E+00  0.0000
   2.3241E-02   2.3381E-02   0.0000E+00  0.0000   0.0000E+00  0.0000   0.0000E+00  0.0000   0.0000E+00  0.0000   0.0000E+00  0.0000   0.0000E+00  0.0000
   2.3381E-02   2.3521E-02   0.0000E+00  0.0000   0.0000E+00  0.0000   0.0000E+00  0.0000   0.0000E+00  0.0000   0.0000E+00  0.0000   0.0000E+00  0.0000
   2.3521E-02   2.3661E-02   0.0000E+00  0.0000   0.0000E+00  0.0000   0.0000E+00  0.0000   0.0000E+00  0.0000   0.0000E+00  0.0000   0.0000E+00  0.0000
   2.3661E-02   2.3801E-02   0.0000E+00  0.0000   0.0000E+00  0.0000   0.0000E+00  0.0000   0.0000E+00  0.0000   0.0000E+00  0.0000   0.0000E+00  0.0000
   2.3801E-02   2.3941E-02   0.0000E+00  0.0000   0.0000E+00  0.0000   0.0000E+00  0.0000   0.0000E+00  0.0000   0.0000E+00  0.0000   0.0000E+00  0.0000
   2.3941E-02   2.4081E-02   0.0000E+00  0.0000   0.0000E+00  0.0000   0.0000E+00  0.0000   0.0000E+00  0.0000   0.0000E+00  0.0000   0.0000E+00  0.0000
   2.4081E-02   2.4221E-02   0.0000E+00  0.0000   0.0000E+00  0.0000   0.0000E+00  0.0000   0.0000E+00  0.0000   0.0000E+00  0.0000   0.0000E+00  0.0000
   2.4221E-02   2.4361E-02   0.0000E+00  0.0000   0.0000E+00  0.0000   0.0000E+00  0.0000   0.0000E+00  0.0000   0.0000E+00  0.0000   0.0000E+00  0.0000
   2.4361E-02   2.4501E-02   0.0000E+00  0.0000   0.0000E+00  0.0000   0.0000E+00  0.0000   0.0000E+00  0.0000   0.0000E+00  0.0000   0.0000E+00  0.0000
   2.4501E-02   2.4641E-02   0.0000E+00  0.0000   0.0000E+00  0.0000   0.0000E+00  0.0000   0.0000E+00  0.0000   0.0000E+00  0.0000   0.0000E+00  0.0000
   2.4641E-02   2.4781E-02   0.0000E+00  0.0000   0.0000E+00  0.0000   0.0000E+00  0.0000   0.0000E+00  0.0000   0.0000E+00  0.0000   0.0000E+00  0.0000
   2.4781E-02   2.4921E-02   0.0000E+00  0.0000   0.0000E+00  0.0000   0.0000E+00  0.0000   0.0000E+00  0.0000   0.0000E+00  0.0000   0.0000E+00  0.0000
   2.4921E-02   2.5061E-02   0.0000E+00  0.0000   0.0000E+00  0.0000   0.0000E+00  0.0000   0.0000E+00  0.0000   0.0000E+00  0.0000   0.0000E+00  0.0000
   2.5061E-02   2.5201E-02   0.0000E+00  0.0000   0.0000E+00  0.0000   0.0000E+00  0.0000   0.0000E+00  0.0000   0.0000E+00  0.0000   0.0000E+00  0.0000
   2.5201E-02   2.5341E-02   0.0000E+00  0.0000   0.0000E+00  0.0000   0.0000E+00  0.0000   0.0000E+00  0.0000   0.0000E+00  0.0000   0.0000E+00  0.0000
   2.5341E-02   2.5481E-02   0.0000E+00  0.0000   0.0000E+00  0.0000   0.0000E+00  0.0000   0.0000E+00  0.0000   0.0000E+00  0.0000   0.0000E+00  0.0000
   2.5481E-02   2.5621E-02   0.0000E+00  0.0000   0.0000E+00  0.0000   0.0000E+00  0.0000   0.0000E+00  0.0000   0.0000E+00  0.0000   0.0000E+00  0.0000
   2.5621E-02   2.5761E-02   0.0000E+00  0.0000   0.0000E+00  0.0000   0.0000E+00  0.0000   0.0000E+00  0.0000   0.0000E+00  0.0000   0.0000E+00  0.0000
   2.5761E-02   2.5901E-02   0.0000E+00  0.0000   0.0000E+00  0.0000   0.0000E+00  0.0000   0.0000E+00  0.0000   0.0000E+00  0.0000   0.0000E+00  0.0000
   2.5901E-02   2.6041E-02   0.0000E+00  0.0000   0.0000E+00  0.0000   0.0000E+00  0.0000   0.0000E+00  0.0000   0.0000E+00  0.0000   0.0000E+00  0.0000
   2.6041E-02   2.6181E-02   0.0000E+00  0.0000   0.0000E+00  0.0000   0.0000E+00  0.0000   0.0000E+00  0.0000   0.0000E+00  0.0000   0.0000E+00  0.0000
   2.6181E-02   2.6321E-02   0.0000E+00  0.0000   0.0000E+00  0.0000   0.0000E+00  0.0000   0.0000E+00  0.0000   0.0000E+00  0.0000   0.0000E+00  0.0000
   2.6321E-02   2.6461E-02   0.0000E+00  0.0000   0.0000E+00  0.0000   0.0000E+00  0.0000   0.0000E+00  0.0000   0.0000E+00  0.0000   0.0000E+00  0.0000
   2.6461E-02   2.6601E-02   0.0000E+00  0.0000   0.0000E+00  0.0000   0.0000E+00  0.0000   0.0000E+00  0.0000   0.0000E+00  0.0000   0.0000E+00  0.0000
   2.6601E-02   2.6741E-02   0.0000E+00  0.0000   0.0000E+00  0.0000   0.0000E+00  0.0000   0.0000E+00  0.0000   0.0000E+00  0.0000   0.0000E+00  0.0000
   2.6741E-02   2.6881E-02   0.0000E+00  0.0000   0.0000E+00  0.0000   0.0000E+00  0.0000   0.0000E+00  0.0000   0.0000E+00  0.0000   0.0000E+00  0.0000
   2.6881E-02   2.7021E-02   0.0000E+00  0.0000   0.0000E+00  0.0000   0.0000E+00  0.0000   0.0000E+00  0.0000   0.0000E+00  0.0000   0.0000E+00  0.0000
   2.7021E-02   2.7161E-02   0.0000E+00  0.0000   0.0000E+00  0.0000   0.0000E+00  0.0000   0.0000E+00  0.0000   0.0000E+00  0.0000   0.0000E+00  0.0000
   2.7161E-02   2.7301E-02   0.0000E+00  0.0000   0.0000E+00  0.0000   0.0000E+00  0.0000   0.0000E+00  0.0000   0.0000E+00  0.0000   0.0000E+00  0.0000
   2.7301E-02   2.7441E-02   0.0000E+00  0.0000   0.0000E+00  0.0000   0.0000E+00  0.0000   0.0000E+00  0.0000   0.0000E+00  0.0000   0.0000E+00  0.0000
   2.7441E-02   2.7581E-02   0.0000E+00  0.0000   0.0000E+00  0.0000   0.0000E+00  0.0000   0.0000E+00  0.0000   0.0000E+00  0.0000   0.0000E+00  0.0000
   2.7581E-02   2.7721E-02   0.0000E+00  0.0000   0.0000E+00  0.0000   0.0000E+00  0.0000   0.0000E+00  0.0000   0.0000E+00  0.0000   0.0000E+00  0.0000
   2.7721E-02   2.7861E-02   0.0000E+00  0.0000   0.0000E+00  0.0000   0.0000E+00  0.0000   0.0000E+00  0.0000   0.0000E+00  0.0000   0.0000E+00  0.0000
   2.7861E-02   2.8001E-02   0.0000E+00  0.0000   0.0000E+00  0.0000   0.0000E+00  0.0000   0.0000E+00  0.0000   0.0000E+00  0.0000   0.0000E+00  0.0000
   2.8001E-02   2.8141E-02   0.0000E+00  0.0000   0.0000E+00  0.0000   0.0000E+00  0.0000   0.0000E+00  0.0000   0.0000E+00  0.0000   0.0000E+00  0.0000
   2.8141E-02   2.8281E-02   0.0000E+00  0.0000   0.0000E+00  0.0000   0.0000E+00  0.0000   0.0000E+00  0.0000   0.0000E+00  0.0000   0.0000E+00  0.0000
   2.8281E-02   2.8421E-02   0.0000E+00  0.0000   0.0000E+00  0.0000   0.0000E+00  0.0000   0.0000E+00  0.0000   0.0000E+00  0.0000   0.0000E+00  0.0000
   2.8421E-02   2.8561E-02   0.0000E+00  0.0000   0.0000E+00  0.0000   0.0000E+00  0.0000   0.0000E+00  0.0000   0.0000E+00  0.0000   0.0000E+00  0.0000
   2.8561E-02   2.8701E-02   0.0000E+00  0.0000   0.0000E+00  0.0000   0.0000E+00  0.0000   0.0000E+00  0.0000   0.0000E+00  0.0000   0.0000E+00  0.0000
   2.8701E-02   2.8841E-02   0.0000E+00  0.0000   0.0000E+00  0.0000   0.0000E+00  0.0000   0.0000E+00  0.0000   0.0000E+00  0.0000   0.0000E+00  0.0000
   2.8841E-02   2.8981E-02   0.0000E+00  0.0000   0.0000E+00  0.0000   0.0000E+00  0.0000   0.0000E+00  0.0000   0.0000E+00  0.0000   0.0000E+00  0.0000
   2.8981E-02   2.9121E-02   0.0000E+00  0.0000   0.0000E+00  0.0000   0.0000E+00  0.0000   0.0000E+00  0.0000   0.0000E+00  0.0000   0.0000E+00  0.0000
   2.9121E-02   2.9261E-02   0.0000E+00  0.0000   0.0000E+00  0.0000   0.0000E+00  0.0000   0.0000E+00  0.0000   0.0000E+00  0.0000   0.0000E+00  0.0000
   2.9261E-02   2.9401E-02   0.0000E+00  0.0000   0.0000E+00  0.0000   0.0000E+00  0.0000   0.0000E+00  0.0000   0.0000E+00  0.0000   0.0000E+00  0.0000
   2.9401E-02   2.9541E-02   0.0000E+00  0.0000   0.0000E+00  0.0000   0.0000E+00  0.0000   0.0000E+00  0.0000   0.0000E+00  0.0000   0.0000E+00  0.0000
   2.9541E-02   2.9681E-02   0.0000E+00  0.0000   0.0000E+00  0.0000   0.0000E+00  0.0000   0.0000E+00  0.0000   0.0000E+00  0.0000   0.0000E+00  0.0000
   2.9681E-02   2.9821E-02   0.0000E+00  0.0000   0.0000E+00  0.0000   0.0000E+00  0.0000   0.0000E+00  0.0000   0.0000E+00  0.0000   0.0000E+00  0.0000
   2.9821E-02   2.9961E-02   0.0000E+00  0.0000   0.0000E+00  0.0000   0.0000E+00  0.0000   0.0000E+00  0.0000   0.0000E+00  0.0000   0.0000E+00  0.0000
   2.9961E-02   3.0101E-02   0.0000E+00  0.0000   0.0000E+00  0.0000   0.0000E+00  0.0000   0.0000E+00  0.0000   0.0000E+00  0.0000   0.0000E+00  0.0000
   3.0101E-02   3.0241E-02   0.0000E+00  0.0000   0.0000E+00  0.0000   0.0000E+00  0.0000   0.0000E+00  0.0000   0.0000E+00  0.0000   0.0000E+00  0.0000
   3.0241E-02   3.0381E-02   0.0000E+00  0.0000   0.0000E+00  0.0000   0.0000E+00  0.0000   0.0000E+00  0.0000   0.0000E+00  0.0000   0.0000E+00  0.0000
   3.0381E-02   3.0521E-02   0.0000E+00  0.0000   0.0000E+00  0.0000   0.0000E+00  0.0000   0.0000E+00  0.0000   0.0000E+00  0.0000   0.0000E+00  0.0000
   3.0521E-02   3.0661E-02   0.0000E+00  0.0000   0.0000E+00  0.0000   0.0000E+00  0.0000   0.0000E+00  0.0000   0.0000E+00  0.0000   0.0000E+00  0.0000
   3.0661E-02   3.0801E-02   0.0000E+00  0.0000   0.0000E+00  0.0000   0.0000E+00  0.0000   0.0000E+00  0.0000   0.0000E+00  0.0000   0.0000E+00  0.0000
   3.0801E-02   3.0941E-02   0.0000E+00  0.0000   0.0000E+00  0.0000   0.0000E+00  0.0000   0.0000E+00  0.0000   0.0000E+00  0.0000   0.0000E+00  0.0000
   3.0941E-02   3.1081E-02   0.0000E+00  0.0000   0.0000E+00  0.0000   0.0000E+00  0.0000   0.0000E+00  0.0000   0.0000E+00  0.0000   0.0000E+00  0.0000
   3.1081E-02   3.1221E-02   0.0000E+00  0.0000   0.0000E+00  0.0000   0.0000E+00  0.0000   0.0000E+00  0.0000   0.0000E+00  0.0000   0.0000E+00  0.0000
   3.1221E-02   3.1361E-02   0.0000E+00  0.0000   0.0000E+00  0.0000   0.0000E+00  0.0000   0.0000E+00  0.0000   0.0000E+00  0.0000   0.0000E+00  0.0000
   3.1361E-02   3.1501E-02   0.0000E+00  0.0000   0.0000E+00  0.0000   0.0000E+00  0.0000   0.0000E+00  0.0000   0.0000E+00  0.0000   0.0000E+00  0.0000
   3.1501E-02   3.1641E-02   0.0000E+00  0.0000   0.0000E+00  0.0000   0.0000E+00  0.0000   0.0000E+00  0.0000   0.0000E+00  0.0000   0.0000E+00  0.0000
   3.1641E-02   3.1781E-02   0.0000E+00  0.0000   0.0000E+00  0.0000   0.0000E+00  0.0000   0.0000E+00  0.0000   0.0000E+00  0.0000   0.0000E+00  0.0000
   3.1781E-02   3.1921E-02   0.0000E+00  0.0000   0.0000E+00  0.0000   0.0000E+00  0.0000   0.0000E+00  0.0000   0.0000E+00  0.0000   0.0000E+00  0.0000
   3.1921E-02   3.2061E-02   0.0000E+00  0.0000   0.0000E+00  0.0000   0.0000E+00  0.0000   0.0000E+00  0.0000   0.0000E+00  0.0000   0.0000E+00  0.0000
   3.2061E-02   3.2201E-02   0.0000E+00  0.0000   0.0000E+00  0.0000   0.0000E+00  0.0000   0.0000E+00  0.0000   0.0000E+00  0.0000   0.0000E+00  0.0000
   3.2201E-02   3.2341E-02   0.0000E+00  0.0000   0.0000E+00  0.0000   0.0000E+00  0.0000   0.0000E+00  0.0000   0.0000E+00  0.0000   0.0000E+00  0.0000
   3.2341E-02   3.2481E-02   0.0000E+00  0.0000   0.0000E+00  0.0000   0.0000E+00  0.0000   0.0000E+00  0.0000   0.0000E+00  0.0000   0.0000E+00  0.0000
   3.2481E-02   3.2621E-02   0.0000E+00  0.0000   0.0000E+00  0.0000   0.0000E+00  0.0000   0.0000E+00  0.0000   0.0000E+00  0.0000   0.0000E+00  0.0000
   3.2621E-02   3.2761E-02   0.0000E+00  0.0000   0.0000E+00  0.0000   0.0000E+00  0.0000   0.0000E+00  0.0000   0.0000E+00  0.0000   0.0000E+00  0.0000
   3.2761E-02   3.2901E-02   0.0000E+00  0.0000   0.0000E+00  0.0000   0.0000E+00  0.0000   0.0000E+00  0.0000   0.0000E+00  0.0000   0.0000E+00  0.0000
   3.2901E-02   3.3041E-02   0.0000E+00  0.0000   0.0000E+00  0.0000   0.0000E+00  0.0000   0.0000E+00  0.0000   0.0000E+00  0.0000   0.0000E+00  0.0000
   3.3041E-02   3.3181E-02   0.0000E+00  0.0000   0.0000E+00  0.0000   0.0000E+00  0.0000   0.0000E+00  0.0000   0.0000E+00  0.0000   0.0000E+00  0.0000
   3.3181E-02   3.3321E-02   0.0000E+00  0.0000   0.0000E+00  0.0000   0.0000E+00  0.0000   0.0000E+00  0.0000   0.0000E+00  0.0000   0.0000E+00  0.0000
   3.3321E-02   3.3461E-02   0.0000E+00  0.0000   0.0000E+00  0.0000   0.0000E+00  0.0000   0.0000E+00  0.0000   0.0000E+00  0.0000   0.0000E+00  0.0000
   3.3461E-02   3.3601E-02   0.0000E+00  0.0000   0.0000E+00  0.0000   0.0000E+00  0.0000   0.0000E+00  0.0000   0.0000E+00  0.0000   0.0000E+00  0.0000
   3.3601E-02   3.3741E-02   0.0000E+00  0.0000   0.0000E+00  0.0000   0.0000E+00  0.0000   0.0000E+00  0.0000   0.0000E+00  0.0000   0.0000E+00  0.0000
   3.3741E-02   3.3881E-02   0.0000E+00  0.0000   0.0000E+00  0.0000   0.0000E+00  0.0000   0.0000E+00  0.0000   0.0000E+00  0.0000   0.0000E+00  0.0000
   3.3881E-02   3.4021E-02   0.0000E+00  0.0000   0.0000E+00  0.0000   0.0000E+00  0.0000   0.0000E+00  0.0000   0.0000E+00  0.0000   0.0000E+00  0.0000
   3.4021E-02   3.4161E-02   0.0000E+00  0.0000   0.0000E+00  0.0000   0.0000E+00  0.0000   0.0000E+00  0.0000   0.0000E+00  0.0000   0.0000E+00  0.0000
   3.4161E-02   3.4301E-02   0.0000E+00  0.0000   0.0000E+00  0.0000   0.0000E+00  0.0000   0.0000E+00  0.0000   0.0000E+00  0.0000   0.0000E+00  0.0000
   3.4301E-02   3.4441E-02   0.0000E+00  0.0000   0.0000E+00  0.0000   0.0000E+00  0.0000   0.0000E+00  0.0000   0.0000E+00  0.0000   0.0000E+00  0.0000
   3.4441E-02   3.4581E-02   0.0000E+00  0.0000   0.0000E+00  0.0000   0.0000E+00  0.0000   0.0000E+00  0.0000   0.0000E+00  0.0000   0.0000E+00  0.0000
   3.4581E-02   3.4721E-02   0.0000E+00  0.0000   0.0000E+00  0.0000   0.0000E+00  0.0000   0.0000E+00  0.0000   0.0000E+00  0.0000   0.0000E+00  0.0000
   3.4721E-02   3.4861E-02   0.0000E+00  0.0000   0.0000E+00  0.0000   0.0000E+00  0.0000   0.0000E+00  0.0000   0.0000E+00  0.0000   0.0000E+00  0.0000
   3.4861E-02   3.5001E-02   0.0000E+00  0.0000   0.0000E+00  0.0000   0.0000E+00  0.0000   0.0000E+00  0.0000   0.0000E+00  0.0000   0.0000E+00  0.0000
   3.5001E-02   3.5141E-02   0.0000E+00  0.0000   0.0000E+00  0.0000   0.0000E+00  0.0000   0.0000E+00  0.0000   0.0000E+00  0.0000   0.0000E+00  0.0000
   3.5141E-02   3.5281E-02   0.0000E+00  0.0000   0.0000E+00  0.0000   0.0000E+00  0.0000   0.0000E+00  0.0000   0.0000E+00  0.0000   0.0000E+00  0.0000
   3.5281E-02   3.5421E-02   0.0000E+00  0.0000   0.0000E+00  0.0000   0.0000E+00  0.0000   0.0000E+00  0.0000   0.0000E+00  0.0000   0.0000E+00  0.0000
   3.5421E-02   3.5561E-02   0.0000E+00  0.0000   0.0000E+00  0.0000   0.0000E+00  0.0000   0.0000E+00  0.0000   0.0000E+00  0.0000   0.0000E+00  0.0000
   3.5561E-02   3.5701E-02   0.0000E+00  0.0000   0.0000E+00  0.0000   0.0000E+00  0.0000   0.0000E+00  0.0000   0.0000E+00  0.0000   0.0000E+00  0.0000
   3.5701E-02   3.5841E-02   0.0000E+00  0.0000   0.0000E+00  0.0000   0.0000E+00  0.0000   0.0000E+00  0.0000   0.0000E+00  0.0000   0.0000E+00  0.0000
   3.5841E-02   3.5981E-02   0.0000E+00  0.0000   0.0000E+00  0.0000   0.0000E+00  0.0000   0.0000E+00  0.0000   0.0000E+00  0.0000   0.0000E+00  0.0000
   3.5981E-02   3.6121E-02   0.0000E+00  0.0000   0.0000E+00  0.0000   0.0000E+00  0.0000   0.0000E+00  0.0000   0.0000E+00  0.0000   0.0000E+00  0.0000
   3.6121E-02   3.6261E-02   0.0000E+00  0.0000   0.0000E+00  0.0000   0.0000E+00  0.0000   0.0000E+00  0.0000   0.0000E+00  0.0000   0.0000E+00  0.0000
   3.6261E-02   3.6401E-02   0.0000E+00  0.0000   0.0000E+00  0.0000   0.0000E+00  0.0000   0.0000E+00  0.0000   0.0000E+00  0.0000   0.0000E+00  0.0000
   3.6401E-02   3.6541E-02   0.0000E+00  0.0000   0.0000E+00  0.0000   0.0000E+00  0.0000   0.0000E+00  0.0000   0.0000E+00  0.0000   0.0000E+00  0.0000
   3.6541E-02   3.6681E-02   0.0000E+00  0.0000   0.0000E+00  0.0000   0.0000E+00  0.0000   0.0000E+00  0.0000   0.0000E+00  0.0000   0.0000E+00  0.0000
   3.6681E-02   3.6821E-02   0.0000E+00  0.0000   0.0000E+00  0.0000   0.0000E+00  0.0000   0.0000E+00  0.0000   0.0000E+00  0.0000   0.0000E+00  0.0000
   3.6821E-02   3.6961E-02   0.0000E+00  0.0000   0.0000E+00  0.0000   0.0000E+00  0.0000   0.0000E+00  0.0000   0.0000E+00  0.0000   0.0000E+00  0.0000
   3.6961E-02   3.7101E-02   0.0000E+00  0.0000   0.0000E+00  0.0000   0.0000E+00  0.0000   0.0000E+00  0.0000   0.0000E+00  0.0000   0.0000E+00  0.0000
   3.7101E-02   3.7241E-02   0.0000E+00  0.0000   0.0000E+00  0.0000   0.0000E+00  0.0000   0.0000E+00  0.0000   0.0000E+00  0.0000   0.0000E+00  0.0000
   3.7241E-02   3.7381E-02   0.0000E+00  0.0000   0.0000E+00  0.0000   0.0000E+00  0.0000   0.0000E+00  0.0000   0.0000E+00  0.0000   0.0000E+00  0.0000
   3.7381E-02   3.7521E-02   0.0000E+00  0.0000   0.0000E+00  0.0000   0.0000E+00  0.0000   0.0000E+00  0.0000   0.0000E+00  0.0000   0.0000E+00  0.0000
   3.7521E-02   3.7661E-02   0.0000E+00  0.0000   0.0000E+00  0.0000   0.0000E+00  0.0000   0.0000E+00  0.0000   0.0000E+00  0.0000   0.0000E+00  0.0000
   3.7661E-02   3.7801E-02   0.0000E+00  0.0000   0.0000E+00  0.0000   0.0000E+00  0.0000   0.0000E+00  0.0000   0.0000E+00  0.0000   0.0000E+00  0.0000
   3.7801E-02   3.7941E-02   0.0000E+00  0.0000   0.0000E+00  0.0000   0.0000E+00  0.0000   0.0000E+00  0.0000   0.0000E+00  0.0000   0.0000E+00  0.0000
   3.7941E-02   3.8081E-02   0.0000E+00  0.0000   0.0000E+00  0.0000   0.0000E+00  0.0000   0.0000E+00  0.0000   0.0000E+00  0.0000   0.0000E+00  0.0000
   3.8081E-02   3.8221E-02   0.0000E+00  0.0000   0.0000E+00  0.0000   0.0000E+00  0.0000   0.0000E+00  0.0000   0.0000E+00  0.0000   0.0000E+00  0.0000
   3.8221E-02   3.8361E-02   0.0000E+00  0.0000   0.0000E+00  0.0000   0.0000E+00  0.0000   0.0000E+00  0.0000   0.0000E+00  0.0000   0.0000E+00  0.0000
   3.8361E-02   3.8501E-02   0.0000E+00  0.0000   0.0000E+00  0.0000   0.0000E+00  0.0000   0.0000E+00  0.0000   0.0000E+00  0.0000   0.0000E+00  0.0000
   3.8501E-02   3.8641E-02   0.0000E+00  0.0000   0.0000E+00  0.0000   0.0000E+00  0.0000   0.0000E+00  0.0000   0.0000E+00  0.0000   0.0000E+00  0.0000
   3.8641E-02   3.8781E-02   0.0000E+00  0.0000   0.0000E+00  0.0000   0.0000E+00  0.0000   0.0000E+00  0.0000   0.0000E+00  0.0000   0.0000E+00  0.0000
   3.8781E-02   3.8921E-02   0.0000E+00  0.0000   0.0000E+00  0.0000   0.0000E+00  0.0000   0.0000E+00  0.0000   0.0000E+00  0.0000   0.0000E+00  0.0000
   3.8921E-02   3.9061E-02   0.0000E+00  0.0000   0.0000E+00  0.0000   0.0000E+00  0.0000   0.0000E+00  0.0000   0.0000E+00  0.0000   0.0000E+00  0.0000
   3.9061E-02   3.9201E-02   0.0000E+00  0.0000   0.0000E+00  0.0000   0.0000E+00  0.0000   0.0000E+00  0.0000   0.0000E+00  0.0000   0.0000E+00  0.0000
   3.9201E-02   3.9341E-02   0.0000E+00  0.0000   0.0000E+00  0.0000   0.0000E+00  0.0000   0.0000E+00  0.0000   0.0000E+00  0.0000   0.0000E+00  0.0000
   3.9341E-02   3.9481E-02   0.0000E+00  0.0000   0.0000E+00  0.0000   0.0000E+00  0.0000   0.0000E+00  0.0000   0.0000E+00  0.0000   0.0000E+00  0.0000
   3.9481E-02   3.9621E-02   0.0000E+00  0.0000   0.0000E+00  0.0000   0.0000E+00  0.0000   0.0000E+00  0.0000   0.0000E+00  0.0000   0.0000E+00  0.0000
   3.9621E-02   3.9761E-02   0.0000E+00  0.0000   0.0000E+00  0.0000   0.0000E+00  0.0000   0.0000E+00  0.0000   0.0000E+00  0.0000   0.0000E+00  0.0000
   3.9761E-02   3.9901E-02   0.0000E+00  0.0000   0.0000E+00  0.0000   0.0000E+00  0.0000   0.0000E+00  0.0000   0.0000E+00  0.0000   0.0000E+00  0.0000
   3.9901E-02   4.0041E-02   0.0000E+00  0.0000   0.0000E+00  0.0000   0.0000E+00  0.0000   0.0000E+00  0.0000   0.0000E+00  0.0000   0.0000E+00  0.0000
   4.0041E-02   4.0181E-02   0.0000E+00  0.0000   0.0000E+00  0.0000   0.0000E+00  0.0000   0.0000E+00  0.0000   0.0000E+00  0.0000   0.0000E+00  0.0000
   4.0181E-02   4.0321E-02   0.0000E+00  0.0000   0.0000E+00  0.0000   0.0000E+00  0.0000   0.0000E+00  0.0000   0.0000E+00  0.0000   0.0000E+00  0.0000
   4.0321E-02   4.0461E-02   0.0000E+00  0.0000   0.0000E+00  0.0000   0.0000E+00  0.0000   0.0000E+00  0.0000   0.0000E+00  0.0000   0.0000E+00  0.0000
   4.0461E-02   4.0601E-02   0.0000E+00  0.0000   0.0000E+00  0.0000   0.0000E+00  0.0000   0.0000E+00  0.0000   0.0000E+00  0.0000   0.0000E+00  0.0000
   4.0601E-02   4.0741E-02   0.0000E+00  0.0000   0.0000E+00  0.0000   0.0000E+00  0.0000   0.0000E+00  0.0000   0.0000E+00  0.0000   0.0000E+00  0.0000
   4.0741E-02   4.0881E-02   0.0000E+00  0.0000   0.0000E+00  0.0000   0.0000E+00  0.0000   0.0000E+00  0.0000   0.0000E+00  0.0000   0.0000E+00  0.0000
   4.0881E-02   4.1021E-02   0.0000E+00  0.0000   0.0000E+00  0.0000   0.0000E+00  0.0000   0.0000E+00  0.0000   0.0000E+00  0.0000   0.0000E+00  0.0000
   4.1021E-02   4.1161E-02   0.0000E+00  0.0000   0.0000E+00  0.0000   0.0000E+00  0.0000   0.0000E+00  0.0000   0.0000E+00  0.0000   0.0000E+00  0.0000
   4.1161E-02   4.1301E-02   0.0000E+00  0.0000   0.0000E+00  0.0000   0.0000E+00  0.0000   0.0000E+00  0.0000   0.0000E+00  0.0000   0.0000E+00  0.0000
   4.1301E-02   4.1441E-02   0.0000E+00  0.0000   0.0000E+00  0.0000   0.0000E+00  0.0000   0.0000E+00  0.0000   0.0000E+00  0.0000   0.0000E+00  0.0000
   4.1441E-02   4.1581E-02   0.0000E+00  0.0000   0.0000E+00  0.0000   0.0000E+00  0.0000   0.0000E+00  0.0000   0.0000E+00  0.0000   0.0000E+00  0.0000
   4.1581E-02   4.1721E-02   0.0000E+00  0.0000   0.0000E+00  0.0000   0.0000E+00  0.0000   0.0000E+00  0.0000   0.0000E+00  0.0000   0.0000E+00  0.0000
   4.1721E-02   4.1861E-02   0.0000E+00  0.0000   0.0000E+00  0.0000   0.0000E+00  0.0000   0.0000E+00  0.0000   0.0000E+00  0.0000   0.0000E+00  0.0000
   4.1861E-02   4.2001E-02   0.0000E+00  0.0000   0.0000E+00  0.0000   0.0000E+00  0.0000   0.0000E+00  0.0000   0.0000E+00  0.0000   0.0000E+00  0.0000
   4.2001E-02   4.2141E-02   0.0000E+00  0.0000   0.0000E+00  0.0000   0.0000E+00  0.0000   0.0000E+00  0.0000   0.0000E+00  0.0000   0.0000E+00  0.0000
   4.2141E-02   4.2281E-02   0.0000E+00  0.0000   0.0000E+00  0.0000   0.0000E+00  0.0000   0.0000E+00  0.0000   0.0000E+00  0.0000   0.0000E+00  0.0000
   4.2281E-02   4.2421E-02   0.0000E+00  0.0000   0.0000E+00  0.0000   0.0000E+00  0.0000   0.0000E+00  0.0000   0.0000E+00  0.0000   0.0000E+00  0.0000
   4.2421E-02   4.2561E-02   0.0000E+00  0.0000   0.0000E+00  0.0000   0.0000E+00  0.0000   0.0000E+00  0.0000   0.0000E+00  0.0000   0.0000E+00  0.0000
   4.2561E-02   4.2701E-02   0.0000E+00  0.0000   0.0000E+00  0.0000   0.0000E+00  0.0000   0.0000E+00  0.0000   0.0000E+00  0.0000   0.0000E+00  0.0000
   4.2701E-02   4.2841E-02   0.0000E+00  0.0000   0.0000E+00  0.0000   0.0000E+00  0.0000   0.0000E+00  0.0000   0.0000E+00  0.0000   0.0000E+00  0.0000
   4.2841E-02   4.2981E-02   0.0000E+00  0.0000   0.0000E+00  0.0000   0.0000E+00  0.0000   0.0000E+00  0.0000   0.0000E+00  0.0000   0.0000E+00  0.0000
   4.2981E-02   4.3121E-02   0.0000E+00  0.0000   0.0000E+00  0.0000   0.0000E+00  0.0000   0.0000E+00  0.0000   0.0000E+00  0.0000   0.0000E+00  0.0000
   4.3121E-02   4.3261E-02   0.0000E+00  0.0000   0.0000E+00  0.0000   0.0000E+00  0.0000   0.0000E+00  0.0000   0.0000E+00  0.0000   0.0000E+00  0.0000
   4.3261E-02   4.3401E-02   0.0000E+00  0.0000   0.0000E+00  0.0000   0.0000E+00  0.0000   0.0000E+00  0.0000   0.0000E+00  0.0000   0.0000E+00  0.0000
   4.3401E-02   4.3541E-02   0.0000E+00  0.0000   0.0000E+00  0.0000   0.0000E+00  0.0000   0.0000E+00  0.0000   0.0000E+00  0.0000   0.0000E+00  0.0000
   4.3541E-02   4.3681E-02   0.0000E+00  0.0000   0.0000E+00  0.0000   0.0000E+00  0.0000   0.0000E+00  0.0000   0.0000E+00  0.0000   0.0000E+00  0.0000
   4.3681E-02   4.3821E-02   0.0000E+00  0.0000   0.0000E+00  0.0000   0.0000E+00  0.0000   0.0000E+00  0.0000   0.0000E+00  0.0000   0.0000E+00  0.0000
   4.3821E-02   4.3961E-02   0.0000E+00  0.0000   0.0000E+00  0.0000   0.0000E+00  0.0000   0.0000E+00  0.0000   0.0000E+00  0.0000   0.0000E+00  0.0000
   4.3961E-02   4.4101E-02   0.0000E+00  0.0000   0.0000E+00  0.0000   0.0000E+00  0.0000   0.0000E+00  0.0000   0.0000E+00  0.0000   0.0000E+00  0.0000
   4.4101E-02   4.4241E-02   0.0000E+00  0.0000   0.0000E+00  0.0000   0.0000E+00  0.0000   0.0000E+00  0.0000   0.0000E+00  0.0000   0.0000E+00  0.0000
   4.4241E-02   4.4381E-02   0.0000E+00  0.0000   0.0000E+00  0.0000   0.0000E+00  0.0000   0.0000E+00  0.0000   0.0000E+00  0.0000   0.0000E+00  0.0000
   4.4381E-02   4.4521E-02   0.0000E+00  0.0000   0.0000E+00  0.0000   0.0000E+00  0.0000   0.0000E+00  0.0000   0.0000E+00  0.0000   0.0000E+00  0.0000
   4.4521E-02   4.4661E-02   0.0000E+00  0.0000   0.0000E+00  0.0000   0.0000E+00  0.0000   0.0000E+00  0.0000   0.0000E+00  0.0000   0.0000E+00  0.0000
   4.4661E-02   4.4801E-02   0.0000E+00  0.0000   0.0000E+00  0.0000   0.0000E+00  0.0000   0.0000E+00  0.0000   0.0000E+00  0.0000   0.0000E+00  0.0000
   4.4801E-02   4.4941E-02   0.0000E+00  0.0000   0.0000E+00  0.0000   0.0000E+00  0.0000   0.0000E+00  0.0000   0.0000E+00  0.0000   0.0000E+00  0.0000
   4.4941E-02   4.5081E-02   0.0000E+00  0.0000   0.0000E+00  0.0000   0.0000E+00  0.0000   0.0000E+00  0.0000   0.0000E+00  0.0000   0.0000E+00  0.0000
   4.5081E-02   4.5221E-02   0.0000E+00  0.0000   0.0000E+00  0.0000   0.0000E+00  0.0000   0.0000E+00  0.0000   0.0000E+00  0.0000   0.0000E+00  0.0000
   4.5221E-02   4.5361E-02   0.0000E+00  0.0000   0.0000E+00  0.0000   0.0000E+00  0.0000   0.0000E+00  0.0000   0.0000E+00  0.0000   0.0000E+00  0.0000
   4.5361E-02   4.5501E-02   0.0000E+00  0.0000   0.0000E+00  0.0000   0.0000E+00  0.0000   0.0000E+00  0.0000   0.0000E+00  0.0000   0.0000E+00  0.0000
   4.5501E-02   4.5641E-02   0.0000E+00  0.0000   0.0000E+00  0.0000   0.0000E+00  0.0000   0.0000E+00  0.0000   0.0000E+00  0.0000   0.0000E+00  0.0000
   4.5641E-02   4.5781E-02   0.0000E+00  0.0000   0.0000E+00  0.0000   0.0000E+00  0.0000   0.0000E+00  0.0000   0.0000E+00  0.0000   0.0000E+00  0.0000
   4.5781E-02   4.5921E-02   0.0000E+00  0.0000   0.0000E+00  0.0000   0.0000E+00  0.0000   0.0000E+00  0.0000   0.0000E+00  0.0000   0.0000E+00  0.0000
   4.5921E-02   4.6061E-02   0.0000E+00  0.0000   0.0000E+00  0.0000   0.0000E+00  0.0000   0.0000E+00  0.0000   0.0000E+00  0.0000   0.0000E+00  0.0000
   4.6061E-02   4.6201E-02   0.0000E+00  0.0000   0.0000E+00  0.0000   0.0000E+00  0.0000   0.0000E+00  0.0000   0.0000E+00  0.0000   0.0000E+00  0.0000
   4.6201E-02   4.6341E-02   0.0000E+00  0.0000   0.0000E+00  0.0000   0.0000E+00  0.0000   0.0000E+00  0.0000   0.0000E+00  0.0000   0.0000E+00  0.0000
   4.6341E-02   4.6481E-02   0.0000E+00  0.0000   0.0000E+00  0.0000   0.0000E+00  0.0000   0.0000E+00  0.0000   0.0000E+00  0.0000   0.0000E+00  0.0000
   4.6481E-02   4.6621E-02   0.0000E+00  0.0000   0.0000E+00  0.0000   0.0000E+00  0.0000   0.0000E+00  0.0000   0.0000E+00  0.0000   0.0000E+00  0.0000
   4.6621E-02   4.6761E-02   0.0000E+00  0.0000   0.0000E+00  0.0000   0.0000E+00  0.0000   0.0000E+00  0.0000   0.0000E+00  0.0000   0.0000E+00  0.0000
   4.6761E-02   4.6901E-02   0.0000E+00  0.0000   0.0000E+00  0.0000   0.0000E+00  0.0000   0.0000E+00  0.0000   0.0000E+00  0.0000   0.0000E+00  0.0000
   4.6901E-02   4.7041E-02   0.0000E+00  0.0000   0.0000E+00  0.0000   0.0000E+00  0.0000   0.0000E+00  0.0000   0.0000E+00  0.0000   0.0000E+00  0.0000
   4.7041E-02   4.7181E-02   0.0000E+00  0.0000   0.0000E+00  0.0000   0.0000E+00  0.0000   0.0000E+00  0.0000   0.0000E+00  0.0000   0.0000E+00  0.0000
   4.7181E-02   4.7321E-02   0.0000E+00  0.0000   0.0000E+00  0.0000   0.0000E+00  0.0000   0.0000E+00  0.0000   0.0000E+00  0.0000   0.0000E+00  0.0000
   4.7321E-02   4.7461E-02   0.0000E+00  0.0000   0.0000E+00  0.0000   0.0000E+00  0.0000   0.0000E+00  0.0000   0.0000E+00  0.0000   0.0000E+00  0.0000
   4.7461E-02   4.7601E-02   0.0000E+00  0.0000   0.0000E+00  0.0000   0.0000E+00  0.0000   0.0000E+00  0.0000   0.0000E+00  0.0000   0.0000E+00  0.0000
   4.7601E-02   4.7741E-02   0.0000E+00  0.0000   0.0000E+00  0.0000   0.0000E+00  0.0000   0.0000E+00  0.0000   0.0000E+00  0.0000   0.0000E+00  0.0000
   4.7741E-02   4.7881E-02   0.0000E+00  0.0000   0.0000E+00  0.0000   0.0000E+00  0.0000   0.0000E+00  0.0000   0.0000E+00  0.0000   0.0000E+00  0.0000
   4.7881E-02   4.8021E-02   0.0000E+00  0.0000   0.0000E+00  0.0000   0.0000E+00  0.0000   0.0000E+00  0.0000   0.0000E+00  0.0000   0.0000E+00  0.0000
   4.8021E-02   4.8161E-02   0.0000E+00  0.0000   0.0000E+00  0.0000   0.0000E+00  0.0000   0.0000E+00  0.0000   0.0000E+00  0.0000   0.0000E+00  0.0000
   4.8161E-02   4.8301E-02   0.0000E+00  0.0000   0.0000E+00  0.0000   0.0000E+00  0.0000   0.0000E+00  0.0000   0.0000E+00  0.0000   0.0000E+00  0.0000
   4.8301E-02   4.8441E-02   0.0000E+00  0.0000   0.0000E+00  0.0000   0.0000E+00  0.0000   0.0000E+00  0.0000   0.0000E+00  0.0000   0.0000E+00  0.0000
   4.8441E-02   4.8581E-02   0.0000E+00  0.0000   0.0000E+00  0.0000   0.0000E+00  0.0000   0.0000E+00  0.0000   0.0000E+00  0.0000   0.0000E+00  0.0000
   4.8581E-02   4.8721E-02   0.0000E+00  0.0000   0.0000E+00  0.0000   0.0000E+00  0.0000   0.0000E+00  0.0000   0.0000E+00  0.0000   0.0000E+00  0.0000
   4.8721E-02   4.8861E-02   0.0000E+00  0.0000   0.0000E+00  0.0000   0.0000E+00  0.0000   0.0000E+00  0.0000   0.0000E+00  0.0000   0.0000E+00  0.0000
   4.8861E-02   4.9001E-02   0.0000E+00  0.0000   0.0000E+00  0.0000   0.0000E+00  0.0000   0.0000E+00  0.0000   0.0000E+00  0.0000   0.0000E+00  0.0000
   4.9001E-02   4.9141E-02   0.0000E+00  0.0000   0.0000E+00  0.0000   0.0000E+00  0.0000   0.0000E+00  0.0000   0.0000E+00  0.0000   0.0000E+00  0.0000
   4.9141E-02   4.9281E-02   0.0000E+00  0.0000   0.0000E+00  0.0000   0.0000E+00  0.0000   0.0000E+00  0.0000   0.0000E+00  0.0000   0.0000E+00  0.0000
   4.9281E-02   4.9421E-02   0.0000E+00  0.0000   0.0000E+00  0.0000   0.0000E+00  0.0000   0.0000E+00  0.0000   0.0000E+00  0.0000   0.0000E+00  0.0000
   4.9421E-02   4.9561E-02   0.0000E+00  0.0000   0.0000E+00  0.0000   0.0000E+00  0.0000   0.0000E+00  0.0000   0.0000E+00  0.0000   0.0000E+00  0.0000
   4.9561E-02   4.9701E-02   0.0000E+00  0.0000   0.0000E+00  0.0000   0.0000E+00  0.0000   0.0000E+00  0.0000   0.0000E+00  0.0000   0.0000E+00  0.0000
   4.9701E-02   4.9841E-02   0.0000E+00  0.0000   0.0000E+00  0.0000   0.0000E+00  0.0000   0.0000E+00  0.0000   0.0000E+00  0.0000   0.0000E+00  0.0000
   4.9841E-02   4.9981E-02   0.0000E+00  0.0000   0.0000E+00  0.0000   0.0000E+00  0.0000   0.0000E+00  0.0000   0.0000E+00  0.0000   0.0000E+00  0.0000
   4.9981E-02   5.0121E-02   0.0000E+00  0.0000   0.0000E+00  0.0000   0.0000E+00  0.0000   0.0000E+00  0.0000   0.0000E+00  0.0000   0.0000E+00  0.0000
   5.0121E-02   5.0261E-02   0.0000E+00  0.0000   0.0000E+00  0.0000   0.0000E+00  0.0000   0.0000E+00  0.0000   0.0000E+00  0.0000   0.0000E+00  0.0000
   5.0261E-02   5.0401E-02   0.0000E+00  0.0000   0.0000E+00  0.0000   0.0000E+00  0.0000   0.0000E+00  0.0000   0.0000E+00  0.0000   0.0000E+00  0.0000
   5.0401E-02   5.0541E-02   0.0000E+00  0.0000   0.0000E+00  0.0000   0.0000E+00  0.0000   0.0000E+00  0.0000   0.0000E+00  0.0000   0.0000E+00  0.0000
   5.0541E-02   5.0681E-02   0.0000E+00  0.0000   0.0000E+00  0.0000   0.0000E+00  0.0000   0.0000E+00  0.0000   0.0000E+00  0.0000   0.0000E+00  0.0000
   5.0681E-02   5.0821E-02   0.0000E+00  0.0000   0.0000E+00  0.0000   0.0000E+00  0.0000   0.0000E+00  0.0000   0.0000E+00  0.0000   0.0000E+00  0.0000
   5.0821E-02   5.0961E-02   0.0000E+00  0.0000   0.0000E+00  0.0000   0.0000E+00  0.0000   0.0000E+00  0.0000   0.0000E+00  0.0000   0.0000E+00  0.0000
   5.0961E-02   5.1101E-02   0.0000E+00  0.0000   0.0000E+00  0.0000   0.0000E+00  0.0000   0.0000E+00  0.0000   0.0000E+00  0.0000   0.0000E+00  0.0000
   5.1101E-02   5.1241E-02   0.0000E+00  0.0000   0.0000E+00  0.0000   0.0000E+00  0.0000   0.0000E+00  0.0000   0.0000E+00  0.0000   0.0000E+00  0.0000
   5.1241E-02   5.1381E-02   0.0000E+00  0.0000   0.0000E+00  0.0000   0.0000E+00  0.0000   0.0000E+00  0.0000   0.0000E+00  0.0000   0.0000E+00  0.0000
   5.1381E-02   5.1521E-02   0.0000E+00  0.0000   0.0000E+00  0.0000   0.0000E+00  0.0000   0.0000E+00  0.0000   0.0000E+00  0.0000   0.0000E+00  0.0000
   5.1521E-02   5.1661E-02   0.0000E+00  0.0000   0.0000E+00  0.0000   0.0000E+00  0.0000   0.0000E+00  0.0000   0.0000E+00  0.0000   0.0000E+00  0.0000
   5.1661E-02   5.1801E-02   0.0000E+00  0.0000   0.0000E+00  0.0000   0.0000E+00  0.0000   0.0000E+00  0.0000   0.0000E+00  0.0000   0.0000E+00  0.0000
   5.1801E-02   5.1941E-02   0.0000E+00  0.0000   0.0000E+00  0.0000   0.0000E+00  0.0000   0.0000E+00  0.0000   0.0000E+00  0.0000   0.0000E+00  0.0000
   5.1941E-02   5.2081E-02   0.0000E+00  0.0000   0.0000E+00  0.0000   0.0000E+00  0.0000   0.0000E+00  0.0000   0.0000E+00  0.0000   0.0000E+00  0.0000
   5.2081E-02   5.2221E-02   0.0000E+00  0.0000   0.0000E+00  0.0000   0.0000E+00  0.0000   0.0000E+00  0.0000   0.0000E+00  0.0000   0.0000E+00  0.0000
   5.2221E-02   5.2361E-02   0.0000E+00  0.0000   0.0000E+00  0.0000   0.0000E+00  0.0000   0.0000E+00  0.0000   0.0000E+00  0.0000   0.0000E+00  0.0000
   5.2361E-02   5.2501E-02   0.0000E+00  0.0000   0.0000E+00  0.0000   0.0000E+00  0.0000   0.0000E+00  0.0000   0.0000E+00  0.0000   0.0000E+00  0.0000
   5.2501E-02   5.2641E-02   0.0000E+00  0.0000   0.0000E+00  0.0000   0.0000E+00  0.0000   0.0000E+00  0.0000   0.0000E+00  0.0000   0.0000E+00  0.0000
   5.2641E-02   5.2781E-02   0.0000E+00  0.0000   0.0000E+00  0.0000   0.0000E+00  0.0000   0.0000E+00  0.0000   0.0000E+00  0.0000   0.0000E+00  0.0000
   5.2781E-02   5.2921E-02   0.0000E+00  0.0000   0.0000E+00  0.0000   0.0000E+00  0.0000   0.0000E+00  0.0000   0.0000E+00  0.0000   0.0000E+00  0.0000
   5.2921E-02   5.3061E-02   0.0000E+00  0.0000   0.0000E+00  0.0000   0.0000E+00  0.0000   0.0000E+00  0.0000   0.0000E+00  0.0000   0.0000E+00  0.0000
   5.3061E-02   5.3201E-02   0.0000E+00  0.0000   0.0000E+00  0.0000   0.0000E+00  0.0000   0.0000E+00  0.0000   0.0000E+00  0.0000   0.0000E+00  0.0000
   5.3201E-02   5.3341E-02   0.0000E+00  0.0000   0.0000E+00  0.0000   0.0000E+00  0.0000   0.0000E+00  0.0000   0.0000E+00  0.0000   0.0000E+00  0.0000
   5.3341E-02   5.3481E-02   0.0000E+00  0.0000   0.0000E+00  0.0000   0.0000E+00  0.0000   0.0000E+00  0.0000   0.0000E+00  0.0000   0.0000E+00  0.0000
   5.3481E-02   5.3621E-02   0.0000E+00  0.0000   0.0000E+00  0.0000   0.0000E+00  0.0000   0.0000E+00  0.0000   0.0000E+00  0.0000   0.0000E+00  0.0000
   5.3621E-02   5.3761E-02   0.0000E+00  0.0000   0.0000E+00  0.0000   0.0000E+00  0.0000   0.0000E+00  0.0000   0.0000E+00  0.0000   0.0000E+00  0.0000
   5.3761E-02   5.3901E-02   0.0000E+00  0.0000   0.0000E+00  0.0000   0.0000E+00  0.0000   0.0000E+00  0.0000   0.0000E+00  0.0000   0.0000E+00  0.0000
   5.3901E-02   5.4041E-02   0.0000E+00  0.0000   0.0000E+00  0.0000   0.0000E+00  0.0000   0.0000E+00  0.0000   0.0000E+00  0.0000   0.0000E+00  0.0000
   5.4041E-02   5.4181E-02   0.0000E+00  0.0000   0.0000E+00  0.0000   0.0000E+00  0.0000   0.0000E+00  0.0000   0.0000E+00  0.0000   0.0000E+00  0.0000
   5.4181E-02   5.4321E-02   0.0000E+00  0.0000   0.0000E+00  0.0000   0.0000E+00  0.0000   0.0000E+00  0.0000   0.0000E+00  0.0000   0.0000E+00  0.0000
   5.4321E-02   5.4461E-02   0.0000E+00  0.0000   0.0000E+00  0.0000   0.0000E+00  0.0000   0.0000E+00  0.0000   0.0000E+00  0.0000   0.0000E+00  0.0000
   5.4461E-02   5.4601E-02   0.0000E+00  0.0000   0.0000E+00  0.0000   0.0000E+00  0.0000   0.0000E+00  0.0000   0.0000E+00  0.0000   0.0000E+00  0.0000
   5.4601E-02   5.4741E-02   0.0000E+00  0.0000   0.0000E+00  0.0000   0.0000E+00  0.0000   0.0000E+00  0.0000   0.0000E+00  0.0000   0.0000E+00  0.0000
   5.4741E-02   5.4881E-02   0.0000E+00  0.0000   0.0000E+00  0.0000   0.0000E+00  0.0000   0.0000E+00  0.0000   0.0000E+00  0.0000   0.0000E+00  0.0000
   5.4881E-02   5.5021E-02   0.0000E+00  0.0000   0.0000E+00  0.0000   0.0000E+00  0.0000   0.0000E+00  0.0000   0.0000E+00  0.0000   0.0000E+00  0.0000
   5.5021E-02   5.5161E-02   0.0000E+00  0.0000   0.0000E+00  0.0000   0.0000E+00  0.0000   0.0000E+00  0.0000   0.0000E+00  0.0000   0.0000E+00  0.0000
   5.5161E-02   5.5301E-02   0.0000E+00  0.0000   0.0000E+00  0.0000   0.0000E+00  0.0000   0.0000E+00  0.0000   0.0000E+00  0.0000   0.0000E+00  0.0000
   5.5301E-02   5.5441E-02   0.0000E+00  0.0000   0.0000E+00  0.0000   0.0000E+00  0.0000   0.0000E+00  0.0000   0.0000E+00  0.0000   0.0000E+00  0.0000
   5.5441E-02   5.5581E-02   0.0000E+00  0.0000   0.0000E+00  0.0000   0.0000E+00  0.0000   0.0000E+00  0.0000   0.0000E+00  0.0000   0.0000E+00  0.0000
   5.5581E-02   5.5721E-02   0.0000E+00  0.0000   0.0000E+00  0.0000   0.0000E+00  0.0000   0.0000E+00  0.0000   0.0000E+00  0.0000   0.0000E+00  0.0000
   5.5721E-02   5.5861E-02   0.0000E+00  0.0000   0.0000E+00  0.0000   0.0000E+00  0.0000   0.0000E+00  0.0000   0.0000E+00  0.0000   0.0000E+00  0.0000
   5.5861E-02   5.6001E-02   0.0000E+00  0.0000   0.0000E+00  0.0000   0.0000E+00  0.0000   0.0000E+00  0.0000   0.0000E+00  0.0000   0.0000E+00  0.0000
   5.6001E-02   5.6141E-02   0.0000E+00  0.0000   0.0000E+00  0.0000   0.0000E+00  0.0000   0.0000E+00  0.0000   0.0000E+00  0.0000   0.0000E+00  0.0000
   5.6141E-02   5.6281E-02   0.0000E+00  0.0000   0.0000E+00  0.0000   0.0000E+00  0.0000   0.0000E+00  0.0000   0.0000E+00  0.0000   0.0000E+00  0.0000
   5.6281E-02   5.6421E-02   0.0000E+00  0.0000   0.0000E+00  0.0000   0.0000E+00  0.0000   0.0000E+00  0.0000   0.0000E+00  0.0000   0.0000E+00  0.0000
   5.6421E-02   5.6561E-02   0.0000E+00  0.0000   0.0000E+00  0.0000   0.0000E+00  0.0000   0.0000E+00  0.0000   0.0000E+00  0.0000   0.0000E+00  0.0000
   5.6561E-02   5.6701E-02   0.0000E+00  0.0000   0.0000E+00  0.0000   0.0000E+00  0.0000   0.0000E+00  0.0000   0.0000E+00  0.0000   0.0000E+00  0.0000
   5.6701E-02   5.6841E-02   0.0000E+00  0.0000   0.0000E+00  0.0000   0.0000E+00  0.0000   0.0000E+00  0.0000   0.0000E+00  0.0000   0.0000E+00  0.0000
   5.6841E-02   5.6981E-02   0.0000E+00  0.0000   0.0000E+00  0.0000   0.0000E+00  0.0000   0.0000E+00  0.0000   0.0000E+00  0.0000   0.0000E+00  0.0000
   5.6981E-02   5.7121E-02   0.0000E+00  0.0000   0.0000E+00  0.0000   0.0000E+00  0.0000   0.0000E+00  0.0000   0.0000E+00  0.0000   0.0000E+00  0.0000
   5.7121E-02   5.7261E-02   0.0000E+00  0.0000   0.0000E+00  0.0000   0.0000E+00  0.0000   0.0000E+00  0.0000   0.0000E+00  0.0000   0.0000E+00  0.0000
   5.7261E-02   5.7401E-02   0.0000E+00  0.0000   0.0000E+00  0.0000   0.0000E+00  0.0000   0.0000E+00  0.0000   0.0000E+00  0.0000   0.0000E+00  0.0000
   5.7401E-02   5.7541E-02   0.0000E+00  0.0000   0.0000E+00  0.0000   0.0000E+00  0.0000   0.0000E+00  0.0000   0.0000E+00  0.0000   0.0000E+00  0.0000
   5.7541E-02   5.7681E-02   0.0000E+00  0.0000   0.0000E+00  0.0000   0.0000E+00  0.0000   0.0000E+00  0.0000   0.0000E+00  0.0000   0.0000E+00  0.0000
   5.7681E-02   5.7821E-02   0.0000E+00  0.0000   0.0000E+00  0.0000   0.0000E+00  0.0000   0.0000E+00  0.0000   0.0000E+00  0.0000   0.0000E+00  0.0000
   5.7821E-02   5.7961E-02   0.0000E+00  0.0000   0.0000E+00  0.0000   0.0000E+00  0.0000   0.0000E+00  0.0000   0.0000E+00  0.0000   0.0000E+00  0.0000
   5.7961E-02   5.8101E-02   0.0000E+00  0.0000   0.0000E+00  0.0000   0.0000E+00  0.0000   0.0000E+00  0.0000   0.0000E+00  0.0000   0.0000E+00  0.0000
   5.8101E-02   5.8241E-02   0.0000E+00  0.0000   0.0000E+00  0.0000   0.0000E+00  0.0000   0.0000E+00  0.0000   0.0000E+00  0.0000   0.0000E+00  0.0000
   5.8241E-02   5.8381E-02   0.0000E+00  0.0000   0.0000E+00  0.0000   0.0000E+00  0.0000   0.0000E+00  0.0000   0.0000E+00  0.0000   0.0000E+00  0.0000
   5.8381E-02   5.8521E-02   0.0000E+00  0.0000   0.0000E+00  0.0000   0.0000E+00  0.0000   0.0000E+00  0.0000   0.0000E+00  0.0000   0.0000E+00  0.0000
   5.8521E-02   5.8661E-02   0.0000E+00  0.0000   0.0000E+00  0.0000   0.0000E+00  0.0000   0.0000E+00  0.0000   0.0000E+00  0.0000   0.0000E+00  0.0000
   5.8661E-02   5.8801E-02   0.0000E+00  0.0000   0.0000E+00  0.0000   0.0000E+00  0.0000   0.0000E+00  0.0000   0.0000E+00  0.0000   0.0000E+00  0.0000
   5.8801E-02   5.8941E-02   0.0000E+00  0.0000   0.0000E+00  0.0000   0.0000E+00  0.0000   0.0000E+00  0.0000   0.0000E+00  0.0000   0.0000E+00  0.0000
   5.8941E-02   5.9081E-02   0.0000E+00  0.0000   0.0000E+00  0.0000   0.0000E+00  0.0000   0.0000E+00  0.0000   0.0000E+00  0.0000   0.0000E+00  0.0000
   5.9081E-02   5.9221E-02   0.0000E+00  0.0000   0.0000E+00  0.0000   0.0000E+00  0.0000   0.0000E+00  0.0000   0.0000E+00  0.0000   0.0000E+00  0.0000
   5.9221E-02   5.9361E-02   0.0000E+00  0.0000   0.0000E+00  0.0000   0.0000E+00  0.0000   0.0000E+00  0.0000   0.0000E+00  0.0000   0.0000E+00  0.0000
   5.9361E-02   5.9501E-02   0.0000E+00  0.0000   0.0000E+00  0.0000   0.0000E+00  0.0000   0.0000E+00  0.0000   0.0000E+00  0.0000   0.0000E+00  0.0000
   5.9501E-02   5.9641E-02   0.0000E+00  0.0000   0.0000E+00  0.0000   0.0000E+00  0.0000   0.0000E+00  0.0000   0.0000E+00  0.0000   0.0000E+00  0.0000
   5.9641E-02   5.9781E-02   0.0000E+00  0.0000   0.0000E+00  0.0000   0.0000E+00  0.0000   0.0000E+00  0.0000   0.0000E+00  0.0000   0.0000E+00  0.0000
   5.9781E-02   5.9921E-02   0.0000E+00  0.0000   0.0000E+00  0.0000   0.0000E+00  0.0000   0.0000E+00  0.0000   0.0000E+00  0.0000   0.0000E+00  0.0000
   5.9921E-02   6.0061E-02   0.0000E+00  0.0000   0.0000E+00  0.0000   0.0000E+00  0.0000   0.0000E+00  0.0000   0.0000E+00  0.0000   0.0000E+00  0.0000
   6.0061E-02   6.0201E-02   0.0000E+00  0.0000   0.0000E+00  0.0000   0.0000E+00  0.0000   0.0000E+00  0.0000   0.0000E+00  0.0000   0.0000E+00  0.0000
   6.0201E-02   6.0341E-02   0.0000E+00  0.0000   0.0000E+00  0.0000   0.0000E+00  0.0000   0.0000E+00  0.0000   0.0000E+00  0.0000   0.0000E+00  0.0000
   6.0341E-02   6.0481E-02   0.0000E+00  0.0000   0.0000E+00  0.0000   0.0000E+00  0.0000   0.0000E+00  0.0000   0.0000E+00  0.0000   0.0000E+00  0.0000
   6.0481E-02   6.0621E-02   0.0000E+00  0.0000   0.0000E+00  0.0000   0.0000E+00  0.0000   0.0000E+00  0.0000   0.0000E+00  0.0000   0.0000E+00  0.0000
   6.0621E-02   6.0761E-02   0.0000E+00  0.0000   0.0000E+00  0.0000   0.0000E+00  0.0000   0.0000E+00  0.0000   0.0000E+00  0.0000   0.0000E+00  0.0000
   6.0761E-02   6.0901E-02   0.0000E+00  0.0000   0.0000E+00  0.0000   0.0000E+00  0.0000   0.0000E+00  0.0000   0.0000E+00  0.0000   0.0000E+00  0.0000
   6.0901E-02   6.1041E-02   0.0000E+00  0.0000   0.0000E+00  0.0000   0.0000E+00  0.0000   0.0000E+00  0.0000   0.0000E+00  0.0000   0.0000E+00  0.0000
   6.1041E-02   6.1181E-02   0.0000E+00  0.0000   0.0000E+00  0.0000   0.0000E+00  0.0000   0.0000E+00  0.0000   0.0000E+00  0.0000   0.0000E+00  0.0000
   6.1181E-02   6.1321E-02   0.0000E+00  0.0000   0.0000E+00  0.0000   0.0000E+00  0.0000   0.0000E+00  0.0000   0.0000E+00  0.0000   0.0000E+00  0.0000
   6.1321E-02   6.1461E-02   0.0000E+00  0.0000   0.0000E+00  0.0000   0.0000E+00  0.0000   0.0000E+00  0.0000   0.0000E+00  0.0000   0.0000E+00  0.0000
   6.1461E-02   6.1601E-02   0.0000E+00  0.0000   0.0000E+00  0.0000   0.0000E+00  0.0000   0.0000E+00  0.0000   0.0000E+00  0.0000   0.0000E+00  0.0000
   6.1601E-02   6.1741E-02   0.0000E+00  0.0000   0.0000E+00  0.0000   0.0000E+00  0.0000   0.0000E+00  0.0000   0.0000E+00  0.0000   0.0000E+00  0.0000
   6.1741E-02   6.1881E-02   0.0000E+00  0.0000   0.0000E+00  0.0000   0.0000E+00  0.0000   0.0000E+00  0.0000   0.0000E+00  0.0000   0.0000E+00  0.0000
   6.1881E-02   6.2021E-02   0.0000E+00  0.0000   0.0000E+00  0.0000   0.0000E+00  0.0000   0.0000E+00  0.0000   0.0000E+00  0.0000   0.0000E+00  0.0000
   6.2021E-02   6.2161E-02   0.0000E+00  0.0000   0.0000E+00  0.0000   0.0000E+00  0.0000   0.0000E+00  0.0000   0.0000E+00  0.0000   0.0000E+00  0.0000
   6.2161E-02   6.2301E-02   0.0000E+00  0.0000   0.0000E+00  0.0000   0.0000E+00  0.0000   0.0000E+00  0.0000   0.0000E+00  0.0000   0.0000E+00  0.0000
   6.2301E-02   6.2441E-02   0.0000E+00  0.0000   0.0000E+00  0.0000   0.0000E+00  0.0000   0.0000E+00  0.0000   0.0000E+00  0.0000   0.0000E+00  0.0000
   6.2441E-02   6.2581E-02   0.0000E+00  0.0000   0.0000E+00  0.0000   0.0000E+00  0.0000   0.0000E+00  0.0000   0.0000E+00  0.0000   0.0000E+00  0.0000
   6.2581E-02   6.2721E-02   0.0000E+00  0.0000   0.0000E+00  0.0000   0.0000E+00  0.0000   0.0000E+00  0.0000   0.0000E+00  0.0000   0.0000E+00  0.0000
   6.2721E-02   6.2861E-02   0.0000E+00  0.0000   0.0000E+00  0.0000   0.0000E+00  0.0000   0.0000E+00  0.0000   0.0000E+00  0.0000   0.0000E+00  0.0000
   6.2861E-02   6.3001E-02   0.0000E+00  0.0000   0.0000E+00  0.0000   0.0000E+00  0.0000   0.0000E+00  0.0000   0.0000E+00  0.0000   0.0000E+00  0.0000
   6.3001E-02   6.3141E-02   0.0000E+00  0.0000   0.0000E+00  0.0000   0.0000E+00  0.0000   0.0000E+00  0.0000   0.0000E+00  0.0000   0.0000E+00  0.0000
   6.3141E-02   6.3281E-02   0.0000E+00  0.0000   0.0000E+00  0.0000   0.0000E+00  0.0000   0.0000E+00  0.0000   0.0000E+00  0.0000   0.0000E+00  0.0000
   6.3281E-02   6.3421E-02   0.0000E+00  0.0000   0.0000E+00  0.0000   0.0000E+00  0.0000   0.0000E+00  0.0000   0.0000E+00  0.0000   0.0000E+00  0.0000
   6.3421E-02   6.3561E-02   0.0000E+00  0.0000   0.0000E+00  0.0000   0.0000E+00  0.0000   0.0000E+00  0.0000   0.0000E+00  0.0000   0.0000E+00  0.0000
   6.3561E-02   6.3701E-02   0.0000E+00  0.0000   0.0000E+00  0.0000   0.0000E+00  0.0000   0.0000E+00  0.0000   0.0000E+00  0.0000   0.0000E+00  0.0000
   6.3701E-02   6.3841E-02   0.0000E+00  0.0000   0.0000E+00  0.0000   0.0000E+00  0.0000   0.0000E+00  0.0000   0.0000E+00  0.0000   0.0000E+00  0.0000
   6.3841E-02   6.3981E-02   0.0000E+00  0.0000   0.0000E+00  0.0000   0.0000E+00  0.0000   0.0000E+00  0.0000   0.0000E+00  0.0000   0.0000E+00  0.0000
   6.3981E-02   6.4121E-02   0.0000E+00  0.0000   0.0000E+00  0.0000   0.0000E+00  0.0000   0.0000E+00  0.0000   0.0000E+00  0.0000   0.0000E+00  0.0000
   6.4121E-02   6.4261E-02   0.0000E+00  0.0000   0.0000E+00  0.0000   0.0000E+00  0.0000   0.0000E+00  0.0000   0.0000E+00  0.0000   0.0000E+00  0.0000
   6.4261E-02   6.4401E-02   0.0000E+00  0.0000   0.0000E+00  0.0000   0.0000E+00  0.0000   0.0000E+00  0.0000   0.0000E+00  0.0000   0.0000E+00  0.0000
   6.4401E-02   6.4541E-02   0.0000E+00  0.0000   0.0000E+00  0.0000   0.0000E+00  0.0000   0.0000E+00  0.0000   0.0000E+00  0.0000   0.0000E+00  0.0000
   6.4541E-02   6.4681E-02   0.0000E+00  0.0000   0.0000E+00  0.0000   0.0000E+00  0.0000   0.0000E+00  0.0000   0.0000E+00  0.0000   0.0000E+00  0.0000
   6.4681E-02   6.4821E-02   0.0000E+00  0.0000   0.0000E+00  0.0000   0.0000E+00  0.0000   0.0000E+00  0.0000   0.0000E+00  0.0000   0.0000E+00  0.0000
   6.4821E-02   6.4961E-02   0.0000E+00  0.0000   0.0000E+00  0.0000   0.0000E+00  0.0000   0.0000E+00  0.0000   0.0000E+00  0.0000   0.0000E+00  0.0000
   6.4961E-02   6.5101E-02   0.0000E+00  0.0000   0.0000E+00  0.0000   0.0000E+00  0.0000   0.0000E+00  0.0000   0.0000E+00  0.0000   0.0000E+00  0.0000
   6.5101E-02   6.5241E-02   0.0000E+00  0.0000   0.0000E+00  0.0000   0.0000E+00  0.0000   0.0000E+00  0.0000   0.0000E+00  0.0000   0.0000E+00  0.0000
   6.5241E-02   6.5381E-02   0.0000E+00  0.0000   0.0000E+00  0.0000   0.0000E+00  0.0000   0.0000E+00  0.0000   0.0000E+00  0.0000   0.0000E+00  0.0000
   6.5381E-02   6.5521E-02   0.0000E+00  0.0000   0.0000E+00  0.0000   0.0000E+00  0.0000   0.0000E+00  0.0000   0.0000E+00  0.0000   0.0000E+00  0.0000
   6.5521E-02   6.5661E-02   0.0000E+00  0.0000   0.0000E+00  0.0000   0.0000E+00  0.0000   0.0000E+00  0.0000   0.0000E+00  0.0000   0.0000E+00  0.0000
   6.5661E-02   6.5801E-02   0.0000E+00  0.0000   0.0000E+00  0.0000   0.0000E+00  0.0000   0.0000E+00  0.0000   0.0000E+00  0.0000   0.0000E+00  0.0000
   6.5801E-02   6.5941E-02   0.0000E+00  0.0000   0.0000E+00  0.0000   0.0000E+00  0.0000   0.0000E+00  0.0000   0.0000E+00  0.0000   0.0000E+00  0.0000
   6.5941E-02   6.6081E-02   0.0000E+00  0.0000   0.0000E+00  0.0000   0.0000E+00  0.0000   0.0000E+00  0.0000   0.0000E+00  0.0000   0.0000E+00  0.0000
   6.6081E-02   6.6221E-02   0.0000E+00  0.0000   0.0000E+00  0.0000   0.0000E+00  0.0000   0.0000E+00  0.0000   0.0000E+00  0.0000   0.0000E+00  0.0000
   6.6221E-02   6.6361E-02   0.0000E+00  0.0000   0.0000E+00  0.0000   0.0000E+00  0.0000   0.0000E+00  0.0000   0.0000E+00  0.0000   0.0000E+00  0.0000
   6.6361E-02   6.6501E-02   0.0000E+00  0.0000   0.0000E+00  0.0000   0.0000E+00  0.0000   0.0000E+00  0.0000   0.0000E+00  0.0000   0.0000E+00  0.0000
   6.6501E-02   6.6641E-02   0.0000E+00  0.0000   0.0000E+00  0.0000   0.0000E+00  0.0000   0.0000E+00  0.0000   0.0000E+00  0.0000   0.0000E+00  0.0000
   6.6641E-02   6.6781E-02   0.0000E+00  0.0000   0.0000E+00  0.0000   0.0000E+00  0.0000   0.0000E+00  0.0000   0.0000E+00  0.0000   0.0000E+00  0.0000
   6.6781E-02   6.6921E-02   0.0000E+00  0.0000   0.0000E+00  0.0000   0.0000E+00  0.0000   0.0000E+00  0.0000   0.0000E+00  0.0000   0.0000E+00  0.0000
   6.6921E-02   6.7061E-02   0.0000E+00  0.0000   0.0000E+00  0.0000   0.0000E+00  0.0000   0.0000E+00  0.0000   0.0000E+00  0.0000   0.0000E+00  0.0000
   6.7061E-02   6.7201E-02   0.0000E+00  0.0000   0.0000E+00  0.0000   0.0000E+00  0.0000   0.0000E+00  0.0000   0.0000E+00  0.0000   0.0000E+00  0.0000
   6.7201E-02   6.7341E-02   0.0000E+00  0.0000   0.0000E+00  0.0000   0.0000E+00  0.0000   0.0000E+00  0.0000   0.0000E+00  0.0000   0.0000E+00  0.0000
   6.7341E-02   6.7481E-02   0.0000E+00  0.0000   0.0000E+00  0.0000   0.0000E+00  0.0000   0.0000E+00  0.0000   0.0000E+00  0.0000   0.0000E+00  0.0000
   6.7481E-02   6.7621E-02   0.0000E+00  0.0000   0.0000E+00  0.0000   0.0000E+00  0.0000   0.0000E+00  0.0000   0.0000E+00  0.0000   0.0000E+00  0.0000
   6.7621E-02   6.7761E-02   0.0000E+00  0.0000   0.0000E+00  0.0000   0.0000E+00  0.0000   0.0000E+00  0.0000   0.0000E+00  0.0000   0.0000E+00  0.0000
   6.7761E-02   6.7901E-02   0.0000E+00  0.0000   0.0000E+00  0.0000   0.0000E+00  0.0000   0.0000E+00  0.0000   0.0000E+00  0.0000   0.0000E+00  0.0000
   6.7901E-02   6.8041E-02   0.0000E+00  0.0000   0.0000E+00  0.0000   0.0000E+00  0.0000   0.0000E+00  0.0000   0.0000E+00  0.0000   0.0000E+00  0.0000
   6.8041E-02   6.8181E-02   0.0000E+00  0.0000   0.0000E+00  0.0000   0.0000E+00  0.0000   0.0000E+00  0.0000   0.0000E+00  0.0000   0.0000E+00  0.0000
   6.8181E-02   6.8321E-02   0.0000E+00  0.0000   0.0000E+00  0.0000   0.0000E+00  0.0000   0.0000E+00  0.0000   0.0000E+00  0.0000   0.0000E+00  0.0000
   6.8321E-02   6.8461E-02   0.0000E+00  0.0000   0.0000E+00  0.0000   0.0000E+00  0.0000   0.0000E+00  0.0000   0.0000E+00  0.0000   0.0000E+00  0.0000
   6.8461E-02   6.8601E-02   0.0000E+00  0.0000   0.0000E+00  0.0000   0.0000E+00  0.0000   0.0000E+00  0.0000   0.0000E+00  0.0000   0.0000E+00  0.0000
   6.8601E-02   6.8741E-02   0.0000E+00  0.0000   0.0000E+00  0.0000   0.0000E+00  0.0000   0.0000E+00  0.0000   0.0000E+00  0.0000   0.0000E+00  0.0000
   6.8741E-02   6.8881E-02   0.0000E+00  0.0000   0.0000E+00  0.0000   0.0000E+00  0.0000   0.0000E+00  0.0000   0.0000E+00  0.0000   0.0000E+00  0.0000
   6.8881E-02   6.9021E-02   0.0000E+00  0.0000   0.0000E+00  0.0000   0.0000E+00  0.0000   0.0000E+00  0.0000   0.0000E+00  0.0000   0.0000E+00  0.0000
   6.9021E-02   6.9161E-02   0.0000E+00  0.0000   0.0000E+00  0.0000   0.0000E+00  0.0000   0.0000E+00  0.0000   0.0000E+00  0.0000   0.0000E+00  0.0000
   6.9161E-02   6.9301E-02   0.0000E+00  0.0000   0.0000E+00  0.0000   0.0000E+00  0.0000   0.0000E+00  0.0000   0.0000E+00  0.0000   0.0000E+00  0.0000
   6.9301E-02   6.9441E-02   0.0000E+00  0.0000   0.0000E+00  0.0000   0.0000E+00  0.0000   0.0000E+00  0.0000   0.0000E+00  0.0000   0.0000E+00  0.0000
   6.9441E-02   6.9581E-02   0.0000E+00  0.0000   0.0000E+00  0.0000   0.0000E+00  0.0000   0.0000E+00  0.0000   0.0000E+00  0.0000   0.0000E+00  0.0000
   6.9581E-02   6.9721E-02   0.0000E+00  0.0000   0.0000E+00  0.0000   0.0000E+00  0.0000   0.0000E+00  0.0000   0.0000E+00  0.0000   0.0000E+00  0.0000
   6.9721E-02   6.9861E-02   0.0000E+00  0.0000   0.0000E+00  0.0000   0.0000E+00  0.0000   0.0000E+00  0.0000   0.0000E+00  0.0000   0.0000E+00  0.0000
   6.9861E-02   7.0001E-02   0.0000E+00  0.0000   0.0000E+00  0.0000   0.0000E+00  0.0000   0.0000E+00  0.0000   0.0000E+00  0.0000   0.0000E+00  0.0000
   7.0001E-02   7.0140E-02   0.0000E+00  0.0000   0.0000E+00  0.0000   0.0000E+00  0.0000   0.0000E+00  0.0000   0.0000E+00  0.0000   0.0000E+00  0.0000
   7.0140E-02   7.0280E-02   0.0000E+00  0.0000   0.0000E+00  0.0000   0.0000E+00  0.0000   0.0000E+00  0.0000   0.0000E+00  0.0000   0.0000E+00  0.0000
   7.0280E-02   7.0420E-02   0.0000E+00  0.0000   0.0000E+00  0.0000   0.0000E+00  0.0000   0.0000E+00  0.0000   0.0000E+00  0.0000   0.0000E+00  0.0000
   7.0420E-02   7.0560E-02   0.0000E+00  0.0000   0.0000E+00  0.0000   0.0000E+00  0.0000   0.0000E+00  0.0000   0.0000E+00  0.0000   0.0000E+00  0.0000
   7.0560E-02   7.0700E-02   0.0000E+00  0.0000   0.0000E+00  0.0000   0.0000E+00  0.0000   0.0000E+00  0.0000   0.0000E+00  0.0000   0.0000E+00  0.0000
   7.0700E-02   7.0840E-02   0.0000E+00  0.0000   0.0000E+00  0.0000   0.0000E+00  0.0000   0.0000E+00  0.0000   0.0000E+00  0.0000   0.0000E+00  0.0000
   7.0840E-02   7.0980E-02   0.0000E+00  0.0000   0.0000E+00  0.0000   0.0000E+00  0.0000   0.0000E+00  0.0000   0.0000E+00  0.0000   0.0000E+00  0.0000
   7.0980E-02   7.1120E-02   0.0000E+00  0.0000   0.0000E+00  0.0000   0.0000E+00  0.0000   0.0000E+00  0.0000   0.0000E+00  0.0000   0.0000E+00  0.0000
   7.1120E-02   7.1260E-02   0.0000E+00  0.0000   0.0000E+00  0.0000   0.0000E+00  0.0000   0.0000E+00  0.0000   0.0000E+00  0.0000   0.0000E+00  0.0000
   7.1260E-02   7.1400E-02   0.0000E+00  0.0000   0.0000E+00  0.0000   0.0000E+00  0.0000   0.0000E+00  0.0000   0.0000E+00  0.0000   0.0000E+00  0.0000
   7.1400E-02   7.1540E-02   0.0000E+00  0.0000   0.0000E+00  0.0000   0.0000E+00  0.0000   0.0000E+00  0.0000   0.0000E+00  0.0000   0.0000E+00  0.0000
   7.1540E-02   7.1680E-02   0.0000E+00  0.0000   0.0000E+00  0.0000   0.0000E+00  0.0000   0.0000E+00  0.0000   0.0000E+00  0.0000   0.0000E+00  0.0000
   7.1680E-02   7.1820E-02   0.0000E+00  0.0000   0.0000E+00  0.0000   0.0000E+00  0.0000   0.0000E+00  0.0000   0.0000E+00  0.0000   0.0000E+00  0.0000
   7.1820E-02   7.1960E-02   0.0000E+00  0.0000   0.0000E+00  0.0000   0.0000E+00  0.0000   0.0000E+00  0.0000   0.0000E+00  0.0000   0.0000E+00  0.0000
   7.1960E-02   7.2100E-02   0.0000E+00  0.0000   0.0000E+00  0.0000   0.0000E+00  0.0000   0.0000E+00  0.0000   0.0000E+00  0.0000   0.0000E+00  0.0000
   7.2100E-02   7.2240E-02   0.0000E+00  0.0000   0.0000E+00  0.0000   0.0000E+00  0.0000   0.0000E+00  0.0000   0.0000E+00  0.0000   0.0000E+00  0.0000
   7.2240E-02   7.2380E-02   0.0000E+00  0.0000   0.0000E+00  0.0000   0.0000E+00  0.0000   0.0000E+00  0.0000   0.0000E+00  0.0000   0.0000E+00  0.0000
   7.2380E-02   7.2520E-02   0.0000E+00  0.0000   0.0000E+00  0.0000   0.0000E+00  0.0000   0.0000E+00  0.0000   0.0000E+00  0.0000   0.0000E+00  0.0000
   7.2520E-02   7.2660E-02   0.0000E+00  0.0000   0.0000E+00  0.0000   0.0000E+00  0.0000   0.0000E+00  0.0000   0.0000E+00  0.0000   0.0000E+00  0.0000
   7.2660E-02   7.2800E-02   0.0000E+00  0.0000   0.0000E+00  0.0000   0.0000E+00  0.0000   0.0000E+00  0.0000   0.0000E+00  0.0000   0.0000E+00  0.0000
   7.2800E-02   7.2940E-02   0.0000E+00  0.0000   0.0000E+00  0.0000   0.0000E+00  0.0000   0.0000E+00  0.0000   0.0000E+00  0.0000   0.0000E+00  0.0000
   7.2940E-02   7.3080E-02   0.0000E+00  0.0000   0.0000E+00  0.0000   0.0000E+00  0.0000   0.0000E+00  0.0000   0.0000E+00  0.0000   0.0000E+00  0.0000
   7.3080E-02   7.3220E-02   0.0000E+00  0.0000   0.0000E+00  0.0000   0.0000E+00  0.0000   0.0000E+00  0.0000   0.0000E+00  0.0000   0.0000E+00  0.0000
   7.3220E-02   7.3360E-02   0.0000E+00  0.0000   0.0000E+00  0.0000   0.0000E+00  0.0000   0.0000E+00  0.0000   0.0000E+00  0.0000   0.0000E+00  0.0000
   7.3360E-02   7.3500E-02   0.0000E+00  0.0000   0.0000E+00  0.0000   0.0000E+00  0.0000   0.0000E+00  0.0000   0.0000E+00  0.0000   0.0000E+00  0.0000
   7.3500E-02   7.3640E-02   0.0000E+00  0.0000   0.0000E+00  0.0000   0.0000E+00  0.0000   0.0000E+00  0.0000   0.0000E+00  0.0000   0.0000E+00  0.0000
   7.3640E-02   7.3780E-02   0.0000E+00  0.0000   0.0000E+00  0.0000   0.0000E+00  0.0000   0.0000E+00  0.0000   0.0000E+00  0.0000   0.0000E+00  0.0000
   7.3780E-02   7.3920E-02   0.0000E+00  0.0000   0.0000E+00  0.0000   0.0000E+00  0.0000   0.0000E+00  0.0000   0.0000E+00  0.0000   0.0000E+00  0.0000
   7.3920E-02   7.4060E-02   0.0000E+00  0.0000   0.0000E+00  0.0000   0.0000E+00  0.0000   0.0000E+00  0.0000   0.0000E+00  0.0000   0.0000E+00  0.0000
   7.4060E-02   7.4200E-02   0.0000E+00  0.0000   0.0000E+00  0.0000   0.0000E+00  0.0000   0.0000E+00  0.0000   0.0000E+00  0.0000   0.0000E+00  0.0000
   7.4200E-02   7.4340E-02   0.0000E+00  0.0000   0.0000E+00  0.0000   0.0000E+00  0.0000   0.0000E+00  0.0000   0.0000E+00  0.0000   0.0000E+00  0.0000
   7.4340E-02   7.4480E-02   0.0000E+00  0.0000   0.0000E+00  0.0000   0.0000E+00  0.0000   0.0000E+00  0.0000   0.0000E+00  0.0000   0.0000E+00  0.0000
   7.4480E-02   7.4620E-02   0.0000E+00  0.0000   0.0000E+00  0.0000   0.0000E+00  0.0000   0.0000E+00  0.0000   0.0000E+00  0.0000   0.0000E+00  0.0000
   7.4620E-02   7.4760E-02   0.0000E+00  0.0000   0.0000E+00  0.0000   0.0000E+00  0.0000   0.0000E+00  0.0000   0.0000E+00  0.0000   0.0000E+00  0.0000
   7.4760E-02   7.4900E-02   0.0000E+00  0.0000   0.0000E+00  0.0000   0.0000E+00  0.0000   0.0000E+00  0.0000   0.0000E+00  0.0000   0.0000E+00  0.0000
   7.4900E-02   7.5040E-02   0.0000E+00  0.0000   0.0000E+00  0.0000   0.0000E+00  0.0000   0.0000E+00  0.0000   0.0000E+00  0.0000   0.0000E+00  0.0000
   7.5040E-02   7.5180E-02   0.0000E+00  0.0000   0.0000E+00  0.0000   0.0000E+00  0.0000   0.0000E+00  0.0000   0.0000E+00  0.0000   0.0000E+00  0.0000
   7.5180E-02   7.5320E-02   0.0000E+00  0.0000   0.0000E+00  0.0000   0.0000E+00  0.0000   0.0000E+00  0.0000   0.0000E+00  0.0000   0.0000E+00  0.0000
   7.5320E-02   7.5460E-02   0.0000E+00  0.0000   0.0000E+00  0.0000   0.0000E+00  0.0000   0.0000E+00  0.0000   0.0000E+00  0.0000   0.0000E+00  0.0000
   7.5460E-02   7.5600E-02   0.0000E+00  0.0000   0.0000E+00  0.0000   0.0000E+00  0.0000   0.0000E+00  0.0000   0.0000E+00  0.0000   0.0000E+00  0.0000
   7.5600E-02   7.5740E-02   0.0000E+00  0.0000   0.0000E+00  0.0000   0.0000E+00  0.0000   0.0000E+00  0.0000   0.0000E+00  0.0000   0.0000E+00  0.0000
   7.5740E-02   7.5880E-02   0.0000E+00  0.0000   0.0000E+00  0.0000   0.0000E+00  0.0000   0.0000E+00  0.0000   0.0000E+00  0.0000   0.0000E+00  0.0000
   7.5880E-02   7.6020E-02   0.0000E+00  0.0000   0.0000E+00  0.0000   0.0000E+00  0.0000   0.0000E+00  0.0000   0.0000E+00  0.0000   0.0000E+00  0.0000
   7.6020E-02   7.6160E-02   0.0000E+00  0.0000   0.0000E+00  0.0000   0.0000E+00  0.0000   0.0000E+00  0.0000   0.0000E+00  0.0000   0.0000E+00  0.0000
   7.6160E-02   7.6300E-02   0.0000E+00  0.0000   0.0000E+00  0.0000   0.0000E+00  0.0000   0.0000E+00  0.0000   0.0000E+00  0.0000   0.0000E+00  0.0000
   7.6300E-02   7.6440E-02   0.0000E+00  0.0000   0.0000E+00  0.0000   0.0000E+00  0.0000   0.0000E+00  0.0000   0.0000E+00  0.0000   0.0000E+00  0.0000
   7.6440E-02   7.6580E-02   0.0000E+00  0.0000   0.0000E+00  0.0000   0.0000E+00  0.0000   0.0000E+00  0.0000   0.0000E+00  0.0000   0.0000E+00  0.0000
   7.6580E-02   7.6720E-02   0.0000E+00  0.0000   0.0000E+00  0.0000   0.0000E+00  0.0000   0.0000E+00  0.0000   0.0000E+00  0.0000   0.0000E+00  0.0000
   7.6720E-02   7.6860E-02   0.0000E+00  0.0000   0.0000E+00  0.0000   0.0000E+00  0.0000   0.0000E+00  0.0000   0.0000E+00  0.0000   0.0000E+00  0.0000
   7.6860E-02   7.7000E-02   0.0000E+00  0.0000   0.0000E+00  0.0000   0.0000E+00  0.0000   0.0000E+00  0.0000   0.0000E+00  0.0000   0.0000E+00  0.0000
   7.7000E-02   7.7140E-02   0.0000E+00  0.0000   0.0000E+00  0.0000   0.0000E+00  0.0000   0.0000E+00  0.0000   0.0000E+00  0.0000   0.0000E+00  0.0000
   7.7140E-02   7.7280E-02   0.0000E+00  0.0000   0.0000E+00  0.0000   0.0000E+00  0.0000   0.0000E+00  0.0000   0.0000E+00  0.0000   0.0000E+00  0.0000
   7.7280E-02   7.7420E-02   0.0000E+00  0.0000   0.0000E+00  0.0000   0.0000E+00  0.0000   0.0000E+00  0.0000   0.0000E+00  0.0000   0.0000E+00  0.0000
   7.7420E-02   7.7560E-02   0.0000E+00  0.0000   0.0000E+00  0.0000   0.0000E+00  0.0000   0.0000E+00  0.0000   0.0000E+00  0.0000   0.0000E+00  0.0000
   7.7560E-02   7.7700E-02   0.0000E+00  0.0000   0.0000E+00  0.0000   0.0000E+00  0.0000   0.0000E+00  0.0000   0.0000E+00  0.0000   0.0000E+00  0.0000
   7.7700E-02   7.7840E-02   0.0000E+00  0.0000   0.0000E+00  0.0000   0.0000E+00  0.0000   0.0000E+00  0.0000   0.0000E+00  0.0000   0.0000E+00  0.0000
   7.7840E-02   7.7980E-02   0.0000E+00  0.0000   0.0000E+00  0.0000   0.0000E+00  0.0000   0.0000E+00  0.0000   0.0000E+00  0.0000   0.0000E+00  0.0000
   7.7980E-02   7.8120E-02   0.0000E+00  0.0000   0.0000E+00  0.0000   0.0000E+00  0.0000   0.0000E+00  0.0000   0.0000E+00  0.0000   0.0000E+00  0.0000
   7.8120E-02   7.8260E-02   0.0000E+00  0.0000   0.0000E+00  0.0000   0.0000E+00  0.0000   0.0000E+00  0.0000   0.0000E+00  0.0000   0.0000E+00  0.0000
   7.8260E-02   7.8400E-02   0.0000E+00  0.0000   0.0000E+00  0.0000   0.0000E+00  0.0000   0.0000E+00  0.0000   0.0000E+00  0.0000   0.0000E+00  0.0000
   7.8400E-02   7.8540E-02   0.0000E+00  0.0000   0.0000E+00  0.0000   0.0000E+00  0.0000   0.0000E+00  0.0000   0.0000E+00  0.0000   0.0000E+00  0.0000
   7.8540E-02   7.8680E-02   0.0000E+00  0.0000   0.0000E+00  0.0000   0.0000E+00  0.0000   0.0000E+00  0.0000   0.0000E+00  0.0000   0.0000E+00  0.0000
   7.8680E-02   7.8820E-02   0.0000E+00  0.0000   0.0000E+00  0.0000   0.0000E+00  0.0000   0.0000E+00  0.0000   0.0000E+00  0.0000   0.0000E+00  0.0000
   7.8820E-02   7.8960E-02   0.0000E+00  0.0000   0.0000E+00  0.0000   0.0000E+00  0.0000   0.0000E+00  0.0000   0.0000E+00  0.0000   0.0000E+00  0.0000
   7.8960E-02   7.9100E-02   0.0000E+00  0.0000   0.0000E+00  0.0000   0.0000E+00  0.0000   0.0000E+00  0.0000   0.0000E+00  0.0000   0.0000E+00  0.0000
   7.9100E-02   7.9240E-02   0.0000E+00  0.0000   0.0000E+00  0.0000   0.0000E+00  0.0000   0.0000E+00  0.0000   0.0000E+00  0.0000   0.0000E+00  0.0000
   7.9240E-02   7.9380E-02   0.0000E+00  0.0000   0.0000E+00  0.0000   0.0000E+00  0.0000   0.0000E+00  0.0000   0.0000E+00  0.0000   0.0000E+00  0.0000
   7.9380E-02   7.9520E-02   0.0000E+00  0.0000   0.0000E+00  0.0000   0.0000E+00  0.0000   0.0000E+00  0.0000   0.0000E+00  0.0000   0.0000E+00  0.0000
   7.9520E-02   7.9660E-02   0.0000E+00  0.0000   0.0000E+00  0.0000   0.0000E+00  0.0000   0.0000E+00  0.0000   0.0000E+00  0.0000   0.0000E+00  0.0000
   7.9660E-02   7.9800E-02   0.0000E+00  0.0000   0.0000E+00  0.0000   0.0000E+00  0.0000   0.0000E+00  0.0000   0.0000E+00  0.0000   0.0000E+00  0.0000
   7.9800E-02   7.9940E-02   0.0000E+00  0.0000   0.0000E+00  0.0000   0.0000E+00  0.0000   0.0000E+00  0.0000   0.0000E+00  0.0000   0.0000E+00  0.0000
   7.9940E-02   8.0080E-02   0.0000E+00  0.0000   0.0000E+00  0.0000   0.0000E+00  0.0000   0.0000E+00  0.0000   0.0000E+00  0.0000   0.0000E+00  0.0000
   8.0080E-02   8.0220E-02   0.0000E+00  0.0000   0.0000E+00  0.0000   0.0000E+00  0.0000   0.0000E+00  0.0000   0.0000E+00  0.0000   0.0000E+00  0.0000
   8.0220E-02   8.0360E-02   0.0000E+00  0.0000   0.0000E+00  0.0000   0.0000E+00  0.0000   0.0000E+00  0.0000   0.0000E+00  0.0000   0.0000E+00  0.0000
   8.0360E-02   8.0500E-02   0.0000E+00  0.0000   0.0000E+00  0.0000   0.0000E+00  0.0000   0.0000E+00  0.0000   0.0000E+00  0.0000   0.0000E+00  0.0000
   8.0500E-02   8.0640E-02   0.0000E+00  0.0000   0.0000E+00  0.0000   0.0000E+00  0.0000   0.0000E+00  0.0000   0.0000E+00  0.0000   0.0000E+00  0.0000
   8.0640E-02   8.0780E-02   0.0000E+00  0.0000   0.0000E+00  0.0000   0.0000E+00  0.0000   0.0000E+00  0.0000   0.0000E+00  0.0000   0.0000E+00  0.0000
   8.0780E-02   8.0920E-02   0.0000E+00  0.0000   0.0000E+00  0.0000   0.0000E+00  0.0000   0.0000E+00  0.0000   0.0000E+00  0.0000   0.0000E+00  0.0000
   8.0920E-02   8.1060E-02   0.0000E+00  0.0000   0.0000E+00  0.0000   0.0000E+00  0.0000   0.0000E+00  0.0000   0.0000E+00  0.0000   0.0000E+00  0.0000
   8.1060E-02   8.1200E-02   0.0000E+00  0.0000   0.0000E+00  0.0000   0.0000E+00  0.0000   0.0000E+00  0.0000   0.0000E+00  0.0000   0.0000E+00  0.0000
   8.1200E-02   8.1340E-02   0.0000E+00  0.0000   0.0000E+00  0.0000   0.0000E+00  0.0000   0.0000E+00  0.0000   0.0000E+00  0.0000   0.0000E+00  0.0000
   8.1340E-02   8.1480E-02   0.0000E+00  0.0000   0.0000E+00  0.0000   0.0000E+00  0.0000   0.0000E+00  0.0000   0.0000E+00  0.0000   0.0000E+00  0.0000
   8.1480E-02   8.1620E-02   0.0000E+00  0.0000   0.0000E+00  0.0000   0.0000E+00  0.0000   0.0000E+00  0.0000   0.0000E+00  0.0000   0.0000E+00  0.0000
   8.1620E-02   8.1760E-02   0.0000E+00  0.0000   0.0000E+00  0.0000   0.0000E+00  0.0000   0.0000E+00  0.0000   0.0000E+00  0.0000   0.0000E+00  0.0000
   8.1760E-02   8.1900E-02   0.0000E+00  0.0000   0.0000E+00  0.0000   0.0000E+00  0.0000   0.0000E+00  0.0000   0.0000E+00  0.0000   0.0000E+00  0.0000
   8.1900E-02   8.2040E-02   0.0000E+00  0.0000   0.0000E+00  0.0000   0.0000E+00  0.0000   0.0000E+00  0.0000   0.0000E+00  0.0000   0.0000E+00  0.0000
   8.2040E-02   8.2180E-02   0.0000E+00  0.0000   0.0000E+00  0.0000   0.0000E+00  0.0000   0.0000E+00  0.0000   0.0000E+00  0.0000   0.0000E+00  0.0000
   8.2180E-02   8.2320E-02   0.0000E+00  0.0000   0.0000E+00  0.0000   0.0000E+00  0.0000   0.0000E+00  0.0000   0.0000E+00  0.0000   0.0000E+00  0.0000
   8.2320E-02   8.2460E-02   0.0000E+00  0.0000   0.0000E+00  0.0000   0.0000E+00  0.0000   0.0000E+00  0.0000   0.0000E+00  0.0000   0.0000E+00  0.0000
   8.2460E-02   8.2600E-02   0.0000E+00  0.0000   0.0000E+00  0.0000   0.0000E+00  0.0000   0.0000E+00  0.0000   0.0000E+00  0.0000   0.0000E+00  0.0000
   8.2600E-02   8.2740E-02   0.0000E+00  0.0000   0.0000E+00  0.0000   0.0000E+00  0.0000   0.0000E+00  0.0000   0.0000E+00  0.0000   0.0000E+00  0.0000
   8.2740E-02   8.2880E-02   0.0000E+00  0.0000   0.0000E+00  0.0000   0.0000E+00  0.0000   0.0000E+00  0.0000   0.0000E+00  0.0000   0.0000E+00  0.0000
   8.2880E-02   8.3020E-02   0.0000E+00  0.0000   0.0000E+00  0.0000   0.0000E+00  0.0000   0.0000E+00  0.0000   0.0000E+00  0.0000   0.0000E+00  0.0000
   8.3020E-02   8.3160E-02   0.0000E+00  0.0000   0.0000E+00  0.0000   0.0000E+00  0.0000   0.0000E+00  0.0000   0.0000E+00  0.0000   0.0000E+00  0.0000
   8.3160E-02   8.3300E-02   0.0000E+00  0.0000   0.0000E+00  0.0000   0.0000E+00  0.0000   0.0000E+00  0.0000   0.0000E+00  0.0000   0.0000E+00  0.0000
   8.3300E-02   8.3440E-02   0.0000E+00  0.0000   0.0000E+00  0.0000   0.0000E+00  0.0000   0.0000E+00  0.0000   0.0000E+00  0.0000   0.0000E+00  0.0000
   8.3440E-02   8.3580E-02   0.0000E+00  0.0000   0.0000E+00  0.0000   0.0000E+00  0.0000   0.0000E+00  0.0000   0.0000E+00  0.0000   0.0000E+00  0.0000
   8.3580E-02   8.3720E-02   0.0000E+00  0.0000   0.0000E+00  0.0000   0.0000E+00  0.0000   0.0000E+00  0.0000   0.0000E+00  0.0000   0.0000E+00  0.0000
   8.3720E-02   8.3860E-02   0.0000E+00  0.0000   0.0000E+00  0.0000   0.0000E+00  0.0000   0.0000E+00  0.0000   0.0000E+00  0.0000   0.0000E+00  0.0000
   8.3860E-02   8.4000E-02   0.0000E+00  0.0000   0.0000E+00  0.0000   0.0000E+00  0.0000   0.0000E+00  0.0000   0.0000E+00  0.0000   0.0000E+00  0.0000
   8.4000E-02   8.4140E-02   0.0000E+00  0.0000   0.0000E+00  0.0000   0.0000E+00  0.0000   0.0000E+00  0.0000   0.0000E+00  0.0000   0.0000E+00  0.0000
   8.4140E-02   8.4280E-02   0.0000E+00  0.0000   0.0000E+00  0.0000   0.0000E+00  0.0000   0.0000E+00  0.0000   0.0000E+00  0.0000   0.0000E+00  0.0000
   8.4280E-02   8.4420E-02   0.0000E+00  0.0000   0.0000E+00  0.0000   0.0000E+00  0.0000   0.0000E+00  0.0000   0.0000E+00  0.0000   0.0000E+00  0.0000
   8.4420E-02   8.4560E-02   0.0000E+00  0.0000   0.0000E+00  0.0000   0.0000E+00  0.0000   0.0000E+00  0.0000   0.0000E+00  0.0000   0.0000E+00  0.0000
   8.4560E-02   8.4700E-02   0.0000E+00  0.0000   0.0000E+00  0.0000   0.0000E+00  0.0000   0.0000E+00  0.0000   0.0000E+00  0.0000   0.0000E+00  0.0000
   8.4700E-02   8.4840E-02   0.0000E+00  0.0000   0.0000E+00  0.0000   0.0000E+00  0.0000   0.0000E+00  0.0000   0.0000E+00  0.0000   0.0000E+00  0.0000
   8.4840E-02   8.4980E-02   0.0000E+00  0.0000   0.0000E+00  0.0000   0.0000E+00  0.0000   0.0000E+00  0.0000   0.0000E+00  0.0000   0.0000E+00  0.0000
   8.4980E-02   8.5120E-02   0.0000E+00  0.0000   0.0000E+00  0.0000   0.0000E+00  0.0000   0.0000E+00  0.0000   0.0000E+00  0.0000   0.0000E+00  0.0000
   8.5120E-02   8.5260E-02   0.0000E+00  0.0000   0.0000E+00  0.0000   0.0000E+00  0.0000   0.0000E+00  0.0000   0.0000E+00  0.0000   0.0000E+00  0.0000
   8.5260E-02   8.5400E-02   0.0000E+00  0.0000   0.0000E+00  0.0000   0.0000E+00  0.0000   0.0000E+00  0.0000   0.0000E+00  0.0000   0.0000E+00  0.0000
   8.5400E-02   8.5540E-02   0.0000E+00  0.0000   0.0000E+00  0.0000   0.0000E+00  0.0000   0.0000E+00  0.0000   0.0000E+00  0.0000   0.0000E+00  0.0000
   8.5540E-02   8.5680E-02   0.0000E+00  0.0000   0.0000E+00  0.0000   0.0000E+00  0.0000   0.0000E+00  0.0000   0.0000E+00  0.0000   0.0000E+00  0.0000
   8.5680E-02   8.5820E-02   0.0000E+00  0.0000   0.0000E+00  0.0000   0.0000E+00  0.0000   0.0000E+00  0.0000   0.0000E+00  0.0000   0.0000E+00  0.0000
   8.5820E-02   8.5960E-02   0.0000E+00  0.0000   0.0000E+00  0.0000   0.0000E+00  0.0000   0.0000E+00  0.0000   0.0000E+00  0.0000   0.0000E+00  0.0000
   8.5960E-02   8.6100E-02   0.0000E+00  0.0000   0.0000E+00  0.0000   0.0000E+00  0.0000   0.0000E+00  0.0000   0.0000E+00  0.0000   0.0000E+00  0.0000
   8.6100E-02   8.6240E-02   0.0000E+00  0.0000   0.0000E+00  0.0000   0.0000E+00  0.0000   0.0000E+00  0.0000   0.0000E+00  0.0000   0.0000E+00  0.0000
   8.6240E-02   8.6380E-02   0.0000E+00  0.0000   0.0000E+00  0.0000   0.0000E+00  0.0000   0.0000E+00  0.0000   0.0000E+00  0.0000   0.0000E+00  0.0000
   8.6380E-02   8.6520E-02   0.0000E+00  0.0000   0.0000E+00  0.0000   0.0000E+00  0.0000   0.0000E+00  0.0000   0.0000E+00  0.0000   0.0000E+00  0.0000
   8.6520E-02   8.6660E-02   0.0000E+00  0.0000   0.0000E+00  0.0000   0.0000E+00  0.0000   0.0000E+00  0.0000   0.0000E+00  0.0000   0.0000E+00  0.0000
   8.6660E-02   8.6800E-02   0.0000E+00  0.0000   0.0000E+00  0.0000   0.0000E+00  0.0000   0.0000E+00  0.0000   0.0000E+00  0.0000   0.0000E+00  0.0000
   8.6800E-02   8.6940E-02   0.0000E+00  0.0000   0.0000E+00  0.0000   0.0000E+00  0.0000   0.0000E+00  0.0000   0.0000E+00  0.0000   0.0000E+00  0.0000
   8.6940E-02   8.7080E-02   0.0000E+00  0.0000   0.0000E+00  0.0000   0.0000E+00  0.0000   0.0000E+00  0.0000   0.0000E+00  0.0000   0.0000E+00  0.0000
   8.7080E-02   8.7220E-02   0.0000E+00  0.0000   0.0000E+00  0.0000   0.0000E+00  0.0000   0.0000E+00  0.0000   0.0000E+00  0.0000   0.0000E+00  0.0000
   8.7220E-02   8.7360E-02   0.0000E+00  0.0000   0.0000E+00  0.0000   0.0000E+00  0.0000   0.0000E+00  0.0000   0.0000E+00  0.0000   0.0000E+00  0.0000
   8.7360E-02   8.7500E-02   0.0000E+00  0.0000   0.0000E+00  0.0000   0.0000E+00  0.0000   0.0000E+00  0.0000   0.0000E+00  0.0000   0.0000E+00  0.0000
   8.7500E-02   8.7640E-02   0.0000E+00  0.0000   0.0000E+00  0.0000   0.0000E+00  0.0000   0.0000E+00  0.0000   0.0000E+00  0.0000   0.0000E+00  0.0000
   8.7640E-02   8.7780E-02   0.0000E+00  0.0000   0.0000E+00  0.0000   0.0000E+00  0.0000   0.0000E+00  0.0000   0.0000E+00  0.0000   0.0000E+00  0.0000
   8.7780E-02   8.7920E-02   0.0000E+00  0.0000   0.0000E+00  0.0000   0.0000E+00  0.0000   0.0000E+00  0.0000   0.0000E+00  0.0000   0.0000E+00  0.0000
   8.7920E-02   8.8060E-02   0.0000E+00  0.0000   0.0000E+00  0.0000   0.0000E+00  0.0000   0.0000E+00  0.0000   0.0000E+00  0.0000   0.0000E+00  0.0000
   8.8060E-02   8.8200E-02   0.0000E+00  0.0000   0.0000E+00  0.0000   0.0000E+00  0.0000   0.0000E+00  0.0000   0.0000E+00  0.0000   0.0000E+00  0.0000
   8.8200E-02   8.8340E-02   0.0000E+00  0.0000   0.0000E+00  0.0000   0.0000E+00  0.0000   0.0000E+00  0.0000   0.0000E+00  0.0000   0.0000E+00  0.0000
   8.8340E-02   8.8480E-02   0.0000E+00  0.0000   0.0000E+00  0.0000   0.0000E+00  0.0000   0.0000E+00  0.0000   0.0000E+00  0.0000   0.0000E+00  0.0000
   8.8480E-02   8.8620E-02   0.0000E+00  0.0000   0.0000E+00  0.0000   0.0000E+00  0.0000   0.0000E+00  0.0000   0.0000E+00  0.0000   0.0000E+00  0.0000
   8.8620E-02   8.8760E-02   0.0000E+00  0.0000   0.0000E+00  0.0000   0.0000E+00  0.0000   0.0000E+00  0.0000   0.0000E+00  0.0000   0.0000E+00  0.0000
   8.8760E-02   8.8900E-02   0.0000E+00  0.0000   0.0000E+00  0.0000   0.0000E+00  0.0000   0.0000E+00  0.0000   0.0000E+00  0.0000   0.0000E+00  0.0000
   8.8900E-02   8.9040E-02   0.0000E+00  0.0000   0.0000E+00  0.0000   0.0000E+00  0.0000   0.0000E+00  0.0000   0.0000E+00  0.0000   0.0000E+00  0.0000
   8.9040E-02   8.9180E-02   0.0000E+00  0.0000   0.0000E+00  0.0000   0.0000E+00  0.0000   0.0000E+00  0.0000   0.0000E+00  0.0000   0.0000E+00  0.0000
   8.9180E-02   8.9320E-02   0.0000E+00  0.0000   0.0000E+00  0.0000   0.0000E+00  0.0000   0.0000E+00  0.0000   0.0000E+00  0.0000   0.0000E+00  0.0000
   8.9320E-02   8.9460E-02   0.0000E+00  0.0000   0.0000E+00  0.0000   0.0000E+00  0.0000   0.0000E+00  0.0000   0.0000E+00  0.0000   0.0000E+00  0.0000
   8.9460E-02   8.9600E-02   0.0000E+00  0.0000   0.0000E+00  0.0000   0.0000E+00  0.0000   0.0000E+00  0.0000   0.0000E+00  0.0000   0.0000E+00  0.0000
   8.9600E-02   8.9740E-02   0.0000E+00  0.0000   0.0000E+00  0.0000   0.0000E+00  0.0000   0.0000E+00  0.0000   0.0000E+00  0.0000   0.0000E+00  0.0000
   8.9740E-02   8.9880E-02   0.0000E+00  0.0000   0.0000E+00  0.0000   0.0000E+00  0.0000   0.0000E+00  0.0000   0.0000E+00  0.0000   0.0000E+00  0.0000
   8.9880E-02   9.0020E-02   0.0000E+00  0.0000   0.0000E+00  0.0000   0.0000E+00  0.0000   0.0000E+00  0.0000   0.0000E+00  0.0000   0.0000E+00  0.0000
   9.0020E-02   9.0160E-02   0.0000E+00  0.0000   0.0000E+00  0.0000   0.0000E+00  0.0000   0.0000E+00  0.0000   0.0000E+00  0.0000   0.0000E+00  0.0000
   9.0160E-02   9.0300E-02   0.0000E+00  0.0000   0.0000E+00  0.0000   0.0000E+00  0.0000   0.0000E+00  0.0000   0.0000E+00  0.0000   0.0000E+00  0.0000
   9.0300E-02   9.0440E-02   0.0000E+00  0.0000   0.0000E+00  0.0000   0.0000E+00  0.0000   0.0000E+00  0.0000   0.0000E+00  0.0000   0.0000E+00  0.0000
   9.0440E-02   9.0580E-02   0.0000E+00  0.0000   0.0000E+00  0.0000   0.0000E+00  0.0000   0.0000E+00  0.0000   0.0000E+00  0.0000   0.0000E+00  0.0000
   9.0580E-02   9.0720E-02   0.0000E+00  0.0000   0.0000E+00  0.0000   0.0000E+00  0.0000   0.0000E+00  0.0000   0.0000E+00  0.0000   0.0000E+00  0.0000
   9.0720E-02   9.0860E-02   0.0000E+00  0.0000   0.0000E+00  0.0000   0.0000E+00  0.0000   0.0000E+00  0.0000   0.0000E+00  0.0000   0.0000E+00  0.0000
   9.0860E-02   9.1000E-02   0.0000E+00  0.0000   0.0000E+00  0.0000   0.0000E+00  0.0000   0.0000E+00  0.0000   0.0000E+00  0.0000   0.0000E+00  0.0000
   9.1000E-02   9.1140E-02   0.0000E+00  0.0000   0.0000E+00  0.0000   0.0000E+00  0.0000   0.0000E+00  0.0000   0.0000E+00  0.0000   0.0000E+00  0.0000
   9.1140E-02   9.1280E-02   0.0000E+00  0.0000   0.0000E+00  0.0000   0.0000E+00  0.0000   0.0000E+00  0.0000   0.0000E+00  0.0000   0.0000E+00  0.0000
   9.1280E-02   9.1420E-02   0.0000E+00  0.0000   0.0000E+00  0.0000   0.0000E+00  0.0000   0.0000E+00  0.0000   0.0000E+00  0.0000   0.0000E+00  0.0000
   9.1420E-02   9.1560E-02   0.0000E+00  0.0000   0.0000E+00  0.0000   0.0000E+00  0.0000   0.0000E+00  0.0000   0.0000E+00  0.0000   0.0000E+00  0.0000
   9.1560E-02   9.1700E-02   0.0000E+00  0.0000   0.0000E+00  0.0000   0.0000E+00  0.0000   0.0000E+00  0.0000   0.0000E+00  0.0000   0.0000E+00  0.0000
   9.1700E-02   9.1840E-02   0.0000E+00  0.0000   0.0000E+00  0.0000   0.0000E+00  0.0000   0.0000E+00  0.0000   0.0000E+00  0.0000   0.0000E+00  0.0000
   9.1840E-02   9.1980E-02   0.0000E+00  0.0000   0.0000E+00  0.0000   0.0000E+00  0.0000   0.0000E+00  0.0000   0.0000E+00  0.0000   0.0000E+00  0.0000
   9.1980E-02   9.2120E-02   0.0000E+00  0.0000   0.0000E+00  0.0000   0.0000E+00  0.0000   0.0000E+00  0.0000   0.0000E+00  0.0000   0.0000E+00  0.0000
   9.2120E-02   9.2260E-02   0.0000E+00  0.0000   0.0000E+00  0.0000   0.0000E+00  0.0000   0.0000E+00  0.0000   0.0000E+00  0.0000   0.0000E+00  0.0000
   9.2260E-02   9.2400E-02   0.0000E+00  0.0000   0.0000E+00  0.0000   0.0000E+00  0.0000   0.0000E+00  0.0000   0.0000E+00  0.0000   0.0000E+00  0.0000
   9.2400E-02   9.2540E-02   0.0000E+00  0.0000   0.0000E+00  0.0000   0.0000E+00  0.0000   0.0000E+00  0.0000   0.0000E+00  0.0000   0.0000E+00  0.0000
   9.2540E-02   9.2680E-02   0.0000E+00  0.0000   0.0000E+00  0.0000   0.0000E+00  0.0000   0.0000E+00  0.0000   0.0000E+00  0.0000   0.0000E+00  0.0000
   9.2680E-02   9.2820E-02   0.0000E+00  0.0000   0.0000E+00  0.0000   0.0000E+00  0.0000   0.0000E+00  0.0000   0.0000E+00  0.0000   0.0000E+00  0.0000
   9.2820E-02   9.2960E-02   0.0000E+00  0.0000   0.0000E+00  0.0000   0.0000E+00  0.0000   0.0000E+00  0.0000   0.0000E+00  0.0000   0.0000E+00  0.0000
   9.2960E-02   9.3100E-02   0.0000E+00  0.0000   0.0000E+00  0.0000   0.0000E+00  0.0000   0.0000E+00  0.0000   0.0000E+00  0.0000   0.0000E+00  0.0000
   9.3100E-02   9.3240E-02   0.0000E+00  0.0000   0.0000E+00  0.0000   0.0000E+00  0.0000   0.0000E+00  0.0000   0.0000E+00  0.0000   0.0000E+00  0.0000
   9.3240E-02   9.3380E-02   0.0000E+00  0.0000   0.0000E+00  0.0000   0.0000E+00  0.0000   0.0000E+00  0.0000   0.0000E+00  0.0000   0.0000E+00  0.0000
   9.3380E-02   9.3520E-02   0.0000E+00  0.0000   0.0000E+00  0.0000   0.0000E+00  0.0000   0.0000E+00  0.0000   0.0000E+00  0.0000   0.0000E+00  0.0000
   9.3520E-02   9.3660E-02   0.0000E+00  0.0000   0.0000E+00  0.0000   0.0000E+00  0.0000   0.0000E+00  0.0000   0.0000E+00  0.0000   0.0000E+00  0.0000
   9.3660E-02   9.3800E-02   0.0000E+00  0.0000   0.0000E+00  0.0000   0.0000E+00  0.0000   0.0000E+00  0.0000   0.0000E+00  0.0000   0.0000E+00  0.0000
   9.3800E-02   9.3940E-02   0.0000E+00  0.0000   0.0000E+00  0.0000   0.0000E+00  0.0000   0.0000E+00  0.0000   0.0000E+00  0.0000   0.0000E+00  0.0000
   9.3940E-02   9.4080E-02   0.0000E+00  0.0000   0.0000E+00  0.0000   0.0000E+00  0.0000   0.0000E+00  0.0000   0.0000E+00  0.0000   0.0000E+00  0.0000
   9.4080E-02   9.4220E-02   0.0000E+00  0.0000   0.0000E+00  0.0000   0.0000E+00  0.0000   0.0000E+00  0.0000   0.0000E+00  0.0000   0.0000E+00  0.0000
   9.4220E-02   9.4360E-02   0.0000E+00  0.0000   0.0000E+00  0.0000   0.0000E+00  0.0000   0.0000E+00  0.0000   0.0000E+00  0.0000   0.0000E+00  0.0000
   9.4360E-02   9.4500E-02   0.0000E+00  0.0000   0.0000E+00  0.0000   0.0000E+00  0.0000   0.0000E+00  0.0000   0.0000E+00  0.0000   0.0000E+00  0.0000
   9.4500E-02   9.4640E-02   0.0000E+00  0.0000   0.0000E+00  0.0000   0.0000E+00  0.0000   0.0000E+00  0.0000   0.0000E+00  0.0000   0.0000E+00  0.0000
   9.4640E-02   9.4780E-02   0.0000E+00  0.0000   0.0000E+00  0.0000   0.0000E+00  0.0000   0.0000E+00  0.0000   0.0000E+00  0.0000   0.0000E+00  0.0000
   9.4780E-02   9.4920E-02   0.0000E+00  0.0000   0.0000E+00  0.0000   0.0000E+00  0.0000   0.0000E+00  0.0000   0.0000E+00  0.0000   0.0000E+00  0.0000
   9.4920E-02   9.5060E-02   0.0000E+00  0.0000   0.0000E+00  0.0000   0.0000E+00  0.0000   0.0000E+00  0.0000   0.0000E+00  0.0000   0.0000E+00  0.0000
   9.5060E-02   9.5200E-02   0.0000E+00  0.0000   0.0000E+00  0.0000   0.0000E+00  0.0000   0.0000E+00  0.0000   0.0000E+00  0.0000   0.0000E+00  0.0000
   9.5200E-02   9.5340E-02   0.0000E+00  0.0000   0.0000E+00  0.0000   0.0000E+00  0.0000   0.0000E+00  0.0000   0.0000E+00  0.0000   0.0000E+00  0.0000
   9.5340E-02   9.5480E-02   0.0000E+00  0.0000   0.0000E+00  0.0000   0.0000E+00  0.0000   0.0000E+00  0.0000   0.0000E+00  0.0000   0.0000E+00  0.0000
   9.5480E-02   9.5620E-02   0.0000E+00  0.0000   0.0000E+00  0.0000   0.0000E+00  0.0000   0.0000E+00  0.0000   0.0000E+00  0.0000   0.0000E+00  0.0000
   9.5620E-02   9.5760E-02   0.0000E+00  0.0000   0.0000E+00  0.0000   0.0000E+00  0.0000   0.0000E+00  0.0000   0.0000E+00  0.0000   0.0000E+00  0.0000
   9.5760E-02   9.5900E-02   0.0000E+00  0.0000   0.0000E+00  0.0000   0.0000E+00  0.0000   0.0000E+00  0.0000   0.0000E+00  0.0000   0.0000E+00  0.0000
   9.5900E-02   9.6040E-02   0.0000E+00  0.0000   0.0000E+00  0.0000   0.0000E+00  0.0000   0.0000E+00  0.0000   0.0000E+00  0.0000   0.0000E+00  0.0000
   9.6040E-02   9.6180E-02   0.0000E+00  0.0000   0.0000E+00  0.0000   0.0000E+00  0.0000   0.0000E+00  0.0000   0.0000E+00  0.0000   0.0000E+00  0.0000
   9.6180E-02   9.6320E-02   0.0000E+00  0.0000   0.0000E+00  0.0000   0.0000E+00  0.0000   0.0000E+00  0.0000   0.0000E+00  0.0000   0.0000E+00  0.0000
   9.6320E-02   9.6460E-02   0.0000E+00  0.0000   0.0000E+00  0.0000   0.0000E+00  0.0000   0.0000E+00  0.0000   0.0000E+00  0.0000   0.0000E+00  0.0000
   9.6460E-02   9.6600E-02   0.0000E+00  0.0000   0.0000E+00  0.0000   0.0000E+00  0.0000   0.0000E+00  0.0000   0.0000E+00  0.0000   0.0000E+00  0.0000
   9.6600E-02   9.6740E-02   0.0000E+00  0.0000   0.0000E+00  0.0000   0.0000E+00  0.0000   0.0000E+00  0.0000   0.0000E+00  0.0000   0.0000E+00  0.0000
   9.6740E-02   9.6880E-02   0.0000E+00  0.0000   0.0000E+00  0.0000   0.0000E+00  0.0000   0.0000E+00  0.0000   0.0000E+00  0.0000   0.0000E+00  0.0000
   9.6880E-02   9.7020E-02   0.0000E+00  0.0000   0.0000E+00  0.0000   0.0000E+00  0.0000   0.0000E+00  0.0000   0.0000E+00  0.0000   0.0000E+00  0.0000
   9.7020E-02   9.7160E-02   0.0000E+00  0.0000   0.0000E+00  0.0000   0.0000E+00  0.0000   0.0000E+00  0.0000   0.0000E+00  0.0000   0.0000E+00  0.0000
   9.7160E-02   9.7300E-02   0.0000E+00  0.0000   0.0000E+00  0.0000   0.0000E+00  0.0000   0.0000E+00  0.0000   0.0000E+00  0.0000   0.0000E+00  0.0000
   9.7300E-02   9.7440E-02   0.0000E+00  0.0000   0.0000E+00  0.0000   0.0000E+00  0.0000   0.0000E+00  0.0000   0.0000E+00  0.0000   0.0000E+00  0.0000
   9.7440E-02   9.7580E-02   0.0000E+00  0.0000   0.0000E+00  0.0000   0.0000E+00  0.0000   0.0000E+00  0.0000   0.0000E+00  0.0000   0.0000E+00  0.0000
   9.7580E-02   9.7720E-02   0.0000E+00  0.0000   0.0000E+00  0.0000   0.0000E+00  0.0000   0.0000E+00  0.0000   0.0000E+00  0.0000   0.0000E+00  0.0000
   9.7720E-02   9.7860E-02   0.0000E+00  0.0000   0.0000E+00  0.0000   0.0000E+00  0.0000   0.0000E+00  0.0000   0.0000E+00  0.0000   0.0000E+00  0.0000
   9.7860E-02   9.8000E-02   0.0000E+00  0.0000   0.0000E+00  0.0000   0.0000E+00  0.0000   0.0000E+00  0.0000   0.0000E+00  0.0000   0.0000E+00  0.0000
   9.8000E-02   9.8140E-02   0.0000E+00  0.0000   0.0000E+00  0.0000   0.0000E+00  0.0000   0.0000E+00  0.0000   0.0000E+00  0.0000   0.0000E+00  0.0000
   9.8140E-02   9.8280E-02   0.0000E+00  0.0000   0.0000E+00  0.0000   0.0000E+00  0.0000   0.0000E+00  0.0000   0.0000E+00  0.0000   0.0000E+00  0.0000
   9.8280E-02   9.8420E-02   0.0000E+00  0.0000   0.0000E+00  0.0000   0.0000E+00  0.0000   0.0000E+00  0.0000   0.0000E+00  0.0000   0.0000E+00  0.0000
   9.8420E-02   9.8560E-02   0.0000E+00  0.0000   0.0000E+00  0.0000   0.0000E+00  0.0000   0.0000E+00  0.0000   0.0000E+00  0.0000   0.0000E+00  0.0000
   9.8560E-02   9.8700E-02   0.0000E+00  0.0000   0.0000E+00  0.0000   0.0000E+00  0.0000   0.0000E+00  0.0000   0.0000E+00  0.0000   0.0000E+00  0.0000
   9.8700E-02   9.8840E-02   0.0000E+00  0.0000   0.0000E+00  0.0000   0.0000E+00  0.0000   0.0000E+00  0.0000   0.0000E+00  0.0000   0.0000E+00  0.0000
   9.8840E-02   9.8980E-02   0.0000E+00  0.0000   0.0000E+00  0.0000   0.0000E+00  0.0000   0.0000E+00  0.0000   0.0000E+00  0.0000   0.0000E+00  0.0000
   9.8980E-02   9.9120E-02   0.0000E+00  0.0000   0.0000E+00  0.0000   0.0000E+00  0.0000   0.0000E+00  0.0000   0.0000E+00  0.0000   0.0000E+00  0.0000
   9.9120E-02   9.9260E-02   0.0000E+00  0.0000   0.0000E+00  0.0000   0.0000E+00  0.0000   0.0000E+00  0.0000   0.0000E+00  0.0000   0.0000E+00  0.0000
   9.9260E-02   9.9400E-02   0.0000E+00  0.0000   0.0000E+00  0.0000   0.0000E+00  0.0000   0.0000E+00  0.0000   0.0000E+00  0.0000   0.0000E+00  0.0000
   9.9400E-02   9.9540E-02   0.0000E+00  0.0000   0.0000E+00  0.0000   0.0000E+00  0.0000   0.0000E+00  0.0000   0.0000E+00  0.0000   0.0000E+00  0.0000
   9.9540E-02   9.9680E-02   0.0000E+00  0.0000   0.0000E+00  0.0000   0.0000E+00  0.0000   0.0000E+00  0.0000   0.0000E+00  0.0000   0.0000E+00  0.0000
   9.9680E-02   9.9820E-02   0.0000E+00  0.0000   0.0000E+00  0.0000   0.0000E+00  0.0000   0.0000E+00  0.0000   0.0000E+00  0.0000   0.0000E+00  0.0000
   9.9820E-02   9.9960E-02   0.0000E+00  0.0000   0.0000E+00  0.0000   0.0000E+00  0.0000   0.0000E+00  0.0000   0.0000E+00  0.0000   0.0000E+00  0.0000
   9.9960E-02   1.0010E-01   0.0000E+00  0.0000   7.1429E+03  0.0000   0.0000E+00  0.0000   0.0000E+00  0.0000   0.0000E+00  0.0000   7.1429E+03  0.0000
   1.0010E-01   1.0024E-01   0.0000E+00  0.0000   0.0000E+00  0.0000   0.0000E+00  0.0000   0.0000E+00  0.0000   0.0000E+00  0.0000   0.0000E+00  0.0000
   1.0024E-01   1.0038E-01   0.0000E+00  0.0000   0.0000E+00  0.0000   0.0000E+00  0.0000   0.0000E+00  0.0000   0.0000E+00  0.0000   0.0000E+00  0.0000
   1.0038E-01   1.0052E-01   0.0000E+00  0.0000   0.0000E+00  0.0000   0.0000E+00  0.0000   0.0000E+00  0.0000   0.0000E+00  0.0000   0.0000E+00  0.0000
   1.0052E-01   1.0066E-01   0.0000E+00  0.0000   0.0000E+00  0.0000   0.0000E+00  0.0000   0.0000E+00  0.0000   0.0000E+00  0.0000   0.0000E+00  0.0000
   1.0066E-01   1.0080E-01   0.0000E+00  0.0000   0.0000E+00  0.0000   0.0000E+00  0.0000   0.0000E+00  0.0000   0.0000E+00  0.0000   0.0000E+00  0.0000
   1.0080E-01   1.0094E-01   0.0000E+00  0.0000   0.0000E+00  0.0000   0.0000E+00  0.0000   0.0000E+00  0.0000   0.0000E+00  0.0000   0.0000E+00  0.0000
   1.0094E-01   1.0108E-01   0.0000E+00  0.0000   0.0000E+00  0.0000   0.0000E+00  0.0000   0.0000E+00  0.0000   0.0000E+00  0.0000   0.0000E+00  0.0000
   1.0108E-01   1.0122E-01   0.0000E+00  0.0000   0.0000E+00  0.0000   0.0000E+00  0.0000   0.0000E+00  0.0000   0.0000E+00  0.0000   0.0000E+00  0.0000
   1.0122E-01   1.0136E-01   0.0000E+00  0.0000   0.0000E+00  0.0000   0.0000E+00  0.0000   0.0000E+00  0.0000   0.0000E+00  0.0000   0.0000E+00  0.0000
   1.0136E-01   1.0150E-01   0.0000E+00  0.0000   0.0000E+00  0.0000   0.0000E+00  0.0000   0.0000E+00  0.0000   0.0000E+00  0.0000   0.0000E+00  0.0000
   1.0150E-01   1.0164E-01   0.0000E+00  0.0000   0.0000E+00  0.0000   0.0000E+00  0.0000   0.0000E+00  0.0000   0.0000E+00  0.0000   0.0000E+00  0.0000
   1.0164E-01   1.0178E-01   0.0000E+00  0.0000   0.0000E+00  0.0000   0.0000E+00  0.0000   0.0000E+00  0.0000   0.0000E+00  0.0000   0.0000E+00  0.0000
   1.0178E-01   1.0192E-01   0.0000E+00  0.0000   0.0000E+00  0.0000   0.0000E+00  0.0000   0.0000E+00  0.0000   0.0000E+00  0.0000   0.0000E+00  0.0000
   1.0192E-01   1.0206E-01   0.0000E+00  0.0000   0.0000E+00  0.0000   0.0000E+00  0.0000   0.0000E+00  0.0000   0.0000E+00  0.0000   0.0000E+00  0.0000
   1.0206E-01   1.0220E-01   0.0000E+00  0.0000   0.0000E+00  0.0000   0.0000E+00  0.0000   0.0000E+00  0.0000   0.0000E+00  0.0000   0.0000E+00  0.0000
   1.0220E-01   1.0234E-01   0.0000E+00  0.0000   0.0000E+00  0.0000   0.0000E+00  0.0000   0.0000E+00  0.0000   0.0000E+00  0.0000   0.0000E+00  0.0000
   1.0234E-01   1.0248E-01   0.0000E+00  0.0000   0.0000E+00  0.0000   0.0000E+00  0.0000   0.0000E+00  0.0000   0.0000E+00  0.0000   0.0000E+00  0.0000
   1.0248E-01   1.0262E-01   0.0000E+00  0.0000   0.0000E+00  0.0000   0.0000E+00  0.0000   0.0000E+00  0.0000   0.0000E+00  0.0000   0.0000E+00  0.0000
   1.0262E-01   1.0276E-01   0.0000E+00  0.0000   0.0000E+00  0.0000   0.0000E+00  0.0000   0.0000E+00  0.0000   0.0000E+00  0.0000   0.0000E+00  0.0000
   1.0276E-01   1.0290E-01   0.0000E+00  0.0000   0.0000E+00  0.0000   0.0000E+00  0.0000   0.0000E+00  0.0000   0.0000E+00  0.0000   0.0000E+00  0.0000
   1.0290E-01   1.0304E-01   0.0000E+00  0.0000   0.0000E+00  0.0000   0.0000E+00  0.0000   0.0000E+00  0.0000   0.0000E+00  0.0000   0.0000E+00  0.0000
   1.0304E-01   1.0318E-01   0.0000E+00  0.0000   0.0000E+00  0.0000   0.0000E+00  0.0000   0.0000E+00  0.0000   0.0000E+00  0.0000   0.0000E+00  0.0000
   1.0318E-01   1.0332E-01   0.0000E+00  0.0000   0.0000E+00  0.0000   0.0000E+00  0.0000   0.0000E+00  0.0000   0.0000E+00  0.0000   0.0000E+00  0.0000
   1.0332E-01   1.0346E-01   0.0000E+00  0.0000   0.0000E+00  0.0000   0.0000E+00  0.0000   0.0000E+00  0.0000   0.0000E+00  0.0000   0.0000E+00  0.0000
   1.0346E-01   1.0360E-01   0.0000E+00  0.0000   0.0000E+00  0.0000   0.0000E+00  0.0000   0.0000E+00  0.0000   0.0000E+00  0.0000   0.0000E+00  0.0000
   1.0360E-01   1.0374E-01   0.0000E+00  0.0000   0.0000E+00  0.0000   0.0000E+00  0.0000   0.0000E+00  0.0000   0.0000E+00  0.0000   0.0000E+00  0.0000
   1.0374E-01   1.0388E-01   0.0000E+00  0.0000   0.0000E+00  0.0000   0.0000E+00  0.0000   0.0000E+00  0.0000   0.0000E+00  0.0000   0.0000E+00  0.0000
   1.0388E-01   1.0402E-01   0.0000E+00  0.0000   0.0000E+00  0.0000   0.0000E+00  0.0000   0.0000E+00  0.0000   0.0000E+00  0.0000   0.0000E+00  0.0000
   1.0402E-01   1.0416E-01   0.0000E+00  0.0000   0.0000E+00  0.0000   0.0000E+00  0.0000   0.0000E+00  0.0000   0.0000E+00  0.0000   0.0000E+00  0.0000
   1.0416E-01   1.0430E-01   0.0000E+00  0.0000   0.0000E+00  0.0000   0.0000E+00  0.0000   0.0000E+00  0.0000   0.0000E+00  0.0000   0.0000E+00  0.0000
   1.0430E-01   1.0444E-01   0.0000E+00  0.0000   0.0000E+00  0.0000   0.0000E+00  0.0000   0.0000E+00  0.0000   0.0000E+00  0.0000   0.0000E+00  0.0000
   1.0444E-01   1.0458E-01   0.0000E+00  0.0000   0.0000E+00  0.0000   0.0000E+00  0.0000   0.0000E+00  0.0000   0.0000E+00  0.0000   0.0000E+00  0.0000
   1.0458E-01   1.0472E-01   0.0000E+00  0.0000   0.0000E+00  0.0000   0.0000E+00  0.0000   0.0000E+00  0.0000   0.0000E+00  0.0000   0.0000E+00  0.0000
   1.0472E-01   1.0486E-01   0.0000E+00  0.0000   0.0000E+00  0.0000   0.0000E+00  0.0000   0.0000E+00  0.0000   0.0000E+00  0.0000   0.0000E+00  0.0000
   1.0486E-01   1.0500E-01   0.0000E+00  0.0000   0.0000E+00  0.0000   0.0000E+00  0.0000   0.0000E+00  0.0000   0.0000E+00  0.0000   0.0000E+00  0.0000
   1.0500E-01   1.0514E-01   0.0000E+00  0.0000   0.0000E+00  0.0000   0.0000E+00  0.0000   0.0000E+00  0.0000   0.0000E+00  0.0000   0.0000E+00  0.0000
   1.0514E-01   1.0528E-01   0.0000E+00  0.0000   0.0000E+00  0.0000   0.0000E+00  0.0000   0.0000E+00  0.0000   0.0000E+00  0.0000   0.0000E+00  0.0000
   1.0528E-01   1.0542E-01   0.0000E+00  0.0000   0.0000E+00  0.0000   0.0000E+00  0.0000   0.0000E+00  0.0000   0.0000E+00  0.0000   0.0000E+00  0.0000
   1.0542E-01   1.0556E-01   0.0000E+00  0.0000   0.0000E+00  0.0000   0.0000E+00  0.0000   0.0000E+00  0.0000   0.0000E+00  0.0000   0.0000E+00  0.0000
   1.0556E-01   1.0570E-01   0.0000E+00  0.0000   0.0000E+00  0.0000   0.0000E+00  0.0000   0.0000E+00  0.0000   0.0000E+00  0.0000   0.0000E+00  0.0000
   1.0570E-01   1.0584E-01   0.0000E+00  0.0000   0.0000E+00  0.0000   0.0000E+00  0.0000   0.0000E+00  0.0000   0.0000E+00  0.0000   0.0000E+00  0.0000
   1.0584E-01   1.0598E-01   0.0000E+00  0.0000   0.0000E+00  0.0000   0.0000E+00  0.0000   0.0000E+00  0.0000   0.0000E+00  0.0000   0.0000E+00  0.0000
   1.0598E-01   1.0612E-01   0.0000E+00  0.0000   0.0000E+00  0.0000   0.0000E+00  0.0000   0.0000E+00  0.0000   0.0000E+00  0.0000   0.0000E+00  0.0000
   1.0612E-01   1.0626E-01   0.0000E+00  0.0000   0.0000E+00  0.0000   0.0000E+00  0.0000   0.0000E+00  0.0000   0.0000E+00  0.0000   0.0000E+00  0.0000
   1.0626E-01   1.0640E-01   0.0000E+00  0.0000   0.0000E+00  0.0000   0.0000E+00  0.0000   0.0000E+00  0.0000   0.0000E+00  0.0000   0.0000E+00  0.0000
   1.0640E-01   1.0654E-01   0.0000E+00  0.0000   0.0000E+00  0.0000   0.0000E+00  0.0000   0.0000E+00  0.0000   0.0000E+00  0.0000   0.0000E+00  0.0000
   1.0654E-01   1.0668E-01   0.0000E+00  0.0000   0.0000E+00  0.0000   0.0000E+00  0.0000   0.0000E+00  0.0000   0.0000E+00  0.0000   0.0000E+00  0.0000
   1.0668E-01   1.0682E-01   0.0000E+00  0.0000   0.0000E+00  0.0000   0.0000E+00  0.0000   0.0000E+00  0.0000   0.0000E+00  0.0000   0.0000E+00  0.0000
   1.0682E-01   1.0696E-01   0.0000E+00  0.0000   0.0000E+00  0.0000   0.0000E+00  0.0000   0.0000E+00  0.0000   0.0000E+00  0.0000   0.0000E+00  0.0000
   1.0696E-01   1.0710E-01   0.0000E+00  0.0000   0.0000E+00  0.0000   0.0000E+00  0.0000   0.0000E+00  0.0000   0.0000E+00  0.0000   0.0000E+00  0.0000
   1.0710E-01   1.0724E-01   0.0000E+00  0.0000   0.0000E+00  0.0000   0.0000E+00  0.0000   0.0000E+00  0.0000   0.0000E+00  0.0000   0.0000E+00  0.0000
   1.0724E-01   1.0738E-01   0.0000E+00  0.0000   0.0000E+00  0.0000   0.0000E+00  0.0000   0.0000E+00  0.0000   0.0000E+00  0.0000   0.0000E+00  0.0000
   1.0738E-01   1.0752E-01   0.0000E+00  0.0000   0.0000E+00  0.0000   0.0000E+00  0.0000   0.0000E+00  0.0000   0.0000E+00  0.0000   0.0000E+00  0.0000
   1.0752E-01   1.0766E-01   0.0000E+00  0.0000   0.0000E+00  0.0000   0.0000E+00  0.0000   0.0000E+00  0.0000   0.0000E+00  0.0000   0.0000E+00  0.0000
   1.0766E-01   1.0780E-01   0.0000E+00  0.0000   0.0000E+00  0.0000   0.0000E+00  0.0000   0.0000E+00  0.0000   0.0000E+00  0.0000   0.0000E+00  0.0000
   1.0780E-01   1.0794E-01   0.0000E+00  0.0000   0.0000E+00  0.0000   0.0000E+00  0.0000   0.0000E+00  0.0000   0.0000E+00  0.0000   0.0000E+00  0.0000
   1.0794E-01   1.0808E-01   0.0000E+00  0.0000   0.0000E+00  0.0000   0.0000E+00  0.0000   0.0000E+00  0.0000   0.0000E+00  0.0000   0.0000E+00  0.0000
   1.0808E-01   1.0822E-01   0.0000E+00  0.0000   0.0000E+00  0.0000   0.0000E+00  0.0000   0.0000E+00  0.0000   0.0000E+00  0.0000   0.0000E+00  0.0000
   1.0822E-01   1.0836E-01   0.0000E+00  0.0000   0.0000E+00  0.0000   0.0000E+00  0.0000   0.0000E+00  0.0000   0.0000E+00  0.0000   0.0000E+00  0.0000
   1.0836E-01   1.0850E-01   0.0000E+00  0.0000   0.0000E+00  0.0000   0.0000E+00  0.0000   0.0000E+00  0.0000   0.0000E+00  0.0000   0.0000E+00  0.0000
   1.0850E-01   1.0864E-01   0.0000E+00  0.0000   0.0000E+00  0.0000   0.0000E+00  0.0000   0.0000E+00  0.0000   0.0000E+00  0.0000   0.0000E+00  0.0000
   1.0864E-01   1.0878E-01   0.0000E+00  0.0000   0.0000E+00  0.0000   0.0000E+00  0.0000   0.0000E+00  0.0000   0.0000E+00  0.0000   0.0000E+00  0.0000
   1.0878E-01   1.0892E-01   0.0000E+00  0.0000   0.0000E+00  0.0000   0.0000E+00  0.0000   0.0000E+00  0.0000   0.0000E+00  0.0000   0.0000E+00  0.0000
   1.0892E-01   1.0906E-01   0.0000E+00  0.0000   0.0000E+00  0.0000   0.0000E+00  0.0000   0.0000E+00  0.0000   0.0000E+00  0.0000   0.0000E+00  0.0000
   1.0906E-01   1.0920E-01   0.0000E+00  0.0000   0.0000E+00  0.0000   0.0000E+00  0.0000   0.0000E+00  0.0000   0.0000E+00  0.0000   0.0000E+00  0.0000
   1.0920E-01   1.0934E-01   0.0000E+00  0.0000   0.0000E+00  0.0000   0.0000E+00  0.0000   0.0000E+00  0.0000   0.0000E+00  0.0000   0.0000E+00  0.0000
   1.0934E-01   1.0948E-01   0.0000E+00  0.0000   0.0000E+00  0.0000   0.0000E+00  0.0000   0.0000E+00  0.0000   0.0000E+00  0.0000   0.0000E+00  0.0000
   1.0948E-01   1.0962E-01   0.0000E+00  0.0000   0.0000E+00  0.0000   0.0000E+00  0.0000   0.0000E+00  0.0000   0.0000E+00  0.0000   0.0000E+00  0.0000
   1.0962E-01   1.0976E-01   0.0000E+00  0.0000   0.0000E+00  0.0000   0.0000E+00  0.0000   0.0000E+00  0.0000   0.0000E+00  0.0000   0.0000E+00  0.0000
   1.0976E-01   1.0990E-01   0.0000E+00  0.0000   0.0000E+00  0.0000   0.0000E+00  0.0000   0.0000E+00  0.0000   0.0000E+00  0.0000   0.0000E+00  0.0000
   1.0990E-01   1.1004E-01   0.0000E+00  0.0000   0.0000E+00  0.0000   0.0000E+00  0.0000   0.0000E+00  0.0000   0.0000E+00  0.0000   0.0000E+00  0.0000
   1.1004E-01   1.1018E-01   0.0000E+00  0.0000   0.0000E+00  0.0000   0.0000E+00  0.0000   0.0000E+00  0.0000   0.0000E+00  0.0000   0.0000E+00  0.0000
   1.1018E-01   1.1032E-01   0.0000E+00  0.0000   0.0000E+00  0.0000   0.0000E+00  0.0000   0.0000E+00  0.0000   0.0000E+00  0.0000   0.0000E+00  0.0000
   1.1032E-01   1.1046E-01   0.0000E+00  0.0000   0.0000E+00  0.0000   0.0000E+00  0.0000   0.0000E+00  0.0000   0.0000E+00  0.0000   0.0000E+00  0.0000
   1.1046E-01   1.1060E-01   0.0000E+00  0.0000   0.0000E+00  0.0000   0.0000E+00  0.0000   0.0000E+00  0.0000   0.0000E+00  0.0000   0.0000E+00  0.0000
   1.1060E-01   1.1074E-01   0.0000E+00  0.0000   0.0000E+00  0.0000   0.0000E+00  0.0000   0.0000E+00  0.0000   0.0000E+00  0.0000   0.0000E+00  0.0000
   1.1074E-01   1.1088E-01   0.0000E+00  0.0000   0.0000E+00  0.0000   0.0000E+00  0.0000   0.0000E+00  0.0000   0.0000E+00  0.0000   0.0000E+00  0.0000
   1.1088E-01   1.1102E-01   0.0000E+00  0.0000   0.0000E+00  0.0000   0.0000E+00  0.0000   0.0000E+00  0.0000   0.0000E+00  0.0000   0.0000E+00  0.0000
   1.1102E-01   1.1116E-01   0.0000E+00  0.0000   0.0000E+00  0.0000   0.0000E+00  0.0000   0.0000E+00  0.0000   0.0000E+00  0.0000   0.0000E+00  0.0000
   1.1116E-01   1.1130E-01   0.0000E+00  0.0000   0.0000E+00  0.0000   0.0000E+00  0.0000   0.0000E+00  0.0000   0.0000E+00  0.0000   0.0000E+00  0.0000
   1.1130E-01   1.1144E-01   0.0000E+00  0.0000   0.0000E+00  0.0000   0.0000E+00  0.0000   0.0000E+00  0.0000   0.0000E+00  0.0000   0.0000E+00  0.0000
   1.1144E-01   1.1158E-01   0.0000E+00  0.0000   0.0000E+00  0.0000   0.0000E+00  0.0000   0.0000E+00  0.0000   0.0000E+00  0.0000   0.0000E+00  0.0000
   1.1158E-01   1.1172E-01   0.0000E+00  0.0000   0.0000E+00  0.0000   0.0000E+00  0.0000   0.0000E+00  0.0000   0.0000E+00  0.0000   0.0000E+00  0.0000
   1.1172E-01   1.1186E-01   0.0000E+00  0.0000   0.0000E+00  0.0000   0.0000E+00  0.0000   0.0000E+00  0.0000   0.0000E+00  0.0000   0.0000E+00  0.0000
   1.1186E-01   1.1200E-01   0.0000E+00  0.0000   0.0000E+00  0.0000   0.0000E+00  0.0000   0.0000E+00  0.0000   0.0000E+00  0.0000   0.0000E+00  0.0000
   1.1200E-01   1.1214E-01   0.0000E+00  0.0000   0.0000E+00  0.0000   0.0000E+00  0.0000   0.0000E+00  0.0000   0.0000E+00  0.0000   0.0000E+00  0.0000
   1.1214E-01   1.1228E-01   0.0000E+00  0.0000   0.0000E+00  0.0000   0.0000E+00  0.0000   0.0000E+00  0.0000   0.0000E+00  0.0000   0.0000E+00  0.0000
   1.1228E-01   1.1242E-01   0.0000E+00  0.0000   0.0000E+00  0.0000   0.0000E+00  0.0000   0.0000E+00  0.0000   0.0000E+00  0.0000   0.0000E+00  0.0000
   1.1242E-01   1.1256E-01   0.0000E+00  0.0000   0.0000E+00  0.0000   0.0000E+00  0.0000   0.0000E+00  0.0000   0.0000E+00  0.0000   0.0000E+00  0.0000
   1.1256E-01   1.1270E-01   0.0000E+00  0.0000   0.0000E+00  0.0000   0.0000E+00  0.0000   0.0000E+00  0.0000   0.0000E+00  0.0000   0.0000E+00  0.0000
   1.1270E-01   1.1284E-01   0.0000E+00  0.0000   0.0000E+00  0.0000   0.0000E+00  0.0000   0.0000E+00  0.0000   0.0000E+00  0.0000   0.0000E+00  0.0000
   1.1284E-01   1.1298E-01   0.0000E+00  0.0000   0.0000E+00  0.0000   0.0000E+00  0.0000   0.0000E+00  0.0000   0.0000E+00  0.0000   0.0000E+00  0.0000
   1.1298E-01   1.1312E-01   0.0000E+00  0.0000   0.0000E+00  0.0000   0.0000E+00  0.0000   0.0000E+00  0.0000   0.0000E+00  0.0000   0.0000E+00  0.0000
   1.1312E-01   1.1326E-01   0.0000E+00  0.0000   0.0000E+00  0.0000   0.0000E+00  0.0000   0.0000E+00  0.0000   0.0000E+00  0.0000   0.0000E+00  0.0000
   1.1326E-01   1.1340E-01   0.0000E+00  0.0000   0.0000E+00  0.0000   0.0000E+00  0.0000   0.0000E+00  0.0000   0.0000E+00  0.0000   0.0000E+00  0.0000
   1.1340E-01   1.1354E-01   0.0000E+00  0.0000   0.0000E+00  0.0000   0.0000E+00  0.0000   0.0000E+00  0.0000   0.0000E+00  0.0000   0.0000E+00  0.0000
   1.1354E-01   1.1368E-01   0.0000E+00  0.0000   0.0000E+00  0.0000   0.0000E+00  0.0000   0.0000E+00  0.0000   0.0000E+00  0.0000   0.0000E+00  0.0000
   1.1368E-01   1.1382E-01   0.0000E+00  0.0000   0.0000E+00  0.0000   0.0000E+00  0.0000   0.0000E+00  0.0000   0.0000E+00  0.0000   0.0000E+00  0.0000
   1.1382E-01   1.1396E-01   0.0000E+00  0.0000   0.0000E+00  0.0000   0.0000E+00  0.0000   0.0000E+00  0.0000   0.0000E+00  0.0000   0.0000E+00  0.0000
   1.1396E-01   1.1410E-01   0.0000E+00  0.0000   0.0000E+00  0.0000   0.0000E+00  0.0000   0.0000E+00  0.0000   0.0000E+00  0.0000   0.0000E+00  0.0000
   1.1410E-01   1.1424E-01   0.0000E+00  0.0000   0.0000E+00  0.0000   0.0000E+00  0.0000   0.0000E+00  0.0000   0.0000E+00  0.0000   0.0000E+00  0.0000
   1.1424E-01   1.1438E-01   0.0000E+00  0.0000   0.0000E+00  0.0000   0.0000E+00  0.0000   0.0000E+00  0.0000   0.0000E+00  0.0000   0.0000E+00  0.0000
   1.1438E-01   1.1452E-01   0.0000E+00  0.0000   0.0000E+00  0.0000   0.0000E+00  0.0000   0.0000E+00  0.0000   0.0000E+00  0.0000   0.0000E+00  0.0000
   1.1452E-01   1.1466E-01   0.0000E+00  0.0000   0.0000E+00  0.0000   0.0000E+00  0.0000   0.0000E+00  0.0000   0.0000E+00  0.0000   0.0000E+00  0.0000
   1.1466E-01   1.1480E-01   0.0000E+00  0.0000   0.0000E+00  0.0000   0.0000E+00  0.0000   0.0000E+00  0.0000   0.0000E+00  0.0000   0.0000E+00  0.0000
   1.1480E-01   1.1494E-01   0.0000E+00  0.0000   0.0000E+00  0.0000   0.0000E+00  0.0000   0.0000E+00  0.0000   0.0000E+00  0.0000   0.0000E+00  0.0000
   1.1494E-01   1.1508E-01   0.0000E+00  0.0000   0.0000E+00  0.0000   0.0000E+00  0.0000   0.0000E+00  0.0000   0.0000E+00  0.0000   0.0000E+00  0.0000
   1.1508E-01   1.1522E-01   0.0000E+00  0.0000   0.0000E+00  0.0000   0.0000E+00  0.0000   0.0000E+00  0.0000   0.0000E+00  0.0000   0.0000E+00  0.0000
   1.1522E-01   1.1536E-01   0.0000E+00  0.0000   0.0000E+00  0.0000   0.0000E+00  0.0000   0.0000E+00  0.0000   0.0000E+00  0.0000   0.0000E+00  0.0000
   1.1536E-01   1.1550E-01   0.0000E+00  0.0000   0.0000E+00  0.0000   0.0000E+00  0.0000   0.0000E+00  0.0000   0.0000E+00  0.0000   0.0000E+00  0.0000
   1.1550E-01   1.1564E-01   0.0000E+00  0.0000   0.0000E+00  0.0000   0.0000E+00  0.0000   0.0000E+00  0.0000   0.0000E+00  0.0000   0.0000E+00  0.0000
   1.1564E-01   1.1578E-01   0.0000E+00  0.0000   0.0000E+00  0.0000   0.0000E+00  0.0000   0.0000E+00  0.0000   0.0000E+00  0.0000   0.0000E+00  0.0000
   1.1578E-01   1.1592E-01   0.0000E+00  0.0000   0.0000E+00  0.0000   0.0000E+00  0.0000   0.0000E+00  0.0000   0.0000E+00  0.0000   0.0000E+00  0.0000
   1.1592E-01   1.1606E-01   0.0000E+00  0.0000   0.0000E+00  0.0000   0.0000E+00  0.0000   0.0000E+00  0.0000   0.0000E+00  0.0000   0.0000E+00  0.0000
   1.1606E-01   1.1620E-01   0.0000E+00  0.0000   0.0000E+00  0.0000   0.0000E+00  0.0000   0.0000E+00  0.0000   0.0000E+00  0.0000   0.0000E+00  0.0000
   1.1620E-01   1.1634E-01   0.0000E+00  0.0000   0.0000E+00  0.0000   0.0000E+00  0.0000   0.0000E+00  0.0000   0.0000E+00  0.0000   0.0000E+00  0.0000
   1.1634E-01   1.1648E-01   0.0000E+00  0.0000   0.0000E+00  0.0000   0.0000E+00  0.0000   0.0000E+00  0.0000   0.0000E+00  0.0000   0.0000E+00  0.0000
   1.1648E-01   1.1662E-01   0.0000E+00  0.0000   0.0000E+00  0.0000   0.0000E+00  0.0000   0.0000E+00  0.0000   0.0000E+00  0.0000   0.0000E+00  0.0000
   1.1662E-01   1.1676E-01   0.0000E+00  0.0000   0.0000E+00  0.0000   0.0000E+00  0.0000   0.0000E+00  0.0000   0.0000E+00  0.0000   0.0000E+00  0.0000
   1.1676E-01   1.1690E-01   0.0000E+00  0.0000   0.0000E+00  0.0000   0.0000E+00  0.0000   0.0000E+00  0.0000   0.0000E+00  0.0000   0.0000E+00  0.0000
   1.1690E-01   1.1704E-01   0.0000E+00  0.0000   0.0000E+00  0.0000   0.0000E+00  0.0000   0.0000E+00  0.0000   0.0000E+00  0.0000   0.0000E+00  0.0000
   1.1704E-01   1.1718E-01   0.0000E+00  0.0000   0.0000E+00  0.0000   0.0000E+00  0.0000   0.0000E+00  0.0000   0.0000E+00  0.0000   0.0000E+00  0.0000
   1.1718E-01   1.1732E-01   0.0000E+00  0.0000   0.0000E+00  0.0000   0.0000E+00  0.0000   0.0000E+00  0.0000   0.0000E+00  0.0000   0.0000E+00  0.0000
   1.1732E-01   1.1746E-01   0.0000E+00  0.0000   0.0000E+00  0.0000   0.0000E+00  0.0000   0.0000E+00  0.0000   0.0000E+00  0.0000   0.0000E+00  0.0000
   1.1746E-01   1.1760E-01   0.0000E+00  0.0000   0.0000E+00  0.0000   0.0000E+00  0.0000   0.0000E+00  0.0000   0.0000E+00  0.0000   0.0000E+00  0.0000
   1.1760E-01   1.1774E-01   0.0000E+00  0.0000   0.0000E+00  0.0000   0.0000E+00  0.0000   0.0000E+00  0.0000   0.0000E+00  0.0000   0.0000E+00  0.0000
   1.1774E-01   1.1788E-01   0.0000E+00  0.0000   0.0000E+00  0.0000   0.0000E+00  0.0000   0.0000E+00  0.0000   0.0000E+00  0.0000   0.0000E+00  0.0000
   1.1788E-01   1.1802E-01   0.0000E+00  0.0000   0.0000E+00  0.0000   0.0000E+00  0.0000   0.0000E+00  0.0000   0.0000E+00  0.0000   0.0000E+00  0.0000
   1.1802E-01   1.1816E-01   0.0000E+00  0.0000   0.0000E+00  0.0000   0.0000E+00  0.0000   0.0000E+00  0.0000   0.0000E+00  0.0000   0.0000E+00  0.0000
   1.1816E-01   1.1830E-01   0.0000E+00  0.0000   0.0000E+00  0.0000   0.0000E+00  0.0000   0.0000E+00  0.0000   0.0000E+00  0.0000   0.0000E+00  0.0000
   1.1830E-01   1.1844E-01   0.0000E+00  0.0000   0.0000E+00  0.0000   0.0000E+00  0.0000   0.0000E+00  0.0000   0.0000E+00  0.0000   0.0000E+00  0.0000
   1.1844E-01   1.1858E-01   0.0000E+00  0.0000   0.0000E+00  0.0000   0.0000E+00  0.0000   0.0000E+00  0.0000   0.0000E+00  0.0000   0.0000E+00  0.0000
   1.1858E-01   1.1872E-01   0.0000E+00  0.0000   0.0000E+00  0.0000   0.0000E+00  0.0000   0.0000E+00  0.0000   0.0000E+00  0.0000   0.0000E+00  0.0000
   1.1872E-01   1.1886E-01   0.0000E+00  0.0000   0.0000E+00  0.0000   0.0000E+00  0.0000   0.0000E+00  0.0000   0.0000E+00  0.0000   0.0000E+00  0.0000
   1.1886E-01   1.1900E-01   0.0000E+00  0.0000   0.0000E+00  0.0000   0.0000E+00  0.0000   0.0000E+00  0.0000   0.0000E+00  0.0000   0.0000E+00  0.0000
   1.1900E-01   1.1914E-01   0.0000E+00  0.0000   0.0000E+00  0.0000   0.0000E+00  0.0000   0.0000E+00  0.0000   0.0000E+00  0.0000   0.0000E+00  0.0000
   1.1914E-01   1.1928E-01   0.0000E+00  0.0000   0.0000E+00  0.0000   0.0000E+00  0.0000   0.0000E+00  0.0000   0.0000E+00  0.0000   0.0000E+00  0.0000
   1.1928E-01   1.1942E-01   0.0000E+00  0.0000   0.0000E+00  0.0000   0.0000E+00  0.0000   0.0000E+00  0.0000   0.0000E+00  0.0000   0.0000E+00  0.0000
   1.1942E-01   1.1956E-01   0.0000E+00  0.0000   0.0000E+00  0.0000   0.0000E+00  0.0000   0.0000E+00  0.0000   0.0000E+00  0.0000   0.0000E+00  0.0000
   1.1956E-01   1.1970E-01   0.0000E+00  0.0000   0.0000E+00  0.0000   0.0000E+00  0.0000   0.0000E+00  0.0000   0.0000E+00  0.0000   0.0000E+00  0.0000
   1.1970E-01   1.1984E-01   0.0000E+00  0.0000   0.0000E+00  0.0000   0.0000E+00  0.0000   0.0000E+00  0.0000   0.0000E+00  0.0000   0.0000E+00  0.0000
   1.1984E-01   1.1998E-01   0.0000E+00  0.0000   0.0000E+00  0.0000   0.0000E+00  0.0000   0.0000E+00  0.0000   0.0000E+00  0.0000   0.0000E+00  0.0000
   1.1998E-01   1.2012E-01   0.0000E+00  0.0000   0.0000E+00  0.0000   0.0000E+00  0.0000   0.0000E+00  0.0000   0.0000E+00  0.0000   0.0000E+00  0.0000
   1.2012E-01   1.2026E-01   0.0000E+00  0.0000   0.0000E+00  0.0000   0.0000E+00  0.0000   0.0000E+00  0.0000   0.0000E+00  0.0000   0.0000E+00  0.0000
   1.2026E-01   1.2040E-01   0.0000E+00  0.0000   0.0000E+00  0.0000   0.0000E+00  0.0000   0.0000E+00  0.0000   0.0000E+00  0.0000   0.0000E+00  0.0000
   1.2040E-01   1.2054E-01   0.0000E+00  0.0000   0.0000E+00  0.0000   0.0000E+00  0.0000   0.0000E+00  0.0000   0.0000E+00  0.0000   0.0000E+00  0.0000
   1.2054E-01   1.2068E-01   0.0000E+00  0.0000   0.0000E+00  0.0000   0.0000E+00  0.0000   0.0000E+00  0.0000   0.0000E+00  0.0000   0.0000E+00  0.0000
   1.2068E-01   1.2082E-01   0.0000E+00  0.0000   0.0000E+00  0.0000   0.0000E+00  0.0000   0.0000E+00  0.0000   0.0000E+00  0.0000   0.0000E+00  0.0000
   1.2082E-01   1.2096E-01   0.0000E+00  0.0000   0.0000E+00  0.0000   0.0000E+00  0.0000   0.0000E+00  0.0000   0.0000E+00  0.0000   0.0000E+00  0.0000
   1.2096E-01   1.2110E-01   0.0000E+00  0.0000   0.0000E+00  0.0000   0.0000E+00  0.0000   0.0000E+00  0.0000   0.0000E+00  0.0000   0.0000E+00  0.0000
   1.2110E-01   1.2124E-01   0.0000E+00  0.0000   0.0000E+00  0.0000   0.0000E+00  0.0000   0.0000E+00  0.0000   0.0000E+00  0.0000   0.0000E+00  0.0000
   1.2124E-01   1.2138E-01   0.0000E+00  0.0000   0.0000E+00  0.0000   0.0000E+00  0.0000   0.0000E+00  0.0000   0.0000E+00  0.0000   0.0000E+00  0.0000
   1.2138E-01   1.2152E-01   0.0000E+00  0.0000   0.0000E+00  0.0000   0.0000E+00  0.0000   0.0000E+00  0.0000   0.0000E+00  0.0000   0.0000E+00  0.0000
   1.2152E-01   1.2166E-01   0.0000E+00  0.0000   0.0000E+00  0.0000   0.0000E+00  0.0000   0.0000E+00  0.0000   0.0000E+00  0.0000   0.0000E+00  0.0000
   1.2166E-01   1.2180E-01   0.0000E+00  0.0000   0.0000E+00  0.0000   0.0000E+00  0.0000   0.0000E+00  0.0000   0.0000E+00  0.0000   0.0000E+00  0.0000
   1.2180E-01   1.2194E-01   0.0000E+00  0.0000   0.0000E+00  0.0000   0.0000E+00  0.0000   0.0000E+00  0.0000   0.0000E+00  0.0000   0.0000E+00  0.0000
   1.2194E-01   1.2208E-01   0.0000E+00  0.0000   0.0000E+00  0.0000   0.0000E+00  0.0000   0.0000E+00  0.0000   0.0000E+00  0.0000   0.0000E+00  0.0000
   1.2208E-01   1.2222E-01   0.0000E+00  0.0000   0.0000E+00  0.0000   0.0000E+00  0.0000   0.0000E+00  0.0000   0.0000E+00  0.0000   0.0000E+00  0.0000
   1.2222E-01   1.2236E-01   0.0000E+00  0.0000   0.0000E+00  0.0000   0.0000E+00  0.0000   0.0000E+00  0.0000   0.0000E+00  0.0000   0.0000E+00  0.0000
   1.2236E-01   1.2250E-01   0.0000E+00  0.0000   0.0000E+00  0.0000   0.0000E+00  0.0000   0.0000E+00  0.0000   0.0000E+00  0.0000   0.0000E+00  0.0000
   1.2250E-01   1.2264E-01   0.0000E+00  0.0000   0.0000E+00  0.0000   0.0000E+00  0.0000   0.0000E+00  0.0000   0.0000E+00  0.0000   0.0000E+00  0.0000
   1.2264E-01   1.2278E-01   0.0000E+00  0.0000   0.0000E+00  0.0000   0.0000E+00  0.0000   0.0000E+00  0.0000   0.0000E+00  0.0000   0.0000E+00  0.0000
   1.2278E-01   1.2292E-01   0.0000E+00  0.0000   0.0000E+00  0.0000   0.0000E+00  0.0000   0.0000E+00  0.0000   0.0000E+00  0.0000   0.0000E+00  0.0000
   1.2292E-01   1.2306E-01   0.0000E+00  0.0000   0.0000E+00  0.0000   0.0000E+00  0.0000   0.0000E+00  0.0000   0.0000E+00  0.0000   0.0000E+00  0.0000
   1.2306E-01   1.2320E-01   0.0000E+00  0.0000   0.0000E+00  0.0000   0.0000E+00  0.0000   0.0000E+00  0.0000   0.0000E+00  0.0000   0.0000E+00  0.0000
   1.2320E-01   1.2334E-01   0.0000E+00  0.0000   0.0000E+00  0.0000   0.0000E+00  0.0000   0.0000E+00  0.0000   0.0000E+00  0.0000   0.0000E+00  0.0000
   1.2334E-01   1.2348E-01   0.0000E+00  0.0000   0.0000E+00  0.0000   0.0000E+00  0.0000   0.0000E+00  0.0000   0.0000E+00  0.0000   0.0000E+00  0.0000
   1.2348E-01   1.2362E-01   0.0000E+00  0.0000   0.0000E+00  0.0000   0.0000E+00  0.0000   0.0000E+00  0.0000   0.0000E+00  0.0000   0.0000E+00  0.0000
   1.2362E-01   1.2376E-01   0.0000E+00  0.0000   0.0000E+00  0.0000   0.0000E+00  0.0000   0.0000E+00  0.0000   0.0000E+00  0.0000   0.0000E+00  0.0000
   1.2376E-01   1.2390E-01   0.0000E+00  0.0000   0.0000E+00  0.0000   0.0000E+00  0.0000   0.0000E+00  0.0000   0.0000E+00  0.0000   0.0000E+00  0.0000
   1.2390E-01   1.2404E-01   0.0000E+00  0.0000   0.0000E+00  0.0000   0.0000E+00  0.0000   0.0000E+00  0.0000   0.0000E+00  0.0000   0.0000E+00  0.0000
   1.2404E-01   1.2418E-01   0.0000E+00  0.0000   0.0000E+00  0.0000   0.0000E+00  0.0000   0.0000E+00  0.0000   0.0000E+00  0.0000   0.0000E+00  0.0000
   1.2418E-01   1.2432E-01   0.0000E+00  0.0000   0.0000E+00  0.0000   0.0000E+00  0.0000   0.0000E+00  0.0000   0.0000E+00  0.0000   0.0000E+00  0.0000
   1.2432E-01   1.2446E-01   0.0000E+00  0.0000   0.0000E+00  0.0000   0.0000E+00  0.0000   0.0000E+00  0.0000   0.0000E+00  0.0000   0.0000E+00  0.0000
   1.2446E-01   1.2460E-01   0.0000E+00  0.0000   0.0000E+00  0.0000   0.0000E+00  0.0000   0.0000E+00  0.0000   0.0000E+00  0.0000   0.0000E+00  0.0000
   1.2460E-01   1.2474E-01   0.0000E+00  0.0000   0.0000E+00  0.0000   0.0000E+00  0.0000   0.0000E+00  0.0000   0.0000E+00  0.0000   0.0000E+00  0.0000
   1.2474E-01   1.2488E-01   0.0000E+00  0.0000   0.0000E+00  0.0000   0.0000E+00  0.0000   0.0000E+00  0.0000   0.0000E+00  0.0000   0.0000E+00  0.0000
   1.2488E-01   1.2502E-01   0.0000E+00  0.0000   0.0000E+00  0.0000   0.0000E+00  0.0000   0.0000E+00  0.0000   0.0000E+00  0.0000   0.0000E+00  0.0000
   1.2502E-01   1.2516E-01   0.0000E+00  0.0000   0.0000E+00  0.0000   0.0000E+00  0.0000   0.0000E+00  0.0000   0.0000E+00  0.0000   0.0000E+00  0.0000
   1.2516E-01   1.2530E-01   0.0000E+00  0.0000   0.0000E+00  0.0000   0.0000E+00  0.0000   0.0000E+00  0.0000   0.0000E+00  0.0000   0.0000E+00  0.0000
   1.2530E-01   1.2544E-01   0.0000E+00  0.0000   0.0000E+00  0.0000   0.0000E+00  0.0000   0.0000E+00  0.0000   0.0000E+00  0.0000   0.0000E+00  0.0000
   1.2544E-01   1.2558E-01   0.0000E+00  0.0000   0.0000E+00  0.0000   0.0000E+00  0.0000   0.0000E+00  0.0000   0.0000E+00  0.0000   0.0000E+00  0.0000
   1.2558E-01   1.2572E-01   0.0000E+00  0.0000   0.0000E+00  0.0000   0.0000E+00  0.0000   0.0000E+00  0.0000   0.0000E+00  0.0000   0.0000E+00  0.0000
   1.2572E-01   1.2586E-01   0.0000E+00  0.0000   0.0000E+00  0.0000   0.0000E+00  0.0000   0.0000E+00  0.0000   0.0000E+00  0.0000   0.0000E+00  0.0000
   1.2586E-01   1.2600E-01   0.0000E+00  0.0000   0.0000E+00  0.0000   0.0000E+00  0.0000   0.0000E+00  0.0000   0.0000E+00  0.0000   0.0000E+00  0.0000
   1.2600E-01   1.2614E-01   0.0000E+00  0.0000   0.0000E+00  0.0000   0.0000E+00  0.0000   0.0000E+00  0.0000   0.0000E+00  0.0000   0.0000E+00  0.0000
   1.2614E-01   1.2628E-01   0.0000E+00  0.0000   0.0000E+00  0.0000   0.0000E+00  0.0000   0.0000E+00  0.0000   0.0000E+00  0.0000   0.0000E+00  0.0000
   1.2628E-01   1.2642E-01   0.0000E+00  0.0000   0.0000E+00  0.0000   0.0000E+00  0.0000   0.0000E+00  0.0000   0.0000E+00  0.0000   0.0000E+00  0.0000
   1.2642E-01   1.2656E-01   0.0000E+00  0.0000   0.0000E+00  0.0000   0.0000E+00  0.0000   0.0000E+00  0.0000   0.0000E+00  0.0000   0.0000E+00  0.0000
   1.2656E-01   1.2670E-01   0.0000E+00  0.0000   0.0000E+00  0.0000   0.0000E+00  0.0000   0.0000E+00  0.0000   0.0000E+00  0.0000   0.0000E+00  0.0000
   1.2670E-01   1.2684E-01   0.0000E+00  0.0000   0.0000E+00  0.0000   0.0000E+00  0.0000   0.0000E+00  0.0000   0.0000E+00  0.0000   0.0000E+00  0.0000
   1.2684E-01   1.2698E-01   0.0000E+00  0.0000   0.0000E+00  0.0000   0.0000E+00  0.0000   0.0000E+00  0.0000   0.0000E+00  0.0000   0.0000E+00  0.0000
   1.2698E-01   1.2712E-01   0.0000E+00  0.0000   0.0000E+00  0.0000   0.0000E+00  0.0000   0.0000E+00  0.0000   0.0000E+00  0.0000   0.0000E+00  0.0000
   1.2712E-01   1.2726E-01   0.0000E+00  0.0000   0.0000E+00  0.0000   0.0000E+00  0.0000   0.0000E+00  0.0000   0.0000E+00  0.0000   0.0000E+00  0.0000
   1.2726E-01   1.2740E-01   0.0000E+00  0.0000   0.0000E+00  0.0000   0.0000E+00  0.0000   0.0000E+00  0.0000   0.0000E+00  0.0000   0.0000E+00  0.0000
   1.2740E-01   1.2754E-01   0.0000E+00  0.0000   0.0000E+00  0.0000   0.0000E+00  0.0000   0.0000E+00  0.0000   0.0000E+00  0.0000   0.0000E+00  0.0000
   1.2754E-01   1.2768E-01   0.0000E+00  0.0000   0.0000E+00  0.0000   0.0000E+00  0.0000   0.0000E+00  0.0000   0.0000E+00  0.0000   0.0000E+00  0.0000
   1.2768E-01   1.2782E-01   0.0000E+00  0.0000   0.0000E+00  0.0000   0.0000E+00  0.0000   0.0000E+00  0.0000   0.0000E+00  0.0000   0.0000E+00  0.0000
   1.2782E-01   1.2796E-01   0.0000E+00  0.0000   0.0000E+00  0.0000   0.0000E+00  0.0000   0.0000E+00  0.0000   0.0000E+00  0.0000   0.0000E+00  0.0000
   1.2796E-01   1.2810E-01   0.0000E+00  0.0000   0.0000E+00  0.0000   0.0000E+00  0.0000   0.0000E+00  0.0000   0.0000E+00  0.0000   0.0000E+00  0.0000
   1.2810E-01   1.2824E-01   0.0000E+00  0.0000   0.0000E+00  0.0000   0.0000E+00  0.0000   0.0000E+00  0.0000   0.0000E+00  0.0000   0.0000E+00  0.0000
   1.2824E-01   1.2838E-01   0.0000E+00  0.0000   0.0000E+00  0.0000   0.0000E+00  0.0000   0.0000E+00  0.0000   0.0000E+00  0.0000   0.0000E+00  0.0000
   1.2838E-01   1.2852E-01   0.0000E+00  0.0000   0.0000E+00  0.0000   0.0000E+00  0.0000   0.0000E+00  0.0000   0.0000E+00  0.0000   0.0000E+00  0.0000
   1.2852E-01   1.2866E-01   0.0000E+00  0.0000   0.0000E+00  0.0000   0.0000E+00  0.0000   0.0000E+00  0.0000   0.0000E+00  0.0000   0.0000E+00  0.0000
   1.2866E-01   1.2880E-01   0.0000E+00  0.0000   0.0000E+00  0.0000   0.0000E+00  0.0000   0.0000E+00  0.0000   0.0000E+00  0.0000   0.0000E+00  0.0000
   1.2880E-01   1.2894E-01   0.0000E+00  0.0000   0.0000E+00  0.0000   0.0000E+00  0.0000   0.0000E+00  0.0000   0.0000E+00  0.0000   0.0000E+00  0.0000
   1.2894E-01   1.2908E-01   0.0000E+00  0.0000   0.0000E+00  0.0000   0.0000E+00  0.0000   0.0000E+00  0.0000   0.0000E+00  0.0000   0.0000E+00  0.0000
   1.2908E-01   1.2922E-01   0.0000E+00  0.0000   0.0000E+00  0.0000   0.0000E+00  0.0000   0.0000E+00  0.0000   0.0000E+00  0.0000   0.0000E+00  0.0000
   1.2922E-01   1.2936E-01   0.0000E+00  0.0000   0.0000E+00  0.0000   0.0000E+00  0.0000   0.0000E+00  0.0000   0.0000E+00  0.0000   0.0000E+00  0.0000
   1.2936E-01   1.2950E-01   0.0000E+00  0.0000   0.0000E+00  0.0000   0.0000E+00  0.0000   0.0000E+00  0.0000   0.0000E+00  0.0000   0.0000E+00  0.0000
   1.2950E-01   1.2964E-01   0.0000E+00  0.0000   0.0000E+00  0.0000   0.0000E+00  0.0000   0.0000E+00  0.0000   0.0000E+00  0.0000   0.0000E+00  0.0000
   1.2964E-01   1.2978E-01   0.0000E+00  0.0000   0.0000E+00  0.0000   0.0000E+00  0.0000   0.0000E+00  0.0000   0.0000E+00  0.0000   0.0000E+00  0.0000
   1.2978E-01   1.2992E-01   0.0000E+00  0.0000   0.0000E+00  0.0000   0.0000E+00  0.0000   0.0000E+00  0.0000   0.0000E+00  0.0000   0.0000E+00  0.0000
   1.2992E-01   1.3006E-01   0.0000E+00  0.0000   0.0000E+00  0.0000   0.0000E+00  0.0000   0.0000E+00  0.0000   0.0000E+00  0.0000   0.0000E+00  0.0000
   1.3006E-01   1.3020E-01   0.0000E+00  0.0000   0.0000E+00  0.0000   0.0000E+00  0.0000   0.0000E+00  0.0000   0.0000E+00  0.0000   0.0000E+00  0.0000
   1.3020E-01   1.3034E-01   0.0000E+00  0.0000   0.0000E+00  0.0000   0.0000E+00  0.0000   0.0000E+00  0.0000   0.0000E+00  0.0000   0.0000E+00  0.0000
   1.3034E-01   1.3048E-01   0.0000E+00  0.0000   0.0000E+00  0.0000   0.0000E+00  0.0000   0.0000E+00  0.0000   0.0000E+00  0.0000   0.0000E+00  0.0000
   1.3048E-01   1.3062E-01   0.0000E+00  0.0000   0.0000E+00  0.0000   0.0000E+00  0.0000   0.0000E+00  0.0000   0.0000E+00  0.0000   0.0000E+00  0.0000
   1.3062E-01   1.3076E-01   0.0000E+00  0.0000   0.0000E+00  0.0000   0.0000E+00  0.0000   0.0000E+00  0.0000   0.0000E+00  0.0000   0.0000E+00  0.0000
   1.3076E-01   1.3090E-01   0.0000E+00  0.0000   0.0000E+00  0.0000   0.0000E+00  0.0000   0.0000E+00  0.0000   0.0000E+00  0.0000   0.0000E+00  0.0000
   1.3090E-01   1.3104E-01   0.0000E+00  0.0000   0.0000E+00  0.0000   0.0000E+00  0.0000   0.0000E+00  0.0000   0.0000E+00  0.0000   0.0000E+00  0.0000
   1.3104E-01   1.3118E-01   0.0000E+00  0.0000   0.0000E+00  0.0000   0.0000E+00  0.0000   0.0000E+00  0.0000   0.0000E+00  0.0000   0.0000E+00  0.0000
   1.3118E-01   1.3132E-01   0.0000E+00  0.0000   0.0000E+00  0.0000   0.0000E+00  0.0000   0.0000E+00  0.0000   0.0000E+00  0.0000   0.0000E+00  0.0000
   1.3132E-01   1.3146E-01   0.0000E+00  0.0000   0.0000E+00  0.0000   0.0000E+00  0.0000   0.0000E+00  0.0000   0.0000E+00  0.0000   0.0000E+00  0.0000
   1.3146E-01   1.3160E-01   0.0000E+00  0.0000   0.0000E+00  0.0000   0.0000E+00  0.0000   0.0000E+00  0.0000   0.0000E+00  0.0000   0.0000E+00  0.0000
   1.3160E-01   1.3174E-01   0.0000E+00  0.0000   0.0000E+00  0.0000   0.0000E+00  0.0000   0.0000E+00  0.0000   0.0000E+00  0.0000   0.0000E+00  0.0000
   1.3174E-01   1.3188E-01   0.0000E+00  0.0000   0.0000E+00  0.0000   0.0000E+00  0.0000   0.0000E+00  0.0000   0.0000E+00  0.0000   0.0000E+00  0.0000
   1.3188E-01   1.3202E-01   0.0000E+00  0.0000   0.0000E+00  0.0000   0.0000E+00  0.0000   0.0000E+00  0.0000   0.0000E+00  0.0000   0.0000E+00  0.0000
   1.3202E-01   1.3216E-01   0.0000E+00  0.0000   0.0000E+00  0.0000   0.0000E+00  0.0000   0.0000E+00  0.0000   0.0000E+00  0.0000   0.0000E+00  0.0000
   1.3216E-01   1.3230E-01   0.0000E+00  0.0000   0.0000E+00  0.0000   0.0000E+00  0.0000   0.0000E+00  0.0000   0.0000E+00  0.0000   0.0000E+00  0.0000
   1.3230E-01   1.3244E-01   0.0000E+00  0.0000   0.0000E+00  0.0000   0.0000E+00  0.0000   0.0000E+00  0.0000   0.0000E+00  0.0000   0.0000E+00  0.0000
   1.3244E-01   1.3258E-01   0.0000E+00  0.0000   0.0000E+00  0.0000   0.0000E+00  0.0000   0.0000E+00  0.0000   0.0000E+00  0.0000   0.0000E+00  0.0000
   1.3258E-01   1.3272E-01   0.0000E+00  0.0000   0.0000E+00  0.0000   0.0000E+00  0.0000   0.0000E+00  0.0000   0.0000E+00  0.0000   0.0000E+00  0.0000
   1.3272E-01   1.3286E-01   0.0000E+00  0.0000   0.0000E+00  0.0000   0.0000E+00  0.0000   0.0000E+00  0.0000   0.0000E+00  0.0000   0.0000E+00  0.0000
   1.3286E-01   1.3300E-01   0.0000E+00  0.0000   0.0000E+00  0.0000   0.0000E+00  0.0000   0.0000E+00  0.0000   0.0000E+00  0.0000   0.0000E+00  0.0000
   1.3300E-01   1.3314E-01   0.0000E+00  0.0000   0.0000E+00  0.0000   0.0000E+00  0.0000   0.0000E+00  0.0000   0.0000E+00  0.0000   0.0000E+00  0.0000
   1.3314E-01   1.3328E-01   0.0000E+00  0.0000   0.0000E+00  0.0000   0.0000E+00  0.0000   0.0000E+00  0.0000   0.0000E+00  0.0000   0.0000E+00  0.0000
   1.3328E-01   1.3342E-01   0.0000E+00  0.0000   0.0000E+00  0.0000   0.0000E+00  0.0000   0.0000E+00  0.0000   0.0000E+00  0.0000   0.0000E+00  0.0000
   1.3342E-01   1.3356E-01   0.0000E+00  0.0000   0.0000E+00  0.0000   0.0000E+00  0.0000   0.0000E+00  0.0000   0.0000E+00  0.0000   0.0000E+00  0.0000
   1.3356E-01   1.3370E-01   0.0000E+00  0.0000   0.0000E+00  0.0000   0.0000E+00  0.0000   0.0000E+00  0.0000   0.0000E+00  0.0000   0.0000E+00  0.0000
   1.3370E-01   1.3384E-01   0.0000E+00  0.0000   0.0000E+00  0.0000   0.0000E+00  0.0000   0.0000E+00  0.0000   0.0000E+00  0.0000   0.0000E+00  0.0000
   1.3384E-01   1.3398E-01   0.0000E+00  0.0000   0.0000E+00  0.0000   0.0000E+00  0.0000   0.0000E+00  0.0000   0.0000E+00  0.0000   0.0000E+00  0.0000
   1.3398E-01   1.3412E-01   0.0000E+00  0.0000   0.0000E+00  0.0000   0.0000E+00  0.0000   0.0000E+00  0.0000   0.0000E+00  0.0000   0.0000E+00  0.0000
   1.3412E-01   1.3426E-01   0.0000E+00  0.0000   0.0000E+00  0.0000   0.0000E+00  0.0000   0.0000E+00  0.0000   0.0000E+00  0.0000   0.0000E+00  0.0000
   1.3426E-01   1.3440E-01   0.0000E+00  0.0000   0.0000E+00  0.0000   0.0000E+00  0.0000   0.0000E+00  0.0000   0.0000E+00  0.0000   0.0000E+00  0.0000
   1.3440E-01   1.3454E-01   0.0000E+00  0.0000   0.0000E+00  0.0000   0.0000E+00  0.0000   0.0000E+00  0.0000   0.0000E+00  0.0000   0.0000E+00  0.0000
   1.3454E-01   1.3468E-01   0.0000E+00  0.0000   0.0000E+00  0.0000   0.0000E+00  0.0000   0.0000E+00  0.0000   0.0000E+00  0.0000   0.0000E+00  0.0000
   1.3468E-01   1.3482E-01   0.0000E+00  0.0000   0.0000E+00  0.0000   0.0000E+00  0.0000   0.0000E+00  0.0000   0.0000E+00  0.0000   0.0000E+00  0.0000
   1.3482E-01   1.3496E-01   0.0000E+00  0.0000   0.0000E+00  0.0000   0.0000E+00  0.0000   0.0000E+00  0.0000   0.0000E+00  0.0000   0.0000E+00  0.0000
   1.3496E-01   1.3510E-01   0.0000E+00  0.0000   0.0000E+00  0.0000   0.0000E+00  0.0000   0.0000E+00  0.0000   0.0000E+00  0.0000   0.0000E+00  0.0000
   1.3510E-01   1.3524E-01   0.0000E+00  0.0000   0.0000E+00  0.0000   0.0000E+00  0.0000   0.0000E+00  0.0000   0.0000E+00  0.0000   0.0000E+00  0.0000
   1.3524E-01   1.3538E-01   0.0000E+00  0.0000   0.0000E+00  0.0000   0.0000E+00  0.0000   0.0000E+00  0.0000   0.0000E+00  0.0000   0.0000E+00  0.0000
   1.3538E-01   1.3552E-01   0.0000E+00  0.0000   0.0000E+00  0.0000   0.0000E+00  0.0000   0.0000E+00  0.0000   0.0000E+00  0.0000   0.0000E+00  0.0000
   1.3552E-01   1.3566E-01   0.0000E+00  0.0000   0.0000E+00  0.0000   0.0000E+00  0.0000   0.0000E+00  0.0000   0.0000E+00  0.0000   0.0000E+00  0.0000
   1.3566E-01   1.3580E-01   0.0000E+00  0.0000   0.0000E+00  0.0000   0.0000E+00  0.0000   0.0000E+00  0.0000   0.0000E+00  0.0000   0.0000E+00  0.0000
   1.3580E-01   1.3594E-01   0.0000E+00  0.0000   0.0000E+00  0.0000   0.0000E+00  0.0000   0.0000E+00  0.0000   0.0000E+00  0.0000   0.0000E+00  0.0000
   1.3594E-01   1.3608E-01   0.0000E+00  0.0000   0.0000E+00  0.0000   0.0000E+00  0.0000   0.0000E+00  0.0000   0.0000E+00  0.0000   0.0000E+00  0.0000
   1.3608E-01   1.3622E-01   0.0000E+00  0.0000   0.0000E+00  0.0000   0.0000E+00  0.0000   0.0000E+00  0.0000   0.0000E+00  0.0000   0.0000E+00  0.0000
   1.3622E-01   1.3636E-01   0.0000E+00  0.0000   0.0000E+00  0.0000   0.0000E+00  0.0000   0.0000E+00  0.0000   0.0000E+00  0.0000   0.0000E+00  0.0000
   1.3636E-01   1.3650E-01   0.0000E+00  0.0000   0.0000E+00  0.0000   0.0000E+00  0.0000   0.0000E+00  0.0000   0.0000E+00  0.0000   0.0000E+00  0.0000
   1.3650E-01   1.3664E-01   0.0000E+00  0.0000   0.0000E+00  0.0000   0.0000E+00  0.0000   0.0000E+00  0.0000   0.0000E+00  0.0000   0.0000E+00  0.0000
   1.3664E-01   1.3678E-01   0.0000E+00  0.0000   0.0000E+00  0.0000   0.0000E+00  0.0000   0.0000E+00  0.0000   0.0000E+00  0.0000   0.0000E+00  0.0000
   1.3678E-01   1.3692E-01   0.0000E+00  0.0000   0.0000E+00  0.0000   0.0000E+00  0.0000   0.0000E+00  0.0000   0.0000E+00  0.0000   0.0000E+00  0.0000
   1.3692E-01   1.3706E-01   0.0000E+00  0.0000   0.0000E+00  0.0000   0.0000E+00  0.0000   0.0000E+00  0.0000   0.0000E+00  0.0000   0.0000E+00  0.0000
   1.3706E-01   1.3720E-01   0.0000E+00  0.0000   0.0000E+00  0.0000   0.0000E+00  0.0000   0.0000E+00  0.0000   0.0000E+00  0.0000   0.0000E+00  0.0000
   1.3720E-01   1.3734E-01   0.0000E+00  0.0000   0.0000E+00  0.0000   0.0000E+00  0.0000   0.0000E+00  0.0000   0.0000E+00  0.0000   0.0000E+00  0.0000
   1.3734E-01   1.3748E-01   0.0000E+00  0.0000   0.0000E+00  0.0000   0.0000E+00  0.0000   0.0000E+00  0.0000   0.0000E+00  0.0000   0.0000E+00  0.0000
   1.3748E-01   1.3762E-01   0.0000E+00  0.0000   0.0000E+00  0.0000   0.0000E+00  0.0000   0.0000E+00  0.0000   0.0000E+00  0.0000   0.0000E+00  0.0000
   1.3762E-01   1.3776E-01   0.0000E+00  0.0000   0.0000E+00  0.0000   0.0000E+00  0.0000   0.0000E+00  0.0000   0.0000E+00  0.0000   0.0000E+00  0.0000
   1.3776E-01   1.3790E-01   0.0000E+00  0.0000   0.0000E+00  0.0000   0.0000E+00  0.0000   0.0000E+00  0.0000   0.0000E+00  0.0000   0.0000E+00  0.0000
   1.3790E-01   1.3804E-01   0.0000E+00  0.0000   0.0000E+00  0.0000   0.0000E+00  0.0000   0.0000E+00  0.0000   0.0000E+00  0.0000   0.0000E+00  0.0000
   1.3804E-01   1.3818E-01   0.0000E+00  0.0000   0.0000E+00  0.0000   0.0000E+00  0.0000   0.0000E+00  0.0000   0.0000E+00  0.0000   0.0000E+00  0.0000
   1.3818E-01   1.3832E-01   0.0000E+00  0.0000   0.0000E+00  0.0000   0.0000E+00  0.0000   0.0000E+00  0.0000   0.0000E+00  0.0000   0.0000E+00  0.0000
   1.3832E-01   1.3846E-01   0.0000E+00  0.0000   0.0000E+00  0.0000   0.0000E+00  0.0000   0.0000E+00  0.0000   0.0000E+00  0.0000   0.0000E+00  0.0000
   1.3846E-01   1.3860E-01   0.0000E+00  0.0000   0.0000E+00  0.0000   0.0000E+00  0.0000   0.0000E+00  0.0000   0.0000E+00  0.0000   0.0000E+00  0.0000
   1.3860E-01   1.3874E-01   0.0000E+00  0.0000   0.0000E+00  0.0000   0.0000E+00  0.0000   0.0000E+00  0.0000   0.0000E+00  0.0000   0.0000E+00  0.0000
   1.3874E-01   1.3888E-01   0.0000E+00  0.0000   0.0000E+00  0.0000   0.0000E+00  0.0000   0.0000E+00  0.0000   0.0000E+00  0.0000   0.0000E+00  0.0000
   1.3888E-01   1.3902E-01   0.0000E+00  0.0000   0.0000E+00  0.0000   0.0000E+00  0.0000   0.0000E+00  0.0000   0.0000E+00  0.0000   0.0000E+00  0.0000
   1.3902E-01   1.3916E-01   0.0000E+00  0.0000   0.0000E+00  0.0000   0.0000E+00  0.0000   0.0000E+00  0.0000   0.0000E+00  0.0000   0.0000E+00  0.0000
   1.3916E-01   1.3930E-01   0.0000E+00  0.0000   0.0000E+00  0.0000   0.0000E+00  0.0000   0.0000E+00  0.0000   0.0000E+00  0.0000   0.0000E+00  0.0000
   1.3930E-01   1.3944E-01   0.0000E+00  0.0000   0.0000E+00  0.0000   0.0000E+00  0.0000   0.0000E+00  0.0000   0.0000E+00  0.0000   0.0000E+00  0.0000
   1.3944E-01   1.3958E-01   0.0000E+00  0.0000   0.0000E+00  0.0000   0.0000E+00  0.0000   0.0000E+00  0.0000   0.0000E+00  0.0000   0.0000E+00  0.0000
   1.3958E-01   1.3972E-01   0.0000E+00  0.0000   0.0000E+00  0.0000   0.0000E+00  0.0000   0.0000E+00  0.0000   0.0000E+00  0.0000   0.0000E+00  0.0000
   1.3972E-01   1.3986E-01   0.0000E+00  0.0000   0.0000E+00  0.0000   0.0000E+00  0.0000   0.0000E+00  0.0000   0.0000E+00  0.0000   0.0000E+00  0.0000
   1.3986E-01   1.4000E-01   0.0000E+00  0.0000   0.0000E+00  0.0000   0.0000E+00  0.0000   0.0000E+00  0.0000   0.0000E+00  0.0000   0.0000E+00  0.0000

#   sum over                 0.0000E+00           7.1429E+00           0.0000E+00           0.0000E+00           0.0000E+00           7.1429E+00
'no. =    1   reg = 101 - 102'
msuc: {\huge 0.5 cm de Pb}
msdr: {\it plotted by \ANGEL \version}
msdl: {\it calculated by \PHITS  3.28}
wt: s(0.7)
\vspace{-3}
  region surface crossing
  area  &=&   1.0000E+00 [cm^2]
e:

#------------------------------------------------------------------------------
 newpage:
#   no. =    2   reg = 102 - 101

x: Energy [MeV]
y: Current [1/cm^2/MeV/source]             
p: xlin ylog afac(0.8) form(0.9)
h: n            x            y1(neutron ),hh0l   ny7 dy1=[y1*y7] y2(photon  ),hh0dr  ny8 dy2=[y2*y8] y3(electron),hh0ub  ny9 dy3=[y3*y9] y4(positron),hh0mg  ny10 dy4=[y4*y10] y5(alpha   ),hh0qrr ny11 dy5=[y5*y11] y6(all     ),hh0vbb ny12 dy6=[y6*y12] 
#  e-lower      e-upper      neutron     r.err    photon      r.err    electron    r.err    positron    r.err    alpha       r.err    all         r.err 
   1.0000E-06   1.4100E-04   0.0000E+00  0.0000   0.0000E+00  0.0000   0.0000E+00  0.0000   0.0000E+00  0.0000   0.0000E+00  0.0000   0.0000E+00  0.0000
   1.4100E-04   2.8100E-04   0.0000E+00  0.0000   0.0000E+00  0.0000   0.0000E+00  0.0000   0.0000E+00  0.0000   0.0000E+00  0.0000   0.0000E+00  0.0000
   2.8100E-04   4.2100E-04   0.0000E+00  0.0000   0.0000E+00  0.0000   0.0000E+00  0.0000   0.0000E+00  0.0000   0.0000E+00  0.0000   0.0000E+00  0.0000
   4.2100E-04   5.6100E-04   0.0000E+00  0.0000   0.0000E+00  0.0000   0.0000E+00  0.0000   0.0000E+00  0.0000   0.0000E+00  0.0000   0.0000E+00  0.0000
   5.6100E-04   7.0100E-04   0.0000E+00  0.0000   0.0000E+00  0.0000   0.0000E+00  0.0000   0.0000E+00  0.0000   0.0000E+00  0.0000   0.0000E+00  0.0000
   7.0100E-04   8.4099E-04   0.0000E+00  0.0000   0.0000E+00  0.0000   0.0000E+00  0.0000   0.0000E+00  0.0000   0.0000E+00  0.0000   0.0000E+00  0.0000
   8.4099E-04   9.8099E-04   0.0000E+00  0.0000   0.0000E+00  0.0000   0.0000E+00  0.0000   0.0000E+00  0.0000   0.0000E+00  0.0000   0.0000E+00  0.0000
   9.8099E-04   1.1210E-03   0.0000E+00  0.0000   5.4526E-04  1.0000   4.2530E-02  0.1132   0.0000E+00  0.0000   0.0000E+00  0.0000   4.3076E-02  0.1125
   1.1210E-03   1.2610E-03   0.0000E+00  0.0000   1.0905E-03  0.7071   3.5987E-02  0.1231   0.0000E+00  0.0000   0.0000E+00  0.0000   3.7078E-02  0.1213
   1.2610E-03   1.4010E-03   0.0000E+00  0.0000   2.7263E-03  0.4472   4.0895E-02  0.1155   0.0000E+00  0.0000   0.0000E+00  0.0000   4.3621E-02  0.1118
   1.4010E-03   1.5410E-03   0.0000E+00  0.0000   5.9979E-03  0.3015   3.0535E-02  0.1336   0.0000E+00  0.0000   0.0000E+00  0.0000   3.6532E-02  0.1222
   1.5410E-03   1.6810E-03   0.0000E+00  0.0000   3.8168E-03  0.3780   2.1265E-02  0.1601   0.0000E+00  0.0000   0.0000E+00  0.0000   2.5082E-02  0.1474
   1.6810E-03   1.8210E-03   0.0000E+00  0.0000   5.9979E-03  0.3015   2.5627E-02  0.1459   0.0000E+00  0.0000   0.0000E+00  0.0000   3.1625E-02  0.1313
   1.8210E-03   1.9610E-03   0.0000E+00  0.0000   7.6336E-03  0.2673   3.3261E-02  0.1280   0.0000E+00  0.0000   0.0000E+00  0.0000   4.0895E-02  0.1155
   1.9610E-03   2.1010E-03   0.0000E+00  0.0000   4.9073E-03  0.3333   2.4537E-02  0.1491   0.0000E+00  0.0000   0.0000E+00  0.0000   2.9444E-02  0.1361
   2.1010E-03   2.2410E-03   0.0000E+00  0.0000   5.4526E-03  0.3162   2.2356E-02  0.1562   0.0000E+00  0.0000   0.0000E+00  0.0000   2.7808E-02  0.1400
   2.2410E-03   2.3810E-03   0.0000E+00  0.0000   2.1810E-03  0.5000   2.4537E-02  0.1491   0.0000E+00  0.0000   0.0000E+00  0.0000   2.6718E-02  0.1429
   2.3810E-03   2.5210E-03   0.0000E+00  0.0000   6.5431E-03  0.2887   3.1080E-02  0.1348   0.0000E+00  0.0000   0.0000E+00  0.0000   3.7623E-02  0.1221
   2.5210E-03   2.6610E-03   0.0000E+00  0.0000   5.4526E-04  1.0000   3.0535E-02  0.1336   0.0000E+00  0.0000   0.0000E+00  0.0000   3.1080E-02  0.1325
   2.6610E-03   2.8010E-03   0.0000E+00  0.0000   0.0000E+00  0.0000   2.4537E-02  0.1491   0.0000E+00  0.0000   0.0000E+00  0.0000   2.4537E-02  0.1491
   2.8010E-03   2.9410E-03   0.0000E+00  0.0000   5.4526E-04  1.0000   2.6172E-02  0.1443   0.0000E+00  0.0000   0.0000E+00  0.0000   2.6718E-02  0.1429
   2.9410E-03   3.0810E-03   0.0000E+00  0.0000   1.6358E-03  0.5774   3.4897E-02  0.1250   0.0000E+00  0.0000   0.0000E+00  0.0000   3.6532E-02  0.1222
   3.0810E-03   3.2210E-03   0.0000E+00  0.0000   1.0905E-03  0.7071   2.9444E-02  0.1361   0.0000E+00  0.0000   0.0000E+00  0.0000   3.0535E-02  0.1336
   3.2210E-03   3.3610E-03   0.0000E+00  0.0000   1.0905E-03  0.7071   2.8899E-02  0.1374   0.0000E+00  0.0000   0.0000E+00  0.0000   2.9989E-02  0.1348
   3.3610E-03   3.5010E-03   0.0000E+00  0.0000   5.4526E-04  1.0000   2.8899E-02  0.1374   0.0000E+00  0.0000   0.0000E+00  0.0000   2.9444E-02  0.1361
   3.5010E-03   3.6410E-03   0.0000E+00  0.0000   1.0905E-03  0.7071   2.6718E-02  0.1429   0.0000E+00  0.0000   0.0000E+00  0.0000   2.7808E-02  0.1400
   3.6410E-03   3.7810E-03   0.0000E+00  0.0000   0.0000E+00  0.0000   3.4897E-02  0.1250   0.0000E+00  0.0000   0.0000E+00  0.0000   3.4897E-02  0.1250
   3.7810E-03   3.9210E-03   0.0000E+00  0.0000   1.6358E-03  0.5774   3.5442E-02  0.1240   0.0000E+00  0.0000   0.0000E+00  0.0000   3.7078E-02  0.1213
   3.9210E-03   4.0610E-03   0.0000E+00  0.0000   0.0000E+00  0.0000   3.9804E-02  0.1170   0.0000E+00  0.0000   0.0000E+00  0.0000   3.9804E-02  0.1170
   4.0610E-03   4.2010E-03   0.0000E+00  0.0000   5.4526E-04  1.0000   4.6347E-02  0.1085   0.0000E+00  0.0000   0.0000E+00  0.0000   4.6892E-02  0.1078
   4.2010E-03   4.3410E-03   0.0000E+00  0.0000   3.2716E-03  0.4082   3.5987E-02  0.1231   0.0000E+00  0.0000   0.0000E+00  0.0000   3.9259E-02  0.1179
   4.3410E-03   4.4810E-03   0.0000E+00  0.0000   1.6358E-03  0.5774   4.2530E-02  0.1132   0.0000E+00  0.0000   0.0000E+00  0.0000   4.4166E-02  0.1111
   4.4810E-03   4.6210E-03   0.0000E+00  0.0000   1.6358E-03  0.5774   4.5802E-02  0.1091   0.0000E+00  0.0000   0.0000E+00  0.0000   4.7438E-02  0.1072
   4.6210E-03   4.7610E-03   0.0000E+00  0.0000   5.4526E-04  1.0000   5.0164E-02  0.1043   0.0000E+00  0.0000   0.0000E+00  0.0000   5.0709E-02  0.1037
   4.7610E-03   4.9010E-03   0.0000E+00  0.0000   1.6358E-03  0.5774   4.7438E-02  0.1072   0.0000E+00  0.0000   0.0000E+00  0.0000   4.9073E-02  0.1054
   4.9010E-03   5.0410E-03   0.0000E+00  0.0000   2.7263E-03  0.4472   4.5802E-02  0.1091   0.0000E+00  0.0000   0.0000E+00  0.0000   4.8528E-02  0.1060
   5.0410E-03   5.1810E-03   0.0000E+00  0.0000   3.2716E-03  0.4082   5.1254E-02  0.1031   0.0000E+00  0.0000   0.0000E+00  0.0000   5.4526E-02  0.1000
   5.1810E-03   5.3210E-03   0.0000E+00  0.0000   3.8168E-03  0.3780   5.4526E-02  0.1000   0.0000E+00  0.0000   0.0000E+00  0.0000   5.8343E-02  0.0967
   5.3210E-03   5.4610E-03   0.0000E+00  0.0000   2.1810E-03  0.5000   5.8343E-02  0.0967   0.0000E+00  0.0000   0.0000E+00  0.0000   6.0524E-02  0.0949
   5.4610E-03   5.6010E-03   0.0000E+00  0.0000   3.8168E-03  0.3780   5.8343E-02  0.0967   0.0000E+00  0.0000   0.0000E+00  0.0000   6.2160E-02  0.0937
   5.6010E-03   5.7410E-03   0.0000E+00  0.0000   2.1810E-03  0.5000   5.9433E-02  0.0958   0.0000E+00  0.0000   0.0000E+00  0.0000   6.1614E-02  0.0941
   5.7410E-03   5.8810E-03   0.0000E+00  0.0000   5.4526E-04  1.0000   6.1069E-02  0.0945   0.0000E+00  0.0000   0.0000E+00  0.0000   6.1614E-02  0.0941
   5.8810E-03   6.0210E-03   0.0000E+00  0.0000   1.0905E-03  0.7071   7.5791E-02  0.0848   0.0000E+00  0.0000   0.0000E+00  0.0000   7.6882E-02  0.0842
   6.0210E-03   6.1610E-03   0.0000E+00  0.0000   3.8168E-03  0.3780   7.6336E-02  0.0845   0.0000E+00  0.0000   0.0000E+00  0.0000   8.0153E-02  0.0825
   6.1610E-03   6.3010E-03   0.0000E+00  0.0000   2.1810E-03  0.5000   7.1974E-02  0.0870   0.0000E+00  0.0000   0.0000E+00  0.0000   7.4155E-02  0.0857
   6.3010E-03   6.4410E-03   0.0000E+00  0.0000   3.8168E-03  0.3780   8.6151E-02  0.0801   0.0000E+00  0.0000   0.0000E+00  0.0000   8.9968E-02  0.0783
   6.4410E-03   6.5810E-03   0.0000E+00  0.0000   3.2716E-03  0.4082   8.3970E-02  0.0806   0.0000E+00  0.0000   0.0000E+00  0.0000   8.7242E-02  0.0791
   6.5810E-03   6.7210E-03   0.0000E+00  0.0000   2.1810E-03  0.5000   8.1789E-02  0.0816   0.0000E+00  0.0000   0.0000E+00  0.0000   8.3970E-02  0.0806
   6.7210E-03   6.8610E-03   0.0000E+00  0.0000   2.7263E-03  0.4472   9.1604E-02  0.0776   0.0000E+00  0.0000   0.0000E+00  0.0000   9.4330E-02  0.0765
   6.8610E-03   7.0009E-03   0.0000E+00  0.0000   2.1810E-03  0.5000   9.8147E-02  0.0745   0.0000E+00  0.0000   0.0000E+00  0.0000   1.0033E-01  0.0737
   7.0009E-03   7.1409E-03   0.0000E+00  0.0000   5.9979E-03  0.3015   9.5421E-02  0.0756   0.0000E+00  0.0000   0.0000E+00  0.0000   1.0142E-01  0.0733
   7.1409E-03   7.2809E-03   0.0000E+00  0.0000   4.9073E-03  0.3333   1.0469E-01  0.0722   0.0000E+00  0.0000   0.0000E+00  0.0000   1.0960E-01  0.0705
   7.2809E-03   7.4209E-03   0.0000E+00  0.0000   5.9979E-03  0.3015   8.5606E-02  0.0798   0.0000E+00  0.0000   0.0000E+00  0.0000   9.1604E-02  0.0772
   7.4209E-03   7.5609E-03   0.0000E+00  0.0000   5.4526E-03  0.3162   6.7612E-02  0.0898   0.0000E+00  0.0000   0.0000E+00  0.0000   7.3065E-02  0.0864
   7.5609E-03   7.7009E-03   0.0000E+00  0.0000   3.2716E-03  0.4082   7.7427E-02  0.0839   0.0000E+00  0.0000   0.0000E+00  0.0000   8.0699E-02  0.0822
   7.7009E-03   7.8409E-03   0.0000E+00  0.0000   5.9979E-03  0.3015   6.1614E-02  0.0949   0.0000E+00  0.0000   0.0000E+00  0.0000   6.7612E-02  0.0905
   7.8409E-03   7.9809E-03   0.0000E+00  0.0000   5.9979E-03  0.3015   6.5431E-02  0.0913   0.0000E+00  0.0000   0.0000E+00  0.0000   7.1429E-02  0.0874
   7.9809E-03   8.1209E-03   0.0000E+00  0.0000   6.5431E-03  0.2887   7.4701E-02  0.0854   0.0000E+00  0.0000   0.0000E+00  0.0000   8.1244E-02  0.0819
   8.1209E-03   8.2609E-03   0.0000E+00  0.0000   3.8168E-03  0.3780   8.1789E-02  0.0816   0.0000E+00  0.0000   0.0000E+00  0.0000   8.5606E-02  0.0798
   8.2609E-03   8.4009E-03   0.0000E+00  0.0000   6.5431E-03  0.2887   7.7972E-02  0.0836   0.0000E+00  0.0000   0.0000E+00  0.0000   8.4515E-02  0.0803
   8.4009E-03   8.5409E-03   0.0000E+00  0.0000   4.9073E-03  0.3333   7.8517E-02  0.0833   0.0000E+00  0.0000   0.0000E+00  0.0000   8.3425E-02  0.0808
   8.5409E-03   8.6809E-03   0.0000E+00  0.0000   8.1789E-03  0.2582   8.7242E-02  0.0791   0.0000E+00  0.0000   0.0000E+00  0.0000   9.5421E-02  0.0756
   8.6809E-03   8.8209E-03   0.0000E+00  0.0000   4.9073E-03  0.3333   8.1789E-02  0.0816   0.0000E+00  0.0000   0.0000E+00  0.0000   8.6696E-02  0.0793
   8.8209E-03   8.9609E-03   0.0000E+00  0.0000   8.1789E-03  0.2582   9.4875E-02  0.0758   0.0000E+00  0.0000   0.0000E+00  0.0000   1.0305E-01  0.0727
   8.9609E-03   9.1009E-03   0.0000E+00  0.0000   3.8168E-03  0.3780   1.0578E-01  0.0722   0.0000E+00  0.0000   0.0000E+00  0.0000   1.0960E-01  0.0709
   9.1009E-03   9.2409E-03   0.0000E+00  0.0000   5.3272E-01  0.0320   1.1232E-01  0.0697   0.0000E+00  0.0000   0.0000E+00  0.0000   6.4504E-01  0.0291
   9.2409E-03   9.3809E-03   0.0000E+00  0.0000   6.5431E-03  0.2887   1.0742E-01  0.0712   0.0000E+00  0.0000   0.0000E+00  0.0000   1.1396E-01  0.0692
   9.3809E-03   9.5209E-03   0.0000E+00  0.0000   3.8168E-03  0.3780   1.0796E-01  0.0711   0.0000E+00  0.0000   0.0000E+00  0.0000   1.1178E-01  0.0698
   9.5209E-03   9.6609E-03   0.0000E+00  0.0000   6.5431E-03  0.2887   1.1069E-01  0.0702   0.0000E+00  0.0000   0.0000E+00  0.0000   1.1723E-01  0.0682
   9.6609E-03   9.8009E-03   0.0000E+00  0.0000   6.5431E-03  0.2887   1.1996E-01  0.0674   0.0000E+00  0.0000   0.0000E+00  0.0000   1.2650E-01  0.0657
   9.8009E-03   9.9409E-03   0.0000E+00  0.0000   6.5431E-03  0.2887   9.2149E-02  0.0769   0.0000E+00  0.0000   0.0000E+00  0.0000   9.8692E-02  0.0743
   9.9409E-03   1.0081E-02   0.0000E+00  0.0000   8.7242E-03  0.2500   8.7787E-02  0.0793   0.0000E+00  0.0000   0.0000E+00  0.0000   9.6511E-02  0.0756
   1.0081E-02   1.0221E-02   0.0000E+00  0.0000   9.8147E-03  0.2357   8.3425E-02  0.0808   0.0000E+00  0.0000   0.0000E+00  0.0000   9.3239E-02  0.0765
   1.0221E-02   1.0361E-02   0.0000E+00  0.0000   5.4526E-03  0.3162   8.4515E-02  0.0803   0.0000E+00  0.0000   0.0000E+00  0.0000   8.9968E-02  0.0778
   1.0361E-02   1.0501E-02   0.0000E+00  0.0000   1.4340E+00  0.0195   9.2694E-02  0.0767   0.0000E+00  0.0000   0.0000E+00  0.0000   1.5267E+00  0.0189
   1.0501E-02   1.0641E-02   0.0000E+00  0.0000   1.2823E+01  0.0065   9.2149E-02  0.0769   0.0000E+00  0.0000   0.0000E+00  0.0000   1.2915E+01  0.0065
   1.0641E-02   1.0781E-02   0.0000E+00  0.0000   8.7242E-03  0.2500   8.8332E-02  0.0786   0.0000E+00  0.0000   0.0000E+00  0.0000   9.7056E-02  0.0750
   1.0781E-02   1.0921E-02   0.0000E+00  0.0000   7.0884E-03  0.2773   1.0742E-01  0.0716   0.0000E+00  0.0000   0.0000E+00  0.0000   1.1450E-01  0.0693
   1.0921E-02   1.1061E-02   0.0000E+00  0.0000   7.6336E-03  0.2673   1.0469E-01  0.0722   0.0000E+00  0.0000   0.0000E+00  0.0000   1.1232E-01  0.0697
   1.1061E-02   1.1201E-02   0.0000E+00  0.0000   8.1789E-03  0.2582   1.1505E-01  0.0692   0.0000E+00  0.0000   0.0000E+00  0.0000   1.2323E-01  0.0668
   1.1201E-02   1.1341E-02   0.0000E+00  0.0000   9.2694E-03  0.2425   1.1450E-01  0.0690   0.0000E+00  0.0000   0.0000E+00  0.0000   1.2377E-01  0.0664
   1.1341E-02   1.1481E-02   0.0000E+00  0.0000   2.3991E-01  0.0477   1.2323E-01  0.0665   0.0000E+00  0.0000   0.0000E+00  0.0000   3.6314E-01  0.0387
   1.1481E-02   1.1621E-02   0.0000E+00  0.0000   1.0360E-02  0.2294   1.2596E-01  0.0661   0.0000E+00  0.0000   0.0000E+00  0.0000   1.3632E-01  0.0635
   1.1621E-02   1.1761E-02   0.0000E+00  0.0000   8.7242E-03  0.2500   1.3413E-01  0.0640   0.0000E+00  0.0000   0.0000E+00  0.0000   1.4286E-01  0.0620
   1.1761E-02   1.1901E-02   0.0000E+00  0.0000   9.2694E-03  0.2425   1.3468E-01  0.0639   0.0000E+00  0.0000   0.0000E+00  0.0000   1.4395E-01  0.0618
   1.1901E-02   1.2041E-02   0.0000E+00  0.0000   6.5431E-03  0.2887   8.3425E-02  0.0819   0.0000E+00  0.0000   0.0000E+00  0.0000   8.9968E-02  0.0788
   1.2041E-02   1.2181E-02   0.0000E+00  0.0000   3.0098E-01  0.0426   7.6336E-03  0.2673   0.0000E+00  0.0000   0.0000E+00  0.0000   3.0862E-01  0.0420
   1.2181E-02   1.2321E-02   0.0000E+00  0.0000   7.9826E-01  0.0262   1.7994E-02  0.1741   0.0000E+00  0.0000   0.0000E+00  0.0000   8.1625E-01  0.0259
   1.2321E-02   1.2461E-02   0.0000E+00  0.0000   1.4177E-02  0.1961   1.0360E-02  0.2294   0.0000E+00  0.0000   0.0000E+00  0.0000   2.4537E-02  0.1491
   1.2461E-02   1.2601E-02   0.0000E+00  0.0000   5.2345E-01  0.0323   9.2694E-03  0.2425   0.0000E+00  0.0000   0.0000E+00  0.0000   5.3272E-01  0.0320
   1.2601E-02   1.2741E-02   0.0000E+00  0.0000   1.7609E+01  0.0056   1.1450E-02  0.2182   0.0000E+00  0.0000   0.0000E+00  0.0000   1.7621E+01  0.0056
   1.2741E-02   1.2881E-02   0.0000E+00  0.0000   1.0802E+00  0.0225   1.0360E-02  0.2294   0.0000E+00  0.0000   0.0000E+00  0.0000   1.0905E+00  0.0224
   1.2881E-02   1.3021E-02   0.0000E+00  0.0000   7.2301E-01  0.0275   1.0905E-02  0.2236   0.0000E+00  0.0000   0.0000E+00  0.0000   7.3392E-01  0.0273
   1.3021E-02   1.3161E-02   0.0000E+00  0.0000   4.3621E-03  0.3536   8.1789E-03  0.2582   0.0000E+00  0.0000   0.0000E+00  0.0000   1.2541E-02  0.2085
   1.3161E-02   1.3301E-02   0.0000E+00  0.0000   1.3086E-02  0.2041   9.8147E-03  0.2357   0.0000E+00  0.0000   0.0000E+00  0.0000   2.2901E-02  0.1543
   1.3301E-02   1.3441E-02   0.0000E+00  0.0000   2.5082E-02  0.1474   9.8147E-03  0.2357   0.0000E+00  0.0000   0.0000E+00  0.0000   3.4897E-02  0.1250
   1.3441E-02   1.3581E-02   0.0000E+00  0.0000   2.7263E-03  0.4472   1.2541E-02  0.2085   0.0000E+00  0.0000   0.0000E+00  0.0000   1.5267E-02  0.1890
   1.3581E-02   1.3721E-02   0.0000E+00  0.0000   2.1810E-03  0.5000   1.1996E-02  0.2132   0.0000E+00  0.0000   0.0000E+00  0.0000   1.4177E-02  0.1961
   1.3721E-02   1.3861E-02   0.0000E+00  0.0000   3.8168E-03  0.3780   9.8147E-03  0.2357   0.0000E+00  0.0000   0.0000E+00  0.0000   1.3632E-02  0.2000
   1.3861E-02   1.4001E-02   0.0000E+00  0.0000   4.3621E-03  0.3536   1.2541E-02  0.2085   0.0000E+00  0.0000   0.0000E+00  0.0000   1.6903E-02  0.1796
   1.4001E-02   1.4141E-02   0.0000E+00  0.0000   2.7263E-03  0.4472   1.0360E-02  0.2294   0.0000E+00  0.0000   0.0000E+00  0.0000   1.3086E-02  0.2041
   1.4141E-02   1.4281E-02   0.0000E+00  0.0000   2.7263E-03  0.4472   9.8147E-03  0.2357   0.0000E+00  0.0000   0.0000E+00  0.0000   1.2541E-02  0.2085
   1.4281E-02   1.4421E-02   0.0000E+00  0.0000   5.5617E-02  0.0990   8.1789E-03  0.2582   0.0000E+00  0.0000   0.0000E+00  0.0000   6.3795E-02  0.0924
   1.4421E-02   1.4561E-02   0.0000E+00  0.0000   5.9979E-03  0.3015   8.1789E-03  0.2582   0.0000E+00  0.0000   0.0000E+00  0.0000   1.4177E-02  0.1961
   1.4561E-02   1.4701E-02   0.0000E+00  0.0000   2.7263E-03  0.4472   8.1789E-03  0.2582   0.0000E+00  0.0000   0.0000E+00  0.0000   1.0905E-02  0.2236
   1.4701E-02   1.4841E-02   0.0000E+00  0.0000   1.7034E+00  0.0179   1.0905E-02  0.2236   0.0000E+00  0.0000   0.0000E+00  0.0000   1.7143E+00  0.0178
   1.4841E-02   1.4981E-02   0.0000E+00  0.0000   5.9979E-03  0.3015   1.1450E-02  0.2182   0.0000E+00  0.0000   0.0000E+00  0.0000   1.7448E-02  0.1768
   1.4981E-02   1.5121E-02   0.0000E+00  0.0000   2.0011E-01  0.0522   1.0905E-02  0.2236   0.0000E+00  0.0000   0.0000E+00  0.0000   2.1102E-01  0.0508
   1.5121E-02   1.5261E-02   0.0000E+00  0.0000   4.8092E-01  0.0337   1.3632E-02  0.2000   0.0000E+00  0.0000   0.0000E+00  0.0000   4.9455E-01  0.0332
   1.5261E-02   1.5401E-02   0.0000E+00  0.0000   3.2716E-03  0.4082   1.5813E-02  0.1857   0.0000E+00  0.0000   0.0000E+00  0.0000   1.9084E-02  0.1690
   1.5401E-02   1.5541E-02   0.0000E+00  0.0000   2.1810E-03  0.5000   9.2694E-03  0.2425   0.0000E+00  0.0000   0.0000E+00  0.0000   1.1450E-02  0.2182
   1.5541E-02   1.5681E-02   0.0000E+00  0.0000   5.9979E-03  0.3015   1.4177E-02  0.1961   0.0000E+00  0.0000   0.0000E+00  0.0000   2.0175E-02  0.1644
   1.5681E-02   1.5821E-02   0.0000E+00  0.0000   4.9619E-02  0.1048   8.1789E-03  0.2582   0.0000E+00  0.0000   0.0000E+00  0.0000   5.7798E-02  0.0971
   1.5821E-02   1.5961E-02   0.0000E+00  0.0000   4.9073E-03  0.3333   9.2694E-03  0.2425   0.0000E+00  0.0000   0.0000E+00  0.0000   1.4177E-02  0.1961
   1.5961E-02   1.6101E-02   0.0000E+00  0.0000   1.6358E-03  0.5774   8.7242E-03  0.2500   0.0000E+00  0.0000   0.0000E+00  0.0000   1.0360E-02  0.2294
   1.6101E-02   1.6241E-02   0.0000E+00  0.0000   2.1810E-03  0.5000   5.9979E-03  0.3015   0.0000E+00  0.0000   0.0000E+00  0.0000   8.1789E-03  0.2582
   1.6241E-02   1.6381E-02   0.0000E+00  0.0000   1.6358E-03  0.5774   1.0360E-02  0.2294   0.0000E+00  0.0000   0.0000E+00  0.0000   1.1996E-02  0.2132
   1.6381E-02   1.6521E-02   0.0000E+00  0.0000   1.6358E-03  0.5774   1.0905E-02  0.2236   0.0000E+00  0.0000   0.0000E+00  0.0000   1.2541E-02  0.2085
   1.6521E-02   1.6661E-02   0.0000E+00  0.0000   2.1810E-03  0.5000   1.3086E-02  0.2041   0.0000E+00  0.0000   0.0000E+00  0.0000   1.5267E-02  0.1890
   1.6661E-02   1.6801E-02   0.0000E+00  0.0000   3.2716E-03  0.4082   1.0360E-02  0.2294   0.0000E+00  0.0000   0.0000E+00  0.0000   1.3632E-02  0.2000
   1.6801E-02   1.6941E-02   0.0000E+00  0.0000   3.2716E-03  0.4082   1.0360E-02  0.2294   0.0000E+00  0.0000   0.0000E+00  0.0000   1.3632E-02  0.2000
   1.6941E-02   1.7081E-02   0.0000E+00  0.0000   3.2716E-03  0.4082   1.6358E-02  0.1826   0.0000E+00  0.0000   0.0000E+00  0.0000   1.9629E-02  0.1667
   1.7081E-02   1.7221E-02   0.0000E+00  0.0000   2.7263E-03  0.4472   1.3086E-02  0.2041   0.0000E+00  0.0000   0.0000E+00  0.0000   1.5813E-02  0.1857
   1.7221E-02   1.7361E-02   0.0000E+00  0.0000   4.3621E-03  0.3536   8.7242E-03  0.2500   0.0000E+00  0.0000   0.0000E+00  0.0000   1.3086E-02  0.2041
   1.7361E-02   1.7501E-02   0.0000E+00  0.0000   3.8168E-03  0.3780   1.1450E-02  0.2182   0.0000E+00  0.0000   0.0000E+00  0.0000   1.5267E-02  0.1890
   1.7501E-02   1.7641E-02   0.0000E+00  0.0000   4.3621E-03  0.3536   1.4722E-02  0.1924   0.0000E+00  0.0000   0.0000E+00  0.0000   1.9084E-02  0.1690
   1.7641E-02   1.7781E-02   0.0000E+00  0.0000   5.9979E-03  0.3015   1.2541E-02  0.2085   0.0000E+00  0.0000   0.0000E+00  0.0000   1.8539E-02  0.1715
   1.7781E-02   1.7921E-02   0.0000E+00  0.0000   3.2716E-03  0.4082   8.7242E-03  0.2500   0.0000E+00  0.0000   0.0000E+00  0.0000   1.1996E-02  0.2132
   1.7921E-02   1.8061E-02   0.0000E+00  0.0000   3.2716E-03  0.4082   9.2694E-03  0.2425   0.0000E+00  0.0000   0.0000E+00  0.0000   1.2541E-02  0.2085
   1.8061E-02   1.8201E-02   0.0000E+00  0.0000   3.8168E-03  0.3780   1.1450E-02  0.2182   0.0000E+00  0.0000   0.0000E+00  0.0000   1.5267E-02  0.1890
   1.8201E-02   1.8341E-02   0.0000E+00  0.0000   2.1810E-03  0.5000   1.2541E-02  0.2085   0.0000E+00  0.0000   0.0000E+00  0.0000   1.4722E-02  0.1924
   1.8341E-02   1.8481E-02   0.0000E+00  0.0000   3.8168E-03  0.3780   1.5813E-02  0.1857   0.0000E+00  0.0000   0.0000E+00  0.0000   1.9629E-02  0.1667
   1.8481E-02   1.8621E-02   0.0000E+00  0.0000   2.7263E-03  0.4472   1.0360E-02  0.2294   0.0000E+00  0.0000   0.0000E+00  0.0000   1.3086E-02  0.2041
   1.8621E-02   1.8761E-02   0.0000E+00  0.0000   3.2716E-03  0.4082   1.1450E-02  0.2182   0.0000E+00  0.0000   0.0000E+00  0.0000   1.4722E-02  0.1924
   1.8761E-02   1.8901E-02   0.0000E+00  0.0000   3.2716E-03  0.4082   1.3632E-02  0.2000   0.0000E+00  0.0000   0.0000E+00  0.0000   1.6903E-02  0.1796
   1.8901E-02   1.9041E-02   0.0000E+00  0.0000   1.0905E-03  0.7071   9.8147E-03  0.2357   0.0000E+00  0.0000   0.0000E+00  0.0000   1.0905E-02  0.2236
   1.9041E-02   1.9181E-02   0.0000E+00  0.0000   2.1810E-03  0.5000   1.5267E-02  0.1890   0.0000E+00  0.0000   0.0000E+00  0.0000   1.7448E-02  0.1768
   1.9181E-02   1.9321E-02   0.0000E+00  0.0000   3.8168E-03  0.3780   1.6903E-02  0.1796   0.0000E+00  0.0000   0.0000E+00  0.0000   2.0720E-02  0.1622
   1.9321E-02   1.9461E-02   0.0000E+00  0.0000   3.8168E-03  0.3780   1.5267E-02  0.1890   0.0000E+00  0.0000   0.0000E+00  0.0000   1.9084E-02  0.1690
   1.9461E-02   1.9601E-02   0.0000E+00  0.0000   3.8168E-03  0.3780   1.3086E-02  0.2041   0.0000E+00  0.0000   0.0000E+00  0.0000   1.6903E-02  0.1796
   1.9601E-02   1.9741E-02   0.0000E+00  0.0000   7.0884E-03  0.2773   1.3086E-02  0.2041   0.0000E+00  0.0000   0.0000E+00  0.0000   2.0175E-02  0.1644
   1.9741E-02   1.9881E-02   0.0000E+00  0.0000   3.2716E-03  0.4082   1.1996E-02  0.2132   0.0000E+00  0.0000   0.0000E+00  0.0000   1.5267E-02  0.1890
   1.9881E-02   2.0021E-02   0.0000E+00  0.0000   2.1810E-03  0.5000   1.6358E-02  0.1826   0.0000E+00  0.0000   0.0000E+00  0.0000   1.8539E-02  0.1715
   2.0021E-02   2.0161E-02   0.0000E+00  0.0000   1.6358E-03  0.5774   1.1450E-02  0.2182   0.0000E+00  0.0000   0.0000E+00  0.0000   1.3086E-02  0.2041
   2.0161E-02   2.0301E-02   0.0000E+00  0.0000   2.7263E-03  0.4472   1.1996E-02  0.2132   0.0000E+00  0.0000   0.0000E+00  0.0000   1.4722E-02  0.1924
   2.0301E-02   2.0441E-02   0.0000E+00  0.0000   3.8168E-03  0.3780   1.2541E-02  0.2085   0.0000E+00  0.0000   0.0000E+00  0.0000   1.6358E-02  0.1826
   2.0441E-02   2.0581E-02   0.0000E+00  0.0000   3.8168E-03  0.3780   1.6903E-02  0.1796   0.0000E+00  0.0000   0.0000E+00  0.0000   2.0720E-02  0.1622
   2.0581E-02   2.0721E-02   0.0000E+00  0.0000   3.8168E-03  0.3780   1.1450E-02  0.2182   0.0000E+00  0.0000   0.0000E+00  0.0000   1.5267E-02  0.1890
   2.0721E-02   2.0861E-02   0.0000E+00  0.0000   5.4526E-03  0.3162   9.8147E-03  0.2357   0.0000E+00  0.0000   0.0000E+00  0.0000   1.5267E-02  0.1890
   2.0861E-02   2.1001E-02   0.0000E+00  0.0000   5.4526E-03  0.3162   1.6903E-02  0.1796   0.0000E+00  0.0000   0.0000E+00  0.0000   2.2356E-02  0.1562
   2.1001E-02   2.1141E-02   0.0000E+00  0.0000   4.3621E-03  0.3536   1.3086E-02  0.2041   0.0000E+00  0.0000   0.0000E+00  0.0000   1.7448E-02  0.1768
   2.1141E-02   2.1281E-02   0.0000E+00  0.0000   3.2716E-03  0.4082   1.6358E-02  0.1826   0.0000E+00  0.0000   0.0000E+00  0.0000   1.9629E-02  0.1667
   2.1281E-02   2.1421E-02   0.0000E+00  0.0000   3.8168E-03  0.3780   1.3086E-02  0.2041   0.0000E+00  0.0000   0.0000E+00  0.0000   1.6903E-02  0.1796
   2.1421E-02   2.1561E-02   0.0000E+00  0.0000   4.9073E-03  0.3333   1.4722E-02  0.1924   0.0000E+00  0.0000   0.0000E+00  0.0000   1.9629E-02  0.1667
   2.1561E-02   2.1701E-02   0.0000E+00  0.0000   3.2716E-03  0.4082   1.3086E-02  0.2041   0.0000E+00  0.0000   0.0000E+00  0.0000   1.6358E-02  0.1826
   2.1701E-02   2.1841E-02   0.0000E+00  0.0000   3.8168E-03  0.3780   1.5267E-02  0.1890   0.0000E+00  0.0000   0.0000E+00  0.0000   1.9084E-02  0.1690
   2.1841E-02   2.1981E-02   0.0000E+00  0.0000   2.7263E-03  0.4472   1.5267E-02  0.1890   0.0000E+00  0.0000   0.0000E+00  0.0000   1.7994E-02  0.1741
   2.1981E-02   2.2121E-02   0.0000E+00  0.0000   1.6358E-03  0.5774   1.5813E-02  0.1857   0.0000E+00  0.0000   0.0000E+00  0.0000   1.7448E-02  0.1768
   2.2121E-02   2.2261E-02   0.0000E+00  0.0000   3.8168E-03  0.3780   2.0720E-02  0.1622   0.0000E+00  0.0000   0.0000E+00  0.0000   2.4537E-02  0.1491
   2.2261E-02   2.2401E-02   0.0000E+00  0.0000   4.9073E-03  0.3333   1.7448E-02  0.1768   0.0000E+00  0.0000   0.0000E+00  0.0000   2.2356E-02  0.1562
   2.2401E-02   2.2541E-02   0.0000E+00  0.0000   5.9979E-03  0.3015   1.4722E-02  0.1924   0.0000E+00  0.0000   0.0000E+00  0.0000   2.0720E-02  0.1622
   2.2541E-02   2.2681E-02   0.0000E+00  0.0000   3.2716E-03  0.4082   1.4177E-02  0.1961   0.0000E+00  0.0000   0.0000E+00  0.0000   1.7448E-02  0.1768
   2.2681E-02   2.2821E-02   0.0000E+00  0.0000   4.3621E-03  0.3536   1.7994E-02  0.1741   0.0000E+00  0.0000   0.0000E+00  0.0000   2.2356E-02  0.1562
   2.2821E-02   2.2961E-02   0.0000E+00  0.0000   6.5431E-03  0.2887   1.6358E-02  0.1826   0.0000E+00  0.0000   0.0000E+00  0.0000   2.2901E-02  0.1543
   2.2961E-02   2.3101E-02   0.0000E+00  0.0000   5.4526E-03  0.3162   1.6903E-02  0.1796   0.0000E+00  0.0000   0.0000E+00  0.0000   2.2356E-02  0.1562
   2.3101E-02   2.3241E-02   0.0000E+00  0.0000   5.9979E-03  0.3015   1.6903E-02  0.1796   0.0000E+00  0.0000   0.0000E+00  0.0000   2.2901E-02  0.1543
   2.3241E-02   2.3381E-02   0.0000E+00  0.0000   3.2716E-03  0.4082   1.5813E-02  0.1857   0.0000E+00  0.0000   0.0000E+00  0.0000   1.9084E-02  0.1690
   2.3381E-02   2.3521E-02   0.0000E+00  0.0000   3.2716E-03  0.4082   1.6358E-02  0.1826   0.0000E+00  0.0000   0.0000E+00  0.0000   1.9629E-02  0.1667
   2.3521E-02   2.3661E-02   0.0000E+00  0.0000   8.7242E-03  0.2500   1.8539E-02  0.1715   0.0000E+00  0.0000   0.0000E+00  0.0000   2.7263E-02  0.1414
   2.3661E-02   2.3801E-02   0.0000E+00  0.0000   3.2716E-03  0.4082   1.6903E-02  0.1796   0.0000E+00  0.0000   0.0000E+00  0.0000   2.0175E-02  0.1644
   2.3801E-02   2.3941E-02   0.0000E+00  0.0000   5.9979E-03  0.3015   1.9629E-02  0.1667   0.0000E+00  0.0000   0.0000E+00  0.0000   2.5627E-02  0.1459
   2.3941E-02   2.4081E-02   0.0000E+00  0.0000   3.8168E-03  0.3780   2.0175E-02  0.1644   0.0000E+00  0.0000   0.0000E+00  0.0000   2.3991E-02  0.1508
   2.4081E-02   2.4221E-02   0.0000E+00  0.0000   5.9979E-03  0.3015   1.6903E-02  0.1796   0.0000E+00  0.0000   0.0000E+00  0.0000   2.2901E-02  0.1543
   2.4221E-02   2.4361E-02   0.0000E+00  0.0000   2.1810E-03  0.5000   2.0720E-02  0.1622   0.0000E+00  0.0000   0.0000E+00  0.0000   2.2901E-02  0.1543
   2.4361E-02   2.4501E-02   0.0000E+00  0.0000   4.3621E-03  0.3536   2.2356E-02  0.1562   0.0000E+00  0.0000   0.0000E+00  0.0000   2.6718E-02  0.1429
   2.4501E-02   2.4641E-02   0.0000E+00  0.0000   7.0884E-03  0.2773   1.7448E-02  0.1768   0.0000E+00  0.0000   0.0000E+00  0.0000   2.4537E-02  0.1491
   2.4641E-02   2.4781E-02   0.0000E+00  0.0000   3.8168E-03  0.3780   1.7448E-02  0.1768   0.0000E+00  0.0000   0.0000E+00  0.0000   2.1265E-02  0.1601
   2.4781E-02   2.4921E-02   0.0000E+00  0.0000   4.3621E-03  0.3536   2.3446E-02  0.1525   0.0000E+00  0.0000   0.0000E+00  0.0000   2.7808E-02  0.1400
   2.4921E-02   2.5061E-02   0.0000E+00  0.0000   7.0884E-03  0.2773   1.7448E-02  0.1768   0.0000E+00  0.0000   0.0000E+00  0.0000   2.4537E-02  0.1491
   2.5061E-02   2.5201E-02   0.0000E+00  0.0000   5.9979E-03  0.3015   1.9084E-02  0.1690   0.0000E+00  0.0000   0.0000E+00  0.0000   2.5082E-02  0.1474
   2.5201E-02   2.5341E-02   0.0000E+00  0.0000   6.5431E-03  0.2887   2.2901E-02  0.1543   0.0000E+00  0.0000   0.0000E+00  0.0000   2.9444E-02  0.1361
   2.5341E-02   2.5481E-02   0.0000E+00  0.0000   6.5431E-03  0.2887   1.8539E-02  0.1715   0.0000E+00  0.0000   0.0000E+00  0.0000   2.5082E-02  0.1474
   2.5481E-02   2.5621E-02   0.0000E+00  0.0000   3.8168E-03  0.3780   2.1265E-02  0.1601   0.0000E+00  0.0000   0.0000E+00  0.0000   2.5082E-02  0.1474
   2.5621E-02   2.5761E-02   0.0000E+00  0.0000   2.1810E-03  0.5000   1.7994E-02  0.1741   0.0000E+00  0.0000   0.0000E+00  0.0000   2.0175E-02  0.1644
   2.5761E-02   2.5901E-02   0.0000E+00  0.0000   5.4526E-03  0.3162   2.2356E-02  0.1562   0.0000E+00  0.0000   0.0000E+00  0.0000   2.7808E-02  0.1400
   2.5901E-02   2.6041E-02   0.0000E+00  0.0000   2.7263E-03  0.4472   2.1810E-02  0.1581   0.0000E+00  0.0000   0.0000E+00  0.0000   2.4537E-02  0.1491
   2.6041E-02   2.6181E-02   0.0000E+00  0.0000   3.8168E-03  0.3780   2.5627E-02  0.1459   0.0000E+00  0.0000   0.0000E+00  0.0000   2.9444E-02  0.1361
   2.6181E-02   2.6321E-02   0.0000E+00  0.0000   4.3621E-03  0.3536   2.0720E-02  0.1622   0.0000E+00  0.0000   0.0000E+00  0.0000   2.5082E-02  0.1474
   2.6321E-02   2.6461E-02   0.0000E+00  0.0000   5.4526E-03  0.3162   2.2901E-02  0.1543   0.0000E+00  0.0000   0.0000E+00  0.0000   2.8354E-02  0.1387
   2.6461E-02   2.6601E-02   0.0000E+00  0.0000   5.4526E-03  0.3162   1.6358E-02  0.1826   0.0000E+00  0.0000   0.0000E+00  0.0000   2.1810E-02  0.1581
   2.6601E-02   2.6741E-02   0.0000E+00  0.0000   5.9979E-03  0.3015   1.8539E-02  0.1715   0.0000E+00  0.0000   0.0000E+00  0.0000   2.4537E-02  0.1491
   2.6741E-02   2.6881E-02   0.0000E+00  0.0000   7.0884E-03  0.2773   1.6903E-02  0.1796   0.0000E+00  0.0000   0.0000E+00  0.0000   2.3991E-02  0.1508
   2.6881E-02   2.7021E-02   0.0000E+00  0.0000   1.0905E-02  0.2236   1.7448E-02  0.1768   0.0000E+00  0.0000   0.0000E+00  0.0000   2.8354E-02  0.1387
   2.7021E-02   2.7161E-02   0.0000E+00  0.0000   5.9979E-03  0.3015   2.1265E-02  0.1601   0.0000E+00  0.0000   0.0000E+00  0.0000   2.7263E-02  0.1414
   2.7161E-02   2.7301E-02   0.0000E+00  0.0000   4.9073E-03  0.3333   2.0175E-02  0.1644   0.0000E+00  0.0000   0.0000E+00  0.0000   2.5082E-02  0.1474
   2.7301E-02   2.7441E-02   0.0000E+00  0.0000   5.4526E-03  0.3162   1.5813E-02  0.1857   0.0000E+00  0.0000   0.0000E+00  0.0000   2.1265E-02  0.1601
   2.7441E-02   2.7581E-02   0.0000E+00  0.0000   4.9073E-03  0.3333   1.7448E-02  0.1768   0.0000E+00  0.0000   0.0000E+00  0.0000   2.2356E-02  0.1562
   2.7581E-02   2.7721E-02   0.0000E+00  0.0000   7.6336E-03  0.2673   2.1810E-02  0.1581   0.0000E+00  0.0000   0.0000E+00  0.0000   2.9444E-02  0.1361
   2.7721E-02   2.7861E-02   0.0000E+00  0.0000   5.9979E-03  0.3015   1.8539E-02  0.1715   0.0000E+00  0.0000   0.0000E+00  0.0000   2.4537E-02  0.1491
   2.7861E-02   2.8001E-02   0.0000E+00  0.0000   5.9979E-03  0.3015   2.2901E-02  0.1543   0.0000E+00  0.0000   0.0000E+00  0.0000   2.8899E-02  0.1374
   2.8001E-02   2.8141E-02   0.0000E+00  0.0000   7.0884E-03  0.2773   2.0720E-02  0.1622   0.0000E+00  0.0000   0.0000E+00  0.0000   2.7808E-02  0.1400
   2.8141E-02   2.8281E-02   0.0000E+00  0.0000   7.6336E-03  0.2673   2.5627E-02  0.1459   0.0000E+00  0.0000   0.0000E+00  0.0000   3.3261E-02  0.1280
   2.8281E-02   2.8421E-02   0.0000E+00  0.0000   4.3621E-03  0.3536   2.9989E-02  0.1348   0.0000E+00  0.0000   0.0000E+00  0.0000   3.4351E-02  0.1260
   2.8421E-02   2.8561E-02   0.0000E+00  0.0000   5.9979E-03  0.3015   1.7994E-02  0.1741   0.0000E+00  0.0000   0.0000E+00  0.0000   2.3991E-02  0.1508
   2.8561E-02   2.8701E-02   0.0000E+00  0.0000   4.9073E-03  0.3333   1.9629E-02  0.1667   0.0000E+00  0.0000   0.0000E+00  0.0000   2.4537E-02  0.1491
   2.8701E-02   2.8841E-02   0.0000E+00  0.0000   3.8168E-03  0.3780   2.0720E-02  0.1622   0.0000E+00  0.0000   0.0000E+00  0.0000   2.4537E-02  0.1491
   2.8841E-02   2.8981E-02   0.0000E+00  0.0000   4.3621E-03  0.3536   2.1265E-02  0.1601   0.0000E+00  0.0000   0.0000E+00  0.0000   2.5627E-02  0.1459
   2.8981E-02   2.9121E-02   0.0000E+00  0.0000   7.0884E-03  0.2773   2.6172E-02  0.1443   0.0000E+00  0.0000   0.0000E+00  0.0000   3.3261E-02  0.1280
   2.9121E-02   2.9261E-02   0.0000E+00  0.0000   4.3621E-03  0.3536   2.0720E-02  0.1622   0.0000E+00  0.0000   0.0000E+00  0.0000   2.5082E-02  0.1474
   2.9261E-02   2.9401E-02   0.0000E+00  0.0000   5.9979E-03  0.3015   3.1080E-02  0.1325   0.0000E+00  0.0000   0.0000E+00  0.0000   3.7078E-02  0.1213
   2.9401E-02   2.9541E-02   0.0000E+00  0.0000   4.3621E-03  0.3536   2.4537E-02  0.1491   0.0000E+00  0.0000   0.0000E+00  0.0000   2.8899E-02  0.1374
   2.9541E-02   2.9681E-02   0.0000E+00  0.0000   4.9073E-03  0.3333   3.1625E-02  0.1313   0.0000E+00  0.0000   0.0000E+00  0.0000   3.6532E-02  0.1222
   2.9681E-02   2.9821E-02   0.0000E+00  0.0000   4.3621E-03  0.3536   2.6718E-02  0.1429   0.0000E+00  0.0000   0.0000E+00  0.0000   3.1080E-02  0.1325
   2.9821E-02   2.9961E-02   0.0000E+00  0.0000   5.4526E-03  0.3162   2.3991E-02  0.1508   0.0000E+00  0.0000   0.0000E+00  0.0000   2.9444E-02  0.1361
   2.9961E-02   3.0101E-02   0.0000E+00  0.0000   1.1450E-02  0.2182   2.9989E-02  0.1348   0.0000E+00  0.0000   0.0000E+00  0.0000   4.1440E-02  0.1147
   3.0101E-02   3.0241E-02   0.0000E+00  0.0000   6.5431E-03  0.2887   2.6172E-02  0.1443   0.0000E+00  0.0000   0.0000E+00  0.0000   3.2716E-02  0.1291
   3.0241E-02   3.0381E-02   0.0000E+00  0.0000   7.0884E-03  0.2773   2.5627E-02  0.1459   0.0000E+00  0.0000   0.0000E+00  0.0000   3.2716E-02  0.1291
   3.0381E-02   3.0521E-02   0.0000E+00  0.0000   9.2694E-03  0.2425   2.2356E-02  0.1562   0.0000E+00  0.0000   0.0000E+00  0.0000   3.1625E-02  0.1313
   3.0521E-02   3.0661E-02   0.0000E+00  0.0000   4.3621E-03  0.3536   2.2356E-02  0.1562   0.0000E+00  0.0000   0.0000E+00  0.0000   2.6718E-02  0.1429
   3.0661E-02   3.0801E-02   0.0000E+00  0.0000   5.9979E-03  0.3015   2.6718E-02  0.1429   0.0000E+00  0.0000   0.0000E+00  0.0000   3.2716E-02  0.1291
   3.0801E-02   3.0941E-02   0.0000E+00  0.0000   4.3621E-03  0.3536   2.7263E-02  0.1414   0.0000E+00  0.0000   0.0000E+00  0.0000   3.1625E-02  0.1313
   3.0941E-02   3.1081E-02   0.0000E+00  0.0000   8.7242E-03  0.2500   3.0535E-02  0.1336   0.0000E+00  0.0000   0.0000E+00  0.0000   3.9259E-02  0.1179
   3.1081E-02   3.1221E-02   0.0000E+00  0.0000   8.7242E-03  0.2500   2.7808E-02  0.1400   0.0000E+00  0.0000   0.0000E+00  0.0000   3.6532E-02  0.1222
   3.1221E-02   3.1361E-02   0.0000E+00  0.0000   3.2716E-03  0.4082   3.3806E-02  0.1270   0.0000E+00  0.0000   0.0000E+00  0.0000   3.7078E-02  0.1213
   3.1361E-02   3.1501E-02   0.0000E+00  0.0000   3.2716E-03  0.4082   2.8354E-02  0.1387   0.0000E+00  0.0000   0.0000E+00  0.0000   3.1625E-02  0.1313
   3.1501E-02   3.1641E-02   0.0000E+00  0.0000   7.6336E-03  0.2673   2.9989E-02  0.1348   0.0000E+00  0.0000   0.0000E+00  0.0000   3.7623E-02  0.1204
   3.1641E-02   3.1781E-02   0.0000E+00  0.0000   4.9073E-03  0.3333   2.5627E-02  0.1459   0.0000E+00  0.0000   0.0000E+00  0.0000   3.0535E-02  0.1336
   3.1781E-02   3.1921E-02   0.0000E+00  0.0000   7.0884E-03  0.2773   3.1080E-02  0.1325   0.0000E+00  0.0000   0.0000E+00  0.0000   3.8168E-02  0.1195
   3.1921E-02   3.2061E-02   0.0000E+00  0.0000   8.7242E-03  0.2500   3.2716E-02  0.1291   0.0000E+00  0.0000   0.0000E+00  0.0000   4.1440E-02  0.1147
   3.2061E-02   3.2201E-02   0.0000E+00  0.0000   5.4526E-03  0.3162   3.9259E-02  0.1179   0.0000E+00  0.0000   0.0000E+00  0.0000   4.4711E-02  0.1104
   3.2201E-02   3.2341E-02   0.0000E+00  0.0000   7.6336E-03  0.2673   2.9444E-02  0.1361   0.0000E+00  0.0000   0.0000E+00  0.0000   3.7078E-02  0.1213
   3.2341E-02   3.2481E-02   0.0000E+00  0.0000   7.0884E-03  0.2773   2.7263E-02  0.1414   0.0000E+00  0.0000   0.0000E+00  0.0000   3.4351E-02  0.1260
   3.2481E-02   3.2621E-02   0.0000E+00  0.0000   1.0905E-02  0.2236   2.8899E-02  0.1374   0.0000E+00  0.0000   0.0000E+00  0.0000   3.9804E-02  0.1170
   3.2621E-02   3.2761E-02   0.0000E+00  0.0000   5.4526E-03  0.3162   3.0535E-02  0.1336   0.0000E+00  0.0000   0.0000E+00  0.0000   3.5987E-02  0.1231
   3.2761E-02   3.2901E-02   0.0000E+00  0.0000   4.3621E-03  0.3536   3.3806E-02  0.1270   0.0000E+00  0.0000   0.0000E+00  0.0000   3.8168E-02  0.1195
   3.2901E-02   3.3041E-02   0.0000E+00  0.0000   4.3621E-03  0.3536   3.4351E-02  0.1260   0.0000E+00  0.0000   0.0000E+00  0.0000   3.8713E-02  0.1187
   3.3041E-02   3.3181E-02   0.0000E+00  0.0000   7.6336E-03  0.2673   2.9444E-02  0.1361   0.0000E+00  0.0000   0.0000E+00  0.0000   3.7078E-02  0.1213
   3.3181E-02   3.3321E-02   0.0000E+00  0.0000   9.2694E-03  0.2425   2.7263E-02  0.1414   0.0000E+00  0.0000   0.0000E+00  0.0000   3.6532E-02  0.1222
   3.3321E-02   3.3461E-02   0.0000E+00  0.0000   9.2694E-03  0.2425   2.9444E-02  0.1361   0.0000E+00  0.0000   0.0000E+00  0.0000   3.8713E-02  0.1187
   3.3461E-02   3.3601E-02   0.0000E+00  0.0000   6.5431E-03  0.2887   3.5442E-02  0.1240   0.0000E+00  0.0000   0.0000E+00  0.0000   4.1985E-02  0.1140
   3.3601E-02   3.3741E-02   0.0000E+00  0.0000   7.6336E-03  0.2673   3.5442E-02  0.1240   0.0000E+00  0.0000   0.0000E+00  0.0000   4.3076E-02  0.1125
   3.3741E-02   3.3881E-02   0.0000E+00  0.0000   7.6336E-03  0.2673   3.8168E-02  0.1195   0.0000E+00  0.0000   0.0000E+00  0.0000   4.5802E-02  0.1091
   3.3881E-02   3.4021E-02   0.0000E+00  0.0000   5.4526E-03  0.3162   2.8899E-02  0.1374   0.0000E+00  0.0000   0.0000E+00  0.0000   3.4351E-02  0.1260
   3.4021E-02   3.4161E-02   0.0000E+00  0.0000   7.0884E-03  0.2773   3.1080E-02  0.1325   0.0000E+00  0.0000   0.0000E+00  0.0000   3.8168E-02  0.1195
   3.4161E-02   3.4301E-02   0.0000E+00  0.0000   4.9073E-03  0.3333   3.5442E-02  0.1240   0.0000E+00  0.0000   0.0000E+00  0.0000   4.0349E-02  0.1162
   3.4301E-02   3.4441E-02   0.0000E+00  0.0000   5.9979E-03  0.3015   2.9989E-02  0.1348   0.0000E+00  0.0000   0.0000E+00  0.0000   3.5987E-02  0.1231
   3.4441E-02   3.4581E-02   0.0000E+00  0.0000   7.0884E-03  0.2773   3.3806E-02  0.1270   0.0000E+00  0.0000   0.0000E+00  0.0000   4.0895E-02  0.1155
   3.4581E-02   3.4721E-02   0.0000E+00  0.0000   6.5431E-03  0.2887   2.9989E-02  0.1348   0.0000E+00  0.0000   0.0000E+00  0.0000   3.6532E-02  0.1222
   3.4721E-02   3.4861E-02   0.0000E+00  0.0000   8.7242E-03  0.2500   2.8899E-02  0.1374   0.0000E+00  0.0000   0.0000E+00  0.0000   3.7623E-02  0.1204
   3.4861E-02   3.5001E-02   0.0000E+00  0.0000   7.6336E-03  0.2673   3.9259E-02  0.1179   0.0000E+00  0.0000   0.0000E+00  0.0000   4.6892E-02  0.1078
   3.5001E-02   3.5141E-02   0.0000E+00  0.0000   8.1789E-03  0.2582   3.5442E-02  0.1240   0.0000E+00  0.0000   0.0000E+00  0.0000   4.3621E-02  0.1118
   3.5141E-02   3.5281E-02   0.0000E+00  0.0000   8.7242E-03  0.2500   2.8354E-02  0.1387   0.0000E+00  0.0000   0.0000E+00  0.0000   3.7078E-02  0.1213
   3.5281E-02   3.5421E-02   0.0000E+00  0.0000   7.0884E-03  0.2773   4.1440E-02  0.1147   0.0000E+00  0.0000   0.0000E+00  0.0000   4.8528E-02  0.1060
   3.5421E-02   3.5561E-02   0.0000E+00  0.0000   6.5431E-03  0.2887   3.6532E-02  0.1222   0.0000E+00  0.0000   0.0000E+00  0.0000   4.3076E-02  0.1125
   3.5561E-02   3.5701E-02   0.0000E+00  0.0000   8.7242E-03  0.2500   3.5987E-02  0.1231   0.0000E+00  0.0000   0.0000E+00  0.0000   4.4711E-02  0.1104
   3.5701E-02   3.5841E-02   0.0000E+00  0.0000   4.9073E-03  0.3333   3.5442E-02  0.1240   0.0000E+00  0.0000   0.0000E+00  0.0000   4.0349E-02  0.1162
   3.5841E-02   3.5981E-02   0.0000E+00  0.0000   1.2541E-02  0.2085   3.6532E-02  0.1222   0.0000E+00  0.0000   0.0000E+00  0.0000   4.9073E-02  0.1054
   3.5981E-02   3.6121E-02   0.0000E+00  0.0000   3.8168E-03  0.3780   3.2716E-02  0.1291   0.0000E+00  0.0000   0.0000E+00  0.0000   3.6532E-02  0.1222
   3.6121E-02   3.6261E-02   0.0000E+00  0.0000   8.7242E-03  0.2500   4.3076E-02  0.1125   0.0000E+00  0.0000   0.0000E+00  0.0000   5.1800E-02  0.1026
   3.6261E-02   3.6401E-02   0.0000E+00  0.0000   3.8168E-03  0.3780   3.4351E-02  0.1260   0.0000E+00  0.0000   0.0000E+00  0.0000   3.8168E-02  0.1195
   3.6401E-02   3.6541E-02   0.0000E+00  0.0000   8.7242E-03  0.2500   4.1985E-02  0.1140   0.0000E+00  0.0000   0.0000E+00  0.0000   5.0709E-02  0.1037
   3.6541E-02   3.6681E-02   0.0000E+00  0.0000   1.0360E-02  0.2294   4.1440E-02  0.1147   0.0000E+00  0.0000   0.0000E+00  0.0000   5.1800E-02  0.1026
   3.6681E-02   3.6821E-02   0.0000E+00  0.0000   8.7242E-03  0.2500   4.0349E-02  0.1162   0.0000E+00  0.0000   0.0000E+00  0.0000   4.9073E-02  0.1054
   3.6821E-02   3.6961E-02   0.0000E+00  0.0000   7.6336E-03  0.2673   3.1625E-02  0.1313   0.0000E+00  0.0000   0.0000E+00  0.0000   3.9259E-02  0.1179
   3.6961E-02   3.7101E-02   0.0000E+00  0.0000   8.7242E-03  0.2500   3.1080E-02  0.1325   0.0000E+00  0.0000   0.0000E+00  0.0000   3.9804E-02  0.1170
   3.7101E-02   3.7241E-02   0.0000E+00  0.0000   9.2694E-03  0.2425   4.1440E-02  0.1147   0.0000E+00  0.0000   0.0000E+00  0.0000   5.0709E-02  0.1037
   3.7241E-02   3.7381E-02   0.0000E+00  0.0000   7.0884E-03  0.2773   4.5257E-02  0.1098   0.0000E+00  0.0000   0.0000E+00  0.0000   5.2345E-02  0.1021
   3.7381E-02   3.7521E-02   0.0000E+00  0.0000   1.4177E-02  0.1961   3.3806E-02  0.1270   0.0000E+00  0.0000   0.0000E+00  0.0000   4.7983E-02  0.1066
   3.7521E-02   3.7661E-02   0.0000E+00  0.0000   9.2694E-03  0.2425   4.0895E-02  0.1155   0.0000E+00  0.0000   0.0000E+00  0.0000   5.0164E-02  0.1043
   3.7661E-02   3.7801E-02   0.0000E+00  0.0000   5.4526E-03  0.3162   3.4897E-02  0.1250   0.0000E+00  0.0000   0.0000E+00  0.0000   4.0349E-02  0.1162
   3.7801E-02   3.7941E-02   0.0000E+00  0.0000   4.3621E-03  0.3536   4.3621E-02  0.1118   0.0000E+00  0.0000   0.0000E+00  0.0000   4.7983E-02  0.1066
   3.7941E-02   3.8081E-02   0.0000E+00  0.0000   7.0884E-03  0.2773   4.1440E-02  0.1147   0.0000E+00  0.0000   0.0000E+00  0.0000   4.8528E-02  0.1060
   3.8081E-02   3.8221E-02   0.0000E+00  0.0000   7.0884E-03  0.2773   4.4166E-02  0.1111   0.0000E+00  0.0000   0.0000E+00  0.0000   5.1254E-02  0.1031
   3.8221E-02   3.8361E-02   0.0000E+00  0.0000   9.8147E-03  0.2357   3.6532E-02  0.1222   0.0000E+00  0.0000   0.0000E+00  0.0000   4.6347E-02  0.1085
   3.8361E-02   3.8501E-02   0.0000E+00  0.0000   7.0884E-03  0.2773   4.0349E-02  0.1162   0.0000E+00  0.0000   0.0000E+00  0.0000   4.7438E-02  0.1072
   3.8501E-02   3.8641E-02   0.0000E+00  0.0000   6.5431E-03  0.2887   3.4897E-02  0.1250   0.0000E+00  0.0000   0.0000E+00  0.0000   4.1440E-02  0.1147
   3.8641E-02   3.8781E-02   0.0000E+00  0.0000   9.8147E-03  0.2357   3.7078E-02  0.1213   0.0000E+00  0.0000   0.0000E+00  0.0000   4.6892E-02  0.1078
   3.8781E-02   3.8921E-02   0.0000E+00  0.0000   5.9979E-03  0.3015   4.1440E-02  0.1147   0.0000E+00  0.0000   0.0000E+00  0.0000   4.7438E-02  0.1072
   3.8921E-02   3.9061E-02   0.0000E+00  0.0000   1.0360E-02  0.2294   4.7983E-02  0.1066   0.0000E+00  0.0000   0.0000E+00  0.0000   5.8343E-02  0.0967
   3.9061E-02   3.9201E-02   0.0000E+00  0.0000   8.7242E-03  0.2500   4.4166E-02  0.1111   0.0000E+00  0.0000   0.0000E+00  0.0000   5.2890E-02  0.1015
   3.9201E-02   3.9341E-02   0.0000E+00  0.0000   9.2694E-03  0.2425   4.3621E-02  0.1118   0.0000E+00  0.0000   0.0000E+00  0.0000   5.2890E-02  0.1015
   3.9341E-02   3.9481E-02   0.0000E+00  0.0000   8.1789E-03  0.2582   4.9619E-02  0.1048   0.0000E+00  0.0000   0.0000E+00  0.0000   5.7798E-02  0.0971
   3.9481E-02   3.9621E-02   0.0000E+00  0.0000   7.6336E-03  0.2673   4.2530E-02  0.1132   0.0000E+00  0.0000   0.0000E+00  0.0000   5.0164E-02  0.1043
   3.9621E-02   3.9761E-02   0.0000E+00  0.0000   1.0360E-02  0.2294   4.6892E-02  0.1078   0.0000E+00  0.0000   0.0000E+00  0.0000   5.7252E-02  0.0976
   3.9761E-02   3.9901E-02   0.0000E+00  0.0000   7.0884E-03  0.2773   4.6347E-02  0.1085   0.0000E+00  0.0000   0.0000E+00  0.0000   5.3435E-02  0.1010
   3.9901E-02   4.0041E-02   0.0000E+00  0.0000   8.1789E-03  0.2582   5.3435E-02  0.1010   0.0000E+00  0.0000   0.0000E+00  0.0000   6.1614E-02  0.0941
   4.0041E-02   4.0181E-02   0.0000E+00  0.0000   6.5431E-03  0.2887   5.4526E-02  0.1000   0.0000E+00  0.0000   0.0000E+00  0.0000   6.1069E-02  0.0945
   4.0181E-02   4.0321E-02   0.0000E+00  0.0000   4.3621E-03  0.3536   4.5257E-02  0.1098   0.0000E+00  0.0000   0.0000E+00  0.0000   4.9619E-02  0.1048
   4.0321E-02   4.0461E-02   0.0000E+00  0.0000   7.0884E-03  0.2773   3.6532E-02  0.1222   0.0000E+00  0.0000   0.0000E+00  0.0000   4.3621E-02  0.1118
   4.0461E-02   4.0601E-02   0.0000E+00  0.0000   5.4526E-03  0.3162   4.7983E-02  0.1066   0.0000E+00  0.0000   0.0000E+00  0.0000   5.3435E-02  0.1010
   4.0601E-02   4.0741E-02   0.0000E+00  0.0000   5.4526E-03  0.3162   4.2530E-02  0.1132   0.0000E+00  0.0000   0.0000E+00  0.0000   4.7983E-02  0.1066
   4.0741E-02   4.0881E-02   0.0000E+00  0.0000   9.8147E-03  0.2357   4.6347E-02  0.1085   0.0000E+00  0.0000   0.0000E+00  0.0000   5.6162E-02  0.0985
   4.0881E-02   4.1021E-02   0.0000E+00  0.0000   9.2694E-03  0.2425   4.4166E-02  0.1111   0.0000E+00  0.0000   0.0000E+00  0.0000   5.3435E-02  0.1010
   4.1021E-02   4.1161E-02   0.0000E+00  0.0000   1.3086E-02  0.2041   5.4526E-02  0.1000   0.0000E+00  0.0000   0.0000E+00  0.0000   6.7612E-02  0.0898
   4.1161E-02   4.1301E-02   0.0000E+00  0.0000   5.9979E-03  0.3015   5.0164E-02  0.1043   0.0000E+00  0.0000   0.0000E+00  0.0000   5.6162E-02  0.0985
   4.1301E-02   4.1441E-02   0.0000E+00  0.0000   8.1789E-03  0.2582   5.8343E-02  0.0967   0.0000E+00  0.0000   0.0000E+00  0.0000   6.6522E-02  0.0905
   4.1441E-02   4.1581E-02   0.0000E+00  0.0000   1.1996E-02  0.2132   4.5802E-02  0.1091   0.0000E+00  0.0000   0.0000E+00  0.0000   5.7798E-02  0.0971
   4.1581E-02   4.1721E-02   0.0000E+00  0.0000   9.8147E-03  0.2357   4.5257E-02  0.1098   0.0000E+00  0.0000   0.0000E+00  0.0000   5.5071E-02  0.0995
   4.1721E-02   4.1861E-02   0.0000E+00  0.0000   8.1789E-03  0.2582   5.4526E-02  0.1000   0.0000E+00  0.0000   0.0000E+00  0.0000   6.2705E-02  0.0933
   4.1861E-02   4.2001E-02   0.0000E+00  0.0000   6.5431E-03  0.2887   4.6892E-02  0.1078   0.0000E+00  0.0000   0.0000E+00  0.0000   5.3435E-02  0.1010
   4.2001E-02   4.2141E-02   0.0000E+00  0.0000   1.0360E-02  0.2294   5.2345E-02  0.1021   0.0000E+00  0.0000   0.0000E+00  0.0000   6.2705E-02  0.0933
   4.2141E-02   4.2281E-02   0.0000E+00  0.0000   1.1450E-02  0.2182   3.7078E-02  0.1213   0.0000E+00  0.0000   0.0000E+00  0.0000   4.8528E-02  0.1060
   4.2281E-02   4.2421E-02   0.0000E+00  0.0000   6.5431E-03  0.2887   4.1985E-02  0.1140   0.0000E+00  0.0000   0.0000E+00  0.0000   4.8528E-02  0.1060
   4.2421E-02   4.2561E-02   0.0000E+00  0.0000   9.2694E-03  0.2425   4.7438E-02  0.1072   0.0000E+00  0.0000   0.0000E+00  0.0000   5.6707E-02  0.0981
   4.2561E-02   4.2701E-02   0.0000E+00  0.0000   1.1450E-02  0.2182   5.3435E-02  0.1010   0.0000E+00  0.0000   0.0000E+00  0.0000   6.4886E-02  0.0917
   4.2701E-02   4.2841E-02   0.0000E+00  0.0000   1.0905E-02  0.2236   4.3621E-02  0.1118   0.0000E+00  0.0000   0.0000E+00  0.0000   5.4526E-02  0.1000
   4.2841E-02   4.2981E-02   0.0000E+00  0.0000   8.7242E-03  0.2500   5.6162E-02  0.0985   0.0000E+00  0.0000   0.0000E+00  0.0000   6.4886E-02  0.0917
   4.2981E-02   4.3121E-02   0.0000E+00  0.0000   7.0884E-03  0.2773   4.4166E-02  0.1111   0.0000E+00  0.0000   0.0000E+00  0.0000   5.1254E-02  0.1031
   4.3121E-02   4.3261E-02   0.0000E+00  0.0000   8.1789E-03  0.2582   6.0524E-02  0.0949   0.0000E+00  0.0000   0.0000E+00  0.0000   6.8703E-02  0.0891
   4.3261E-02   4.3401E-02   0.0000E+00  0.0000   7.6336E-03  0.2673   5.2345E-02  0.1021   0.0000E+00  0.0000   0.0000E+00  0.0000   5.9979E-02  0.0953
   4.3401E-02   4.3541E-02   0.0000E+00  0.0000   9.2694E-03  0.2425   6.1614E-02  0.0941   0.0000E+00  0.0000   0.0000E+00  0.0000   7.0884E-02  0.0877
   4.3541E-02   4.3681E-02   0.0000E+00  0.0000   7.0884E-03  0.2773   5.4526E-02  0.1000   0.0000E+00  0.0000   0.0000E+00  0.0000   6.1614E-02  0.0941
   4.3681E-02   4.3821E-02   0.0000E+00  0.0000   5.4526E-03  0.3162   5.1800E-02  0.1026   0.0000E+00  0.0000   0.0000E+00  0.0000   5.7252E-02  0.0976
   4.3821E-02   4.3961E-02   0.0000E+00  0.0000   1.1450E-02  0.2182   5.2890E-02  0.1015   0.0000E+00  0.0000   0.0000E+00  0.0000   6.4341E-02  0.0921
   4.3961E-02   4.4101E-02   0.0000E+00  0.0000   1.1996E-02  0.2132   6.5431E-02  0.0913   0.0000E+00  0.0000   0.0000E+00  0.0000   7.7427E-02  0.0839
   4.4101E-02   4.4241E-02   0.0000E+00  0.0000   5.9979E-03  0.3015   5.5071E-02  0.0995   0.0000E+00  0.0000   0.0000E+00  0.0000   6.1069E-02  0.0945
   4.4241E-02   4.4381E-02   0.0000E+00  0.0000   6.5431E-03  0.2887   5.7252E-02  0.0976   0.0000E+00  0.0000   0.0000E+00  0.0000   6.3795E-02  0.0924
   4.4381E-02   4.4521E-02   0.0000E+00  0.0000   1.0905E-02  0.2236   6.3250E-02  0.0928   0.0000E+00  0.0000   0.0000E+00  0.0000   7.4155E-02  0.0857
   4.4521E-02   4.4661E-02   0.0000E+00  0.0000   6.5431E-03  0.2887   5.2345E-02  0.1021   0.0000E+00  0.0000   0.0000E+00  0.0000   5.8888E-02  0.0962
   4.4661E-02   4.4801E-02   0.0000E+00  0.0000   8.1789E-03  0.2582   6.2160E-02  0.0937   0.0000E+00  0.0000   0.0000E+00  0.0000   7.0339E-02  0.0880
   4.4801E-02   4.4941E-02   0.0000E+00  0.0000   1.0360E-02  0.2294   6.4341E-02  0.0921   0.0000E+00  0.0000   0.0000E+00  0.0000   7.4701E-02  0.0854
   4.4941E-02   4.5081E-02   0.0000E+00  0.0000   7.0884E-03  0.2773   5.2890E-02  0.1015   0.0000E+00  0.0000   0.0000E+00  0.0000   5.9979E-02  0.0953
   4.5081E-02   4.5221E-02   0.0000E+00  0.0000   8.7242E-03  0.2500   6.8158E-02  0.0894   0.0000E+00  0.0000   0.0000E+00  0.0000   7.6882E-02  0.0842
   4.5221E-02   4.5361E-02   0.0000E+00  0.0000   1.1450E-02  0.2182   5.3435E-02  0.1010   0.0000E+00  0.0000   0.0000E+00  0.0000   6.4886E-02  0.0917
   4.5361E-02   4.5501E-02   0.0000E+00  0.0000   8.1789E-03  0.2582   6.3795E-02  0.0924   0.0000E+00  0.0000   0.0000E+00  0.0000   7.1974E-02  0.0870
   4.5501E-02   4.5641E-02   0.0000E+00  0.0000   9.8147E-03  0.2357   5.9979E-02  0.0953   0.0000E+00  0.0000   0.0000E+00  0.0000   6.9793E-02  0.0884
   4.5641E-02   4.5781E-02   0.0000E+00  0.0000   1.6903E-02  0.1796   5.1800E-02  0.1026   0.0000E+00  0.0000   0.0000E+00  0.0000   6.8703E-02  0.0891
   4.5781E-02   4.5921E-02   0.0000E+00  0.0000   5.9979E-03  0.3015   6.4341E-02  0.0921   0.0000E+00  0.0000   0.0000E+00  0.0000   7.0339E-02  0.0880
   4.5921E-02   4.6061E-02   0.0000E+00  0.0000   9.8147E-03  0.2357   5.6162E-02  0.0985   0.0000E+00  0.0000   0.0000E+00  0.0000   6.5976E-02  0.0909
   4.6061E-02   4.6201E-02   0.0000E+00  0.0000   1.2541E-02  0.2085   6.8158E-02  0.0894   0.0000E+00  0.0000   0.0000E+00  0.0000   8.0699E-02  0.0822
   4.6201E-02   4.6341E-02   0.0000E+00  0.0000   1.2541E-02  0.2085   6.9793E-02  0.0884   0.0000E+00  0.0000   0.0000E+00  0.0000   8.2334E-02  0.0814
   4.6341E-02   4.6481E-02   0.0000E+00  0.0000   1.2541E-02  0.2085   6.7067E-02  0.0902   0.0000E+00  0.0000   0.0000E+00  0.0000   7.9608E-02  0.0828
   4.6481E-02   4.6621E-02   0.0000E+00  0.0000   1.1996E-02  0.2132   7.3065E-02  0.0864   0.0000E+00  0.0000   0.0000E+00  0.0000   8.5061E-02  0.0801
   4.6621E-02   4.6761E-02   0.0000E+00  0.0000   6.5431E-03  0.2887   6.5431E-02  0.0913   0.0000E+00  0.0000   0.0000E+00  0.0000   7.1974E-02  0.0870
   4.6761E-02   4.6901E-02   0.0000E+00  0.0000   8.7242E-03  0.2500   6.1614E-02  0.0941   0.0000E+00  0.0000   0.0000E+00  0.0000   7.0339E-02  0.0880
   4.6901E-02   4.7041E-02   0.0000E+00  0.0000   1.3086E-02  0.2041   6.3795E-02  0.0924   0.0000E+00  0.0000   0.0000E+00  0.0000   7.6882E-02  0.0842
   4.7041E-02   4.7181E-02   0.0000E+00  0.0000   1.1996E-02  0.2132   6.5431E-02  0.0913   0.0000E+00  0.0000   0.0000E+00  0.0000   7.7427E-02  0.0839
   4.7181E-02   4.7321E-02   0.0000E+00  0.0000   1.3086E-02  0.2041   7.4701E-02  0.0854   0.0000E+00  0.0000   0.0000E+00  0.0000   8.7787E-02  0.0788
   4.7321E-02   4.7461E-02   0.0000E+00  0.0000   1.3632E-02  0.2000   6.7612E-02  0.0898   0.0000E+00  0.0000   0.0000E+00  0.0000   8.1244E-02  0.0819
   4.7461E-02   4.7601E-02   0.0000E+00  0.0000   1.3086E-02  0.2041   6.1614E-02  0.0941   0.0000E+00  0.0000   0.0000E+00  0.0000   7.4701E-02  0.0854
   4.7601E-02   4.7741E-02   0.0000E+00  0.0000   1.3086E-02  0.2041   6.8158E-02  0.0894   0.0000E+00  0.0000   0.0000E+00  0.0000   8.1244E-02  0.0819
   4.7741E-02   4.7881E-02   0.0000E+00  0.0000   1.0360E-02  0.2294   5.9979E-02  0.0953   0.0000E+00  0.0000   0.0000E+00  0.0000   7.0339E-02  0.0880
   4.7881E-02   4.8021E-02   0.0000E+00  0.0000   1.9084E-02  0.1690   8.2880E-02  0.0811   0.0000E+00  0.0000   0.0000E+00  0.0000   1.0196E-01  0.0731
   4.8021E-02   4.8161E-02   0.0000E+00  0.0000   9.8147E-03  0.2357   6.5976E-02  0.0909   0.0000E+00  0.0000   0.0000E+00  0.0000   7.5791E-02  0.0848
   4.8161E-02   4.8301E-02   0.0000E+00  0.0000   1.2541E-02  0.2085   7.2520E-02  0.0867   0.0000E+00  0.0000   0.0000E+00  0.0000   8.5061E-02  0.0801
   4.8301E-02   4.8441E-02   0.0000E+00  0.0000   1.6358E-02  0.1826   7.1974E-02  0.0870   0.0000E+00  0.0000   0.0000E+00  0.0000   8.8332E-02  0.0786
   4.8441E-02   4.8581E-02   0.0000E+00  0.0000   1.2541E-02  0.2085   6.5976E-02  0.0909   0.0000E+00  0.0000   0.0000E+00  0.0000   7.8517E-02  0.0833
   4.8581E-02   4.8721E-02   0.0000E+00  0.0000   1.1996E-02  0.2132   6.8158E-02  0.0894   0.0000E+00  0.0000   0.0000E+00  0.0000   8.0153E-02  0.0825
   4.8721E-02   4.8861E-02   0.0000E+00  0.0000   1.5267E-02  0.1890   7.5246E-02  0.0851   0.0000E+00  0.0000   0.0000E+00  0.0000   9.0513E-02  0.0776
   4.8861E-02   4.9001E-02   0.0000E+00  0.0000   9.2694E-03  0.2425   7.2520E-02  0.0867   0.0000E+00  0.0000   0.0000E+00  0.0000   8.1789E-02  0.0816
   4.9001E-02   4.9141E-02   0.0000E+00  0.0000   1.5813E-02  0.1857   7.9608E-02  0.0828   0.0000E+00  0.0000   0.0000E+00  0.0000   9.5421E-02  0.0756
   4.9141E-02   4.9281E-02   0.0000E+00  0.0000   1.5813E-02  0.1857   7.1974E-02  0.0870   0.0000E+00  0.0000   0.0000E+00  0.0000   8.7787E-02  0.0788
   4.9281E-02   4.9421E-02   0.0000E+00  0.0000   8.1789E-03  0.2582   6.5431E-02  0.0913   0.0000E+00  0.0000   0.0000E+00  0.0000   7.3610E-02  0.0861
   4.9421E-02   4.9561E-02   0.0000E+00  0.0000   1.1996E-02  0.2132   6.6522E-02  0.0905   0.0000E+00  0.0000   0.0000E+00  0.0000   7.8517E-02  0.0833
   4.9561E-02   4.9701E-02   0.0000E+00  0.0000   1.0905E-02  0.2236   7.4155E-02  0.0857   0.0000E+00  0.0000   0.0000E+00  0.0000   8.5061E-02  0.0801
   4.9701E-02   4.9841E-02   0.0000E+00  0.0000   1.1996E-02  0.2132   7.9608E-02  0.0828   0.0000E+00  0.0000   0.0000E+00  0.0000   9.1604E-02  0.0772
   4.9841E-02   4.9981E-02   0.0000E+00  0.0000   1.1996E-02  0.2132   8.3970E-02  0.0806   0.0000E+00  0.0000   0.0000E+00  0.0000   9.5966E-02  0.0754
   4.9981E-02   5.0121E-02   0.0000E+00  0.0000   1.3632E-02  0.2000   7.9063E-02  0.0830   0.0000E+00  0.0000   0.0000E+00  0.0000   9.2694E-02  0.0767
   5.0121E-02   5.0261E-02   0.0000E+00  0.0000   1.9629E-02  0.1667   9.3785E-02  0.0762   0.0000E+00  0.0000   0.0000E+00  0.0000   1.1341E-01  0.0693
   5.0261E-02   5.0401E-02   0.0000E+00  0.0000   1.5267E-02  0.1890   7.9063E-02  0.0830   0.0000E+00  0.0000   0.0000E+00  0.0000   9.4330E-02  0.0760
   5.0401E-02   5.0541E-02   0.0000E+00  0.0000   1.7994E-02  0.1741   7.9063E-02  0.0830   0.0000E+00  0.0000   0.0000E+00  0.0000   9.7056E-02  0.0750
   5.0541E-02   5.0681E-02   0.0000E+00  0.0000   1.4177E-02  0.1961   7.9608E-02  0.0828   0.0000E+00  0.0000   0.0000E+00  0.0000   9.3785E-02  0.0762
   5.0681E-02   5.0821E-02   0.0000E+00  0.0000   2.0175E-02  0.1644   8.1789E-02  0.0816   0.0000E+00  0.0000   0.0000E+00  0.0000   1.0196E-01  0.0731
   5.0821E-02   5.0961E-02   0.0000E+00  0.0000   1.6903E-02  0.1796   8.3425E-02  0.0808   0.0000E+00  0.0000   0.0000E+00  0.0000   1.0033E-01  0.0737
   5.0961E-02   5.1101E-02   0.0000E+00  0.0000   1.4177E-02  0.1961   8.3970E-02  0.0806   0.0000E+00  0.0000   0.0000E+00  0.0000   9.8147E-02  0.0745
   5.1101E-02   5.1241E-02   0.0000E+00  0.0000   1.8539E-02  0.1715   8.6696E-02  0.0793   0.0000E+00  0.0000   0.0000E+00  0.0000   1.0524E-01  0.0720
   5.1241E-02   5.1381E-02   0.0000E+00  0.0000   2.0175E-02  0.1644   7.9608E-02  0.0828   0.0000E+00  0.0000   0.0000E+00  0.0000   9.9783E-02  0.0739
   5.1381E-02   5.1521E-02   0.0000E+00  0.0000   1.9629E-02  0.1667   9.4875E-02  0.0758   0.0000E+00  0.0000   0.0000E+00  0.0000   1.1450E-01  0.0690
   5.1521E-02   5.1661E-02   0.0000E+00  0.0000   2.0175E-02  0.1644   7.5791E-02  0.0848   0.0000E+00  0.0000   0.0000E+00  0.0000   9.5966E-02  0.0754
   5.1661E-02   5.1801E-02   0.0000E+00  0.0000   2.3991E-02  0.1508   8.8332E-02  0.0786   0.0000E+00  0.0000   0.0000E+00  0.0000   1.1232E-01  0.0697
   5.1801E-02   5.1941E-02   0.0000E+00  0.0000   1.6358E-02  0.1826   7.3065E-02  0.0864   0.0000E+00  0.0000   0.0000E+00  0.0000   8.9423E-02  0.0781
   5.1941E-02   5.2081E-02   0.0000E+00  0.0000   2.2901E-02  0.1543   7.7972E-02  0.0836   0.0000E+00  0.0000   0.0000E+00  0.0000   1.0087E-01  0.0735
   5.2081E-02   5.2221E-02   0.0000E+00  0.0000   2.6172E-02  0.1443   8.7242E-02  0.0791   0.0000E+00  0.0000   0.0000E+00  0.0000   1.1341E-01  0.0693
   5.2221E-02   5.2361E-02   0.0000E+00  0.0000   1.7448E-02  0.1768   8.6151E-02  0.0796   0.0000E+00  0.0000   0.0000E+00  0.0000   1.0360E-01  0.0725
   5.2361E-02   5.2501E-02   0.0000E+00  0.0000   2.6718E-02  0.1429   8.6696E-02  0.0793   0.0000E+00  0.0000   0.0000E+00  0.0000   1.1341E-01  0.0693
   5.2501E-02   5.2641E-02   0.0000E+00  0.0000   2.8354E-02  0.1387   8.7242E-02  0.0791   0.0000E+00  0.0000   0.0000E+00  0.0000   1.1560E-01  0.0687
   5.2641E-02   5.2781E-02   0.0000E+00  0.0000   1.7994E-02  0.1741   9.1058E-02  0.0774   0.0000E+00  0.0000   0.0000E+00  0.0000   1.0905E-01  0.0707
   5.2781E-02   5.2921E-02   0.0000E+00  0.0000   2.5627E-02  0.1459   8.3425E-02  0.0808   0.0000E+00  0.0000   0.0000E+00  0.0000   1.0905E-01  0.0707
   5.2921E-02   5.3061E-02   0.0000E+00  0.0000   2.4537E-02  0.1491   8.9423E-02  0.0781   0.0000E+00  0.0000   0.0000E+00  0.0000   1.1396E-01  0.0692
   5.3061E-02   5.3201E-02   0.0000E+00  0.0000   2.8354E-02  0.1387   8.7787E-02  0.0788   0.0000E+00  0.0000   0.0000E+00  0.0000   1.1614E-01  0.0685
   5.3201E-02   5.3341E-02   0.0000E+00  0.0000   2.1265E-02  0.1601   9.7602E-02  0.0747   0.0000E+00  0.0000   0.0000E+00  0.0000   1.1887E-01  0.0677
   5.3341E-02   5.3481E-02   0.0000E+00  0.0000   2.6718E-02  0.1429   9.7602E-02  0.0747   0.0000E+00  0.0000   0.0000E+00  0.0000   1.2432E-01  0.0662
   5.3481E-02   5.3621E-02   0.0000E+00  0.0000   2.8899E-02  0.1374   9.5966E-02  0.0754   0.0000E+00  0.0000   0.0000E+00  0.0000   1.2486E-01  0.0661
   5.3621E-02   5.3761E-02   0.0000E+00  0.0000   2.4537E-02  0.1491   9.7056E-02  0.0750   0.0000E+00  0.0000   0.0000E+00  0.0000   1.2159E-01  0.0670
   5.3761E-02   5.3901E-02   0.0000E+00  0.0000   2.9444E-02  0.1361   9.4330E-02  0.0760   0.0000E+00  0.0000   0.0000E+00  0.0000   1.2377E-01  0.0664
   5.3901E-02   5.4041E-02   0.0000E+00  0.0000   2.9989E-02  0.1348   9.8147E-02  0.0745   0.0000E+00  0.0000   0.0000E+00  0.0000   1.2814E-01  0.0652
   5.4041E-02   5.4181E-02   0.0000E+00  0.0000   2.0175E-02  0.1644   8.9423E-02  0.0781   0.0000E+00  0.0000   0.0000E+00  0.0000   1.0960E-01  0.0705
   5.4181E-02   5.4321E-02   0.0000E+00  0.0000   3.1625E-02  0.1313   1.0142E-01  0.0733   0.0000E+00  0.0000   0.0000E+00  0.0000   1.3304E-01  0.0640
   5.4321E-02   5.4461E-02   0.0000E+00  0.0000   3.3261E-02  0.1280   1.0578E-01  0.0718   0.0000E+00  0.0000   0.0000E+00  0.0000   1.3904E-01  0.0626
   5.4461E-02   5.4601E-02   0.0000E+00  0.0000   3.2716E-02  0.1291   9.5966E-02  0.0754   0.0000E+00  0.0000   0.0000E+00  0.0000   1.2868E-01  0.0651
   5.4601E-02   5.4741E-02   0.0000E+00  0.0000   3.2170E-02  0.1302   9.9237E-02  0.0741   0.0000E+00  0.0000   0.0000E+00  0.0000   1.3141E-01  0.0644
   5.4741E-02   5.4881E-02   0.0000E+00  0.0000   3.3806E-02  0.1270   9.4875E-02  0.0758   0.0000E+00  0.0000   0.0000E+00  0.0000   1.2868E-01  0.0651
   5.4881E-02   5.5021E-02   0.0000E+00  0.0000   3.6532E-02  0.1222   9.8147E-02  0.0745   0.0000E+00  0.0000   0.0000E+00  0.0000   1.3468E-01  0.0636
   5.5021E-02   5.5161E-02   0.0000E+00  0.0000   3.8713E-02  0.1187   1.0196E-01  0.0731   0.0000E+00  0.0000   0.0000E+00  0.0000   1.4068E-01  0.0623
   5.5161E-02   5.5301E-02   0.0000E+00  0.0000   3.5987E-02  0.1231   1.0633E-01  0.0716   0.0000E+00  0.0000   0.0000E+00  0.0000   1.4231E-01  0.0619
   5.5301E-02   5.5441E-02   0.0000E+00  0.0000   4.3076E-02  0.1125   1.0196E-01  0.0731   0.0000E+00  0.0000   0.0000E+00  0.0000   1.4504E-01  0.0613
   5.5441E-02   5.5581E-02   0.0000E+00  0.0000   4.4711E-02  0.1104   1.1069E-01  0.0702   0.0000E+00  0.0000   0.0000E+00  0.0000   1.5540E-01  0.0592
   5.5581E-02   5.5721E-02   0.0000E+00  0.0000   4.1440E-02  0.1147   1.2050E-01  0.0673   0.0000E+00  0.0000   0.0000E+00  0.0000   1.6194E-01  0.0580
   5.5721E-02   5.5861E-02   0.0000E+00  0.0000   4.7438E-02  0.1072   1.2214E-01  0.0668   0.0000E+00  0.0000   0.0000E+00  0.0000   1.6958E-01  0.0567
   5.5861E-02   5.6001E-02   0.0000E+00  0.0000   4.9073E-02  0.1054   1.1123E-01  0.0700   0.0000E+00  0.0000   0.0000E+00  0.0000   1.6031E-01  0.0583
   5.6001E-02   5.6141E-02   0.0000E+00  0.0000   5.0709E-02  0.1037   1.2377E-01  0.0664   0.0000E+00  0.0000   0.0000E+00  0.0000   1.7448E-01  0.0559
   5.6141E-02   5.6281E-02   0.0000E+00  0.0000   5.3981E-02  0.1005   1.2814E-01  0.0652   0.0000E+00  0.0000   0.0000E+00  0.0000   1.8212E-01  0.0547
   5.6281E-02   5.6421E-02   0.0000E+00  0.0000   4.9073E-02  0.1054   1.3468E-01  0.0636   0.0000E+00  0.0000   0.0000E+00  0.0000   1.8375E-01  0.0545
   5.6421E-02   5.6561E-02   0.0000E+00  0.0000   4.9619E-02  0.1048   1.2868E-01  0.0651   0.0000E+00  0.0000   0.0000E+00  0.0000   1.7830E-01  0.0553
   5.6561E-02   5.6701E-02   0.0000E+00  0.0000   7.1429E-02  0.0874   1.2814E-01  0.0652   0.0000E+00  0.0000   0.0000E+00  0.0000   1.9957E-01  0.0523
   5.6701E-02   5.6841E-02   0.0000E+00  0.0000   5.8888E-02  0.0962   1.2977E-01  0.0648   0.0000E+00  0.0000   0.0000E+00  0.0000   1.8866E-01  0.0538
   5.6841E-02   5.6981E-02   0.0000E+00  0.0000   6.5976E-02  0.0909   1.2759E-01  0.0654   0.0000E+00  0.0000   0.0000E+00  0.0000   1.9357E-01  0.0531
   5.6981E-02   5.7121E-02   0.0000E+00  0.0000   6.0524E-02  0.0949   1.0960E-01  0.0705   0.0000E+00  0.0000   0.0000E+00  0.0000   1.7012E-01  0.0566
   5.7121E-02   5.7261E-02   0.0000E+00  0.0000   6.2160E-02  0.0937   1.1887E-01  0.0677   0.0000E+00  0.0000   0.0000E+00  0.0000   1.8103E-01  0.0549
   5.7261E-02   5.7401E-02   0.0000E+00  0.0000   8.7242E-02  0.0791   1.3904E-01  0.0626   0.0000E+00  0.0000   0.0000E+00  0.0000   2.2628E-01  0.0491
   5.7401E-02   5.7541E-02   0.0000E+00  0.0000   8.0699E-02  0.0822   1.0796E-01  0.0711   0.0000E+00  0.0000   0.0000E+00  0.0000   1.8866E-01  0.0538
   5.7541E-02   5.7681E-02   0.0000E+00  0.0000   7.6882E-02  0.0842   1.0960E-01  0.0705   0.0000E+00  0.0000   0.0000E+00  0.0000   1.8648E-01  0.0541
   5.7681E-02   5.7821E-02   0.0000E+00  0.0000   7.5246E-02  0.0851   1.0524E-01  0.0720   0.0000E+00  0.0000   0.0000E+00  0.0000   1.8048E-01  0.0550
   5.7821E-02   5.7961E-02   0.0000E+00  0.0000   8.8332E-02  0.0786   1.0469E-01  0.0722   0.0000E+00  0.0000   0.0000E+00  0.0000   1.9302E-01  0.0531
   5.7961E-02   5.8101E-02   0.0000E+00  0.0000   8.6151E-02  0.0796   1.0905E-01  0.0707   0.0000E+00  0.0000   0.0000E+00  0.0000   1.9520E-01  0.0529
   5.8101E-02   5.8241E-02   0.0000E+00  0.0000   8.9968E-02  0.0778   1.0905E-01  0.0707   0.0000E+00  0.0000   0.0000E+00  0.0000   1.9902E-01  0.0523
   5.8241E-02   5.8381E-02   0.0000E+00  0.0000   1.0087E-01  0.0735   1.2105E-01  0.0671   0.0000E+00  0.0000   0.0000E+00  0.0000   2.2192E-01  0.0496
   5.8381E-02   5.8521E-02   0.0000E+00  0.0000   9.9237E-02  0.0741   1.0524E-01  0.0720   0.0000E+00  0.0000   0.0000E+00  0.0000   2.0447E-01  0.0516
   5.8521E-02   5.8661E-02   0.0000E+00  0.0000   1.0251E-01  0.0729   1.2432E-01  0.0662   0.0000E+00  0.0000   0.0000E+00  0.0000   2.2683E-01  0.0490
   5.8661E-02   5.8801E-02   0.0000E+00  0.0000   9.8692E-02  0.0743   1.2268E-01  0.0667   0.0000E+00  0.0000   0.0000E+00  0.0000   2.2138E-01  0.0496
   5.8801E-02   5.8941E-02   0.0000E+00  0.0000   1.2050E-01  0.0673   1.2214E-01  0.0668   0.0000E+00  0.0000   0.0000E+00  0.0000   2.4264E-01  0.0474
   5.8941E-02   5.9081E-02   0.0000E+00  0.0000   1.0524E-01  0.0720   1.4395E-01  0.0615   0.0000E+00  0.0000   0.0000E+00  0.0000   2.4918E-01  0.0468
   5.9081E-02   5.9221E-02   0.0000E+00  0.0000   8.8877E-02  0.0783   1.1778E-01  0.0680   0.0000E+00  0.0000   0.0000E+00  0.0000   2.0665E-01  0.0514
   5.9221E-02   5.9361E-02   0.0000E+00  0.0000   1.1505E-01  0.0688   1.0142E-01  0.0733   0.0000E+00  0.0000   0.0000E+00  0.0000   2.1647E-01  0.0502
   5.9361E-02   5.9501E-02   0.0000E+00  0.0000   1.1778E-01  0.0680   1.0033E-01  0.0737   0.0000E+00  0.0000   0.0000E+00  0.0000   2.1810E-01  0.0500
   5.9501E-02   5.9641E-02   0.0000E+00  0.0000   1.0960E-01  0.0705   9.4330E-02  0.0760   0.0000E+00  0.0000   0.0000E+00  0.0000   2.0393E-01  0.0517
   5.9641E-02   5.9781E-02   0.0000E+00  0.0000   1.0687E-01  0.0714   1.0524E-01  0.0720   0.0000E+00  0.0000   0.0000E+00  0.0000   2.1211E-01  0.0507
   5.9781E-02   5.9921E-02   0.0000E+00  0.0000   1.2650E-01  0.0657   6.7612E-02  0.0898   0.0000E+00  0.0000   0.0000E+00  0.0000   1.9411E-01  0.0530
   5.9921E-02   6.0061E-02   0.0000E+00  0.0000   1.2050E-01  0.0673   7.5791E-02  0.0848   0.0000E+00  0.0000   0.0000E+00  0.0000   1.9629E-01  0.0527
   6.0061E-02   6.0201E-02   0.0000E+00  0.0000   1.2050E-01  0.0673   6.8703E-02  0.0891   0.0000E+00  0.0000   0.0000E+00  0.0000   1.8921E-01  0.0537
   6.0201E-02   6.0341E-02   0.0000E+00  0.0000   1.2596E-01  0.0658   7.2520E-02  0.0867   0.0000E+00  0.0000   0.0000E+00  0.0000   1.9847E-01  0.0524
   6.0341E-02   6.0481E-02   0.0000E+00  0.0000   1.2268E-01  0.0667   7.6336E-02  0.0845   0.0000E+00  0.0000   0.0000E+00  0.0000   1.9902E-01  0.0523
   6.0481E-02   6.0621E-02   0.0000E+00  0.0000   1.3686E-01  0.0631   6.7067E-02  0.0902   0.0000E+00  0.0000   0.0000E+00  0.0000   2.0393E-01  0.0517
   6.0621E-02   6.0761E-02   0.0000E+00  0.0000   1.2268E-01  0.0667   8.0699E-02  0.0822   0.0000E+00  0.0000   0.0000E+00  0.0000   2.0338E-01  0.0518
   6.0761E-02   6.0901E-02   0.0000E+00  0.0000   1.3032E-01  0.0647   7.8517E-02  0.0833   0.0000E+00  0.0000   0.0000E+00  0.0000   2.0883E-01  0.0511
   6.0901E-02   6.1041E-02   0.0000E+00  0.0000   1.3632E-01  0.0632   7.4701E-02  0.0854   0.0000E+00  0.0000   0.0000E+00  0.0000   2.1102E-01  0.0508
   6.1041E-02   6.1181E-02   0.0000E+00  0.0000   1.3904E-01  0.0626   8.8877E-02  0.0783   0.0000E+00  0.0000   0.0000E+00  0.0000   2.2792E-01  0.0489
   6.1181E-02   6.1321E-02   0.0000E+00  0.0000   1.3522E-01  0.0635   7.6882E-02  0.0842   0.0000E+00  0.0000   0.0000E+00  0.0000   2.1211E-01  0.0507
   6.1321E-02   6.1461E-02   0.0000E+00  0.0000   1.1941E-01  0.0676   8.2334E-02  0.0814   0.0000E+00  0.0000   0.0000E+00  0.0000   2.0175E-01  0.0520
   6.1461E-02   6.1601E-02   0.0000E+00  0.0000   1.4722E-01  0.0609   7.7972E-02  0.0836   0.0000E+00  0.0000   0.0000E+00  0.0000   2.2519E-01  0.0492
   6.1601E-02   6.1741E-02   0.0000E+00  0.0000   1.3850E-01  0.0627   9.2149E-02  0.0769   0.0000E+00  0.0000   0.0000E+00  0.0000   2.3065E-01  0.0486
   6.1741E-02   6.1881E-02   0.0000E+00  0.0000   1.2650E-01  0.0657   7.3610E-02  0.0861   0.0000E+00  0.0000   0.0000E+00  0.0000   2.0011E-01  0.0522
   6.1881E-02   6.2021E-02   0.0000E+00  0.0000   1.3850E-01  0.0627   7.4701E-02  0.0854   0.0000E+00  0.0000   0.0000E+00  0.0000   2.1320E-01  0.0506
   6.2021E-02   6.2161E-02   0.0000E+00  0.0000   1.4286E-01  0.0618   6.1614E-02  0.0941   0.0000E+00  0.0000   0.0000E+00  0.0000   2.0447E-01  0.0516
   6.2161E-02   6.2301E-02   0.0000E+00  0.0000   1.4667E-01  0.0610   5.9979E-02  0.0953   0.0000E+00  0.0000   0.0000E+00  0.0000   2.0665E-01  0.0514
   6.2301E-02   6.2441E-02   0.0000E+00  0.0000   1.2705E-01  0.0655   6.6522E-02  0.0905   0.0000E+00  0.0000   0.0000E+00  0.0000   1.9357E-01  0.0531
   6.2441E-02   6.2581E-02   0.0000E+00  0.0000   1.5158E-01  0.0600   7.0884E-02  0.0877   0.0000E+00  0.0000   0.0000E+00  0.0000   2.2247E-01  0.0495
   6.2581E-02   6.2721E-02   0.0000E+00  0.0000   1.3413E-01  0.0638   7.1429E-02  0.0874   0.0000E+00  0.0000   0.0000E+00  0.0000   2.0556E-01  0.0515
   6.2721E-02   6.2861E-02   0.0000E+00  0.0000   1.3795E-01  0.0629   7.4701E-02  0.0854   0.0000E+00  0.0000   0.0000E+00  0.0000   2.1265E-01  0.0506
   6.2861E-02   6.3001E-02   0.0000E+00  0.0000   1.4777E-01  0.0607   6.9248E-02  0.0887   0.0000E+00  0.0000   0.0000E+00  0.0000   2.1701E-01  0.0501
   6.3001E-02   6.3141E-02   0.0000E+00  0.0000   1.5540E-01  0.0592   7.1429E-02  0.0874   0.0000E+00  0.0000   0.0000E+00  0.0000   2.2683E-01  0.0490
   6.3141E-02   6.3281E-02   0.0000E+00  0.0000   1.5049E-01  0.0602   6.0524E-02  0.0949   0.0000E+00  0.0000   0.0000E+00  0.0000   2.1102E-01  0.0508
   6.3281E-02   6.3421E-02   0.0000E+00  0.0000   1.5485E-01  0.0593   7.1429E-02  0.0874   0.0000E+00  0.0000   0.0000E+00  0.0000   2.2628E-01  0.0491
   6.3421E-02   6.3561E-02   0.0000E+00  0.0000   1.7394E-01  0.0560   8.6151E-02  0.0796   0.0000E+00  0.0000   0.0000E+00  0.0000   2.6009E-01  0.0458
   6.3561E-02   6.3701E-02   0.0000E+00  0.0000   1.6303E-01  0.0578   6.2160E-02  0.0937   0.0000E+00  0.0000   0.0000E+00  0.0000   2.2519E-01  0.0492
   6.3701E-02   6.3841E-02   0.0000E+00  0.0000   1.5540E-01  0.0592   7.2520E-02  0.0867   0.0000E+00  0.0000   0.0000E+00  0.0000   2.2792E-01  0.0489
   6.3841E-02   6.3981E-02   0.0000E+00  0.0000   1.7067E-01  0.0565   7.3610E-02  0.0861   0.0000E+00  0.0000   0.0000E+00  0.0000   2.4428E-01  0.0472
   6.3981E-02   6.4121E-02   0.0000E+00  0.0000   1.5158E-01  0.0600   7.1429E-02  0.0874   0.0000E+00  0.0000   0.0000E+00  0.0000   2.2301E-01  0.0494
   6.4121E-02   6.4261E-02   0.0000E+00  0.0000   1.6903E-01  0.0568   6.9793E-02  0.0884   0.0000E+00  0.0000   0.0000E+00  0.0000   2.3882E-01  0.0478
   6.4261E-02   6.4401E-02   0.0000E+00  0.0000   1.6249E-01  0.0579   8.1789E-02  0.0816   0.0000E+00  0.0000   0.0000E+00  0.0000   2.4428E-01  0.0472
   6.4401E-02   6.4541E-02   0.0000E+00  0.0000   1.8321E-01  0.0546   7.5791E-02  0.0848   0.0000E+00  0.0000   0.0000E+00  0.0000   2.5900E-01  0.0459
   6.4541E-02   6.4681E-02   0.0000E+00  0.0000   1.9302E-01  0.0531   7.1429E-02  0.0874   0.0000E+00  0.0000   0.0000E+00  0.0000   2.6445E-01  0.0454
   6.4681E-02   6.4821E-02   0.0000E+00  0.0000   1.7885E-01  0.0552   8.1244E-02  0.0819   0.0000E+00  0.0000   0.0000E+00  0.0000   2.6009E-01  0.0458
   6.4821E-02   6.4961E-02   0.0000E+00  0.0000   1.7503E-01  0.0558   7.3065E-02  0.0864   0.0000E+00  0.0000   0.0000E+00  0.0000   2.4809E-01  0.0469
   6.4961E-02   6.5101E-02   0.0000E+00  0.0000   1.7994E-01  0.0550   7.1974E-02  0.0870   0.0000E+00  0.0000   0.0000E+00  0.0000   2.5191E-01  0.0465
   6.5101E-02   6.5241E-02   0.0000E+00  0.0000   1.9520E-01  0.0529   7.6336E-02  0.0845   0.0000E+00  0.0000   0.0000E+00  0.0000   2.7154E-01  0.0448
   6.5241E-02   6.5381E-02   0.0000E+00  0.0000   1.8157E-01  0.0548   7.5246E-02  0.0851   0.0000E+00  0.0000   0.0000E+00  0.0000   2.5682E-01  0.0461
   6.5381E-02   6.5521E-02   0.0000E+00  0.0000   1.7994E-01  0.0550   8.1244E-02  0.0819   0.0000E+00  0.0000   0.0000E+00  0.0000   2.6118E-01  0.0457
   6.5521E-02   6.5661E-02   0.0000E+00  0.0000   2.0229E-01  0.0519   8.3970E-02  0.0806   0.0000E+00  0.0000   0.0000E+00  0.0000   2.8626E-01  0.0436
   6.5661E-02   6.5801E-02   0.0000E+00  0.0000   1.9793E-01  0.0525   7.2520E-02  0.0867   0.0000E+00  0.0000   0.0000E+00  0.0000   2.7045E-01  0.0449
   6.5801E-02   6.5941E-02   0.0000E+00  0.0000   2.1211E-01  0.0507   7.5246E-02  0.0851   0.0000E+00  0.0000   0.0000E+00  0.0000   2.8735E-01  0.0436
   6.5941E-02   6.6081E-02   0.0000E+00  0.0000   2.1919E-01  0.0499   8.5061E-02  0.0801   0.0000E+00  0.0000   0.0000E+00  0.0000   3.0426E-01  0.0423
   6.6081E-02   6.6221E-02   0.0000E+00  0.0000   2.0066E-01  0.0521   9.0513E-02  0.0776   0.0000E+00  0.0000   0.0000E+00  0.0000   2.9117E-01  0.0433
   6.6221E-02   6.6361E-02   0.0000E+00  0.0000   1.9629E-01  0.0527   7.2520E-02  0.0867   0.0000E+00  0.0000   0.0000E+00  0.0000   2.6881E-01  0.0450
   6.6361E-02   6.6501E-02   0.0000E+00  0.0000   2.3065E-01  0.0486   8.3425E-02  0.0808   0.0000E+00  0.0000   0.0000E+00  0.0000   3.1407E-01  0.0417
   6.6501E-02   6.6641E-02   0.0000E+00  0.0000   2.0774E-01  0.0512   7.9063E-02  0.0830   0.0000E+00  0.0000   0.0000E+00  0.0000   2.8681E-01  0.0436
   6.6641E-02   6.6781E-02   0.0000E+00  0.0000   2.3337E-01  0.0483   8.8332E-02  0.0786   0.0000E+00  0.0000   0.0000E+00  0.0000   3.2170E-01  0.0412
   6.6781E-02   6.6921E-02   0.0000E+00  0.0000   2.2138E-01  0.0496   8.1789E-02  0.0816   0.0000E+00  0.0000   0.0000E+00  0.0000   3.0316E-01  0.0424
   6.6921E-02   6.7061E-02   0.0000E+00  0.0000   2.3555E-01  0.0481   8.1789E-02  0.0816   0.0000E+00  0.0000   0.0000E+00  0.0000   3.1734E-01  0.0415
   6.7061E-02   6.7201E-02   0.0000E+00  0.0000   2.3773E-01  0.0479   8.3970E-02  0.0806   0.0000E+00  0.0000   0.0000E+00  0.0000   3.2170E-01  0.0412
   6.7201E-02   6.7341E-02   0.0000E+00  0.0000   2.4264E-01  0.0474   8.6696E-02  0.0793   0.0000E+00  0.0000   0.0000E+00  0.0000   3.2934E-01  0.0407
   6.7341E-02   6.7481E-02   0.0000E+00  0.0000   2.6282E-01  0.0455   8.9968E-02  0.0778   0.0000E+00  0.0000   0.0000E+00  0.0000   3.5278E-01  0.0393
   6.7481E-02   6.7621E-02   0.0000E+00  0.0000   2.4373E-01  0.0473   9.3785E-02  0.0762   0.0000E+00  0.0000   0.0000E+00  0.0000   3.3752E-01  0.0402
   6.7621E-02   6.7761E-02   0.0000E+00  0.0000   2.3610E-01  0.0481   1.0142E-01  0.0733   0.0000E+00  0.0000   0.0000E+00  0.0000   3.3752E-01  0.0402
   6.7761E-02   6.7901E-02   0.0000E+00  0.0000   2.5791E-01  0.0460   8.6696E-02  0.0793   0.0000E+00  0.0000   0.0000E+00  0.0000   3.4460E-01  0.0398
   6.7901E-02   6.8041E-02   0.0000E+00  0.0000   2.4210E-01  0.0475   9.3785E-02  0.0762   0.0000E+00  0.0000   0.0000E+00  0.0000   3.3588E-01  0.0403
   6.8041E-02   6.8181E-02   0.0000E+00  0.0000   2.4755E-01  0.0469   9.7602E-02  0.0747   0.0000E+00  0.0000   0.0000E+00  0.0000   3.4515E-01  0.0397
   6.8181E-02   6.8321E-02   0.0000E+00  0.0000   2.6445E-01  0.0454   9.3239E-02  0.0765   0.0000E+00  0.0000   0.0000E+00  0.0000   3.5769E-01  0.0390
   6.8321E-02   6.8461E-02   0.0000E+00  0.0000   2.6336E-01  0.0455   9.8692E-02  0.0743   0.0000E+00  0.0000   0.0000E+00  0.0000   3.6205E-01  0.0388
   6.8461E-02   6.8601E-02   0.0000E+00  0.0000   2.8026E-01  0.0441   9.5966E-02  0.0754   0.0000E+00  0.0000   0.0000E+00  0.0000   3.7623E-01  0.0381
   6.8601E-02   6.8741E-02   0.0000E+00  0.0000   2.8354E-01  0.0439   9.7602E-02  0.0747   0.0000E+00  0.0000   0.0000E+00  0.0000   3.8114E-01  0.0378
   6.8741E-02   6.8881E-02   0.0000E+00  0.0000   2.6881E-01  0.0450   9.4330E-02  0.0760   0.0000E+00  0.0000   0.0000E+00  0.0000   3.6314E-01  0.0387
   6.8881E-02   6.9021E-02   0.0000E+00  0.0000   2.8299E-01  0.0439   1.0196E-01  0.0731   0.0000E+00  0.0000   0.0000E+00  0.0000   3.8495E-01  0.0376
   6.9021E-02   6.9161E-02   0.0000E+00  0.0000   2.7754E-01  0.0443   9.8147E-02  0.0745   0.0000E+00  0.0000   0.0000E+00  0.0000   3.7568E-01  0.0381
   6.9161E-02   6.9301E-02   0.0000E+00  0.0000   2.9008E-01  0.0434   9.2149E-02  0.0769   0.0000E+00  0.0000   0.0000E+00  0.0000   3.8223E-01  0.0378
   6.9301E-02   6.9441E-02   0.0000E+00  0.0000   2.6881E-01  0.0450   1.0087E-01  0.0735   0.0000E+00  0.0000   0.0000E+00  0.0000   3.6969E-01  0.0384
   6.9441E-02   6.9581E-02   0.0000E+00  0.0000   3.0316E-01  0.0424   7.7427E-02  0.0839   0.0000E+00  0.0000   0.0000E+00  0.0000   3.8059E-01  0.0378
   6.9581E-02   6.9721E-02   0.0000E+00  0.0000   3.0480E-01  0.0423   1.0087E-01  0.0735   0.0000E+00  0.0000   0.0000E+00  0.0000   4.0567E-01  0.0367
   6.9721E-02   6.9861E-02   0.0000E+00  0.0000   3.2934E-01  0.0407   9.1058E-02  0.0774   0.0000E+00  0.0000   0.0000E+00  0.0000   4.2040E-01  0.0360
   6.9861E-02   7.0001E-02   0.0000E+00  0.0000   3.1516E-01  0.0416   9.2694E-02  0.0767   0.0000E+00  0.0000   0.0000E+00  0.0000   4.0785E-01  0.0366
   7.0001E-02   7.0140E-02   0.0000E+00  0.0000   3.1516E-01  0.0416   7.3065E-02  0.0864   0.0000E+00  0.0000   0.0000E+00  0.0000   3.8823E-01  0.0375
   7.0140E-02   7.0280E-02   0.0000E+00  0.0000   3.2116E-01  0.0412   7.6336E-02  0.0845   0.0000E+00  0.0000   0.0000E+00  0.0000   3.9749E-01  0.0370
   7.0280E-02   7.0420E-02   0.0000E+00  0.0000   3.2061E-01  0.0412   8.8877E-02  0.0783   0.0000E+00  0.0000   0.0000E+00  0.0000   4.0949E-01  0.0365
   7.0420E-02   7.0560E-02   0.0000E+00  0.0000   3.2934E-01  0.0407   7.7427E-02  0.0839   0.0000E+00  0.0000   0.0000E+00  0.0000   4.0676E-01  0.0366
   7.0560E-02   7.0700E-02   0.0000E+00  0.0000   3.3152E-01  0.0406   8.6696E-02  0.0793   0.0000E+00  0.0000   0.0000E+00  0.0000   4.1821E-01  0.0361
   7.0700E-02   7.0840E-02   0.0000E+00  0.0000   3.4079E-01  0.0400   7.3610E-02  0.0861   0.0000E+00  0.0000   0.0000E+00  0.0000   4.1440E-01  0.0363
   7.0840E-02   7.0980E-02   0.0000E+00  0.0000   3.6969E-01  0.0384   8.0153E-02  0.0825   0.0000E+00  0.0000   0.0000E+00  0.0000   4.4984E-01  0.0348
   7.0980E-02   7.1120E-02   0.0000E+00  0.0000   3.7241E-01  0.0383   8.7787E-02  0.0788   0.0000E+00  0.0000   0.0000E+00  0.0000   4.6020E-01  0.0344
   7.1120E-02   7.1260E-02   0.0000E+00  0.0000   3.7187E-01  0.0383   8.7787E-02  0.0788   0.0000E+00  0.0000   0.0000E+00  0.0000   4.5965E-01  0.0344
   7.1260E-02   7.1400E-02   0.0000E+00  0.0000   3.6096E-01  0.0389   9.7056E-02  0.0750   0.0000E+00  0.0000   0.0000E+00  0.0000   4.5802E-01  0.0345
   7.1400E-02   7.1540E-02   0.0000E+00  0.0000   3.8877E-01  0.0374   9.3239E-02  0.0765   0.0000E+00  0.0000   0.0000E+00  0.0000   4.8201E-01  0.0336
   7.1540E-02   7.1680E-02   0.0000E+00  0.0000   3.8059E-01  0.0378   8.1789E-02  0.0816   0.0000E+00  0.0000   0.0000E+00  0.0000   4.6238E-01  0.0343
   7.1680E-02   7.1820E-02   0.0000E+00  0.0000   4.2094E-01  0.0360   7.9063E-02  0.0830   0.0000E+00  0.0000   0.0000E+00  0.0000   5.0000E-01  0.0330
   7.1820E-02   7.1960E-02   0.0000E+00  0.0000   4.0895E-01  0.0365   9.8147E-02  0.0745   0.0000E+00  0.0000   0.0000E+00  0.0000   5.0709E-01  0.0328
   7.1960E-02   7.2100E-02   0.0000E+00  0.0000   4.4057E-01  0.0352   9.4875E-02  0.0758   0.0000E+00  0.0000   0.0000E+00  0.0000   5.3545E-01  0.0319
   7.2100E-02   7.2240E-02   0.0000E+00  0.0000   9.8201E-01  0.0236   5.6162E-02  0.0985   0.0000E+00  0.0000   0.0000E+00  0.0000   1.0382E+00  0.0229
   7.2240E-02   7.2380E-02   0.0000E+00  0.0000   4.4221E-01  0.0351   5.5617E-02  0.0990   0.0000E+00  0.0000   0.0000E+00  0.0000   4.9782E-01  0.0331
   7.2380E-02   7.2520E-02   0.0000E+00  0.0000   4.6565E-01  0.0342   5.9979E-02  0.0953   0.0000E+00  0.0000   0.0000E+00  0.0000   5.2563E-01  0.0322
   7.2520E-02   7.2660E-02   0.0000E+00  0.0000   4.2694E-01  0.0357   6.0524E-02  0.0949   0.0000E+00  0.0000   0.0000E+00  0.0000   4.8746E-01  0.0334
   7.2660E-02   7.2800E-02   0.0000E+00  0.0000   4.3948E-01  0.0352   5.5617E-02  0.0990   0.0000E+00  0.0000   0.0000E+00  0.0000   4.9510E-01  0.0332
   7.2800E-02   7.2940E-02   0.0000E+00  0.0000   3.5092E+02  0.0012   5.9979E-02  0.0953   0.0000E+00  0.0000   0.0000E+00  0.0000   3.5098E+02  0.0012
   7.2940E-02   7.3080E-02   0.0000E+00  0.0000   4.1004E-01  0.0365   5.5071E-02  0.0995   0.0000E+00  0.0000   0.0000E+00  0.0000   4.6511E-01  0.0342
   7.3080E-02   7.3220E-02   0.0000E+00  0.0000   4.2803E-01  0.0357   5.6707E-02  0.0981   0.0000E+00  0.0000   0.0000E+00  0.0000   4.8474E-01  0.0335
   7.3220E-02   7.3360E-02   0.0000E+00  0.0000   4.2040E-01  0.0360   5.9433E-02  0.0958   0.0000E+00  0.0000   0.0000E+00  0.0000   4.7983E-01  0.0337
   7.3360E-02   7.3500E-02   0.0000E+00  0.0000   4.2149E-01  0.0360   6.9793E-02  0.0884   0.0000E+00  0.0000   0.0000E+00  0.0000   4.9128E-01  0.0333
   7.3500E-02   7.3640E-02   0.0000E+00  0.0000   4.3621E-01  0.0354   5.2345E-02  0.1021   0.0000E+00  0.0000   0.0000E+00  0.0000   4.8855E-01  0.0334
   7.3640E-02   7.3780E-02   0.0000E+00  0.0000   4.3784E-01  0.0353   5.8343E-02  0.0967   0.0000E+00  0.0000   0.0000E+00  0.0000   4.9619E-01  0.0331
   7.3780E-02   7.3920E-02   0.0000E+00  0.0000   4.5747E-01  0.0345   6.2160E-02  0.0937   0.0000E+00  0.0000   0.0000E+00  0.0000   5.1963E-01  0.0324
   7.3920E-02   7.4060E-02   0.0000E+00  0.0000   4.3185E-01  0.0355   5.6162E-02  0.0985   0.0000E+00  0.0000   0.0000E+00  0.0000   4.8801E-01  0.0334
   7.4060E-02   7.4200E-02   0.0000E+00  0.0000   4.4057E-01  0.0352   6.1069E-02  0.0945   0.0000E+00  0.0000   0.0000E+00  0.0000   5.0164E-01  0.0330
   7.4200E-02   7.4340E-02   0.0000E+00  0.0000   4.6565E-01  0.0342   7.3610E-02  0.0861   0.0000E+00  0.0000   0.0000E+00  0.0000   5.3926E-01  0.0318
   7.4340E-02   7.4480E-02   0.0000E+00  0.0000   4.4275E-01  0.0351   5.8343E-02  0.0967   0.0000E+00  0.0000   0.0000E+00  0.0000   5.0109E-01  0.0330
   7.4480E-02   7.4620E-02   0.0000E+00  0.0000   4.3239E-01  0.0355   6.2160E-02  0.0937   0.0000E+00  0.0000   0.0000E+00  0.0000   4.9455E-01  0.0332
   7.4620E-02   7.4760E-02   0.0000E+00  0.0000   4.1549E-01  0.0362   5.7798E-02  0.0971   0.0000E+00  0.0000   0.0000E+00  0.0000   4.7329E-01  0.0339
   7.4760E-02   7.4900E-02   0.0000E+00  0.0000   3.9749E-01  0.0370   6.4886E-02  0.0917   0.0000E+00  0.0000   0.0000E+00  0.0000   4.6238E-01  0.0343
   7.4900E-02   7.5040E-02   0.0000E+00  0.0000   6.1564E+02  0.0009   6.3250E-02  0.0928   0.0000E+00  0.0000   0.0000E+00  0.0000   6.1571E+02  0.0009
   7.5040E-02   7.5180E-02   0.0000E+00  0.0000   3.3915E-01  0.0401   6.9793E-02  0.0884   0.0000E+00  0.0000   0.0000E+00  0.0000   4.0895E-01  0.0365
   7.5180E-02   7.5320E-02   0.0000E+00  0.0000   3.9259E-01  0.0373   6.9793E-02  0.0884   0.0000E+00  0.0000   0.0000E+00  0.0000   4.6238E-01  0.0343
   7.5320E-02   7.5460E-02   0.0000E+00  0.0000   3.6042E-01  0.0389   6.4341E-02  0.0921   0.0000E+00  0.0000   0.0000E+00  0.0000   4.2476E-01  0.0358
   7.5460E-02   7.5600E-02   0.0000E+00  0.0000   3.7023E-01  0.0384   7.1429E-02  0.0874   0.0000E+00  0.0000   0.0000E+00  0.0000   4.4166E-01  0.0351
   7.5600E-02   7.5740E-02   0.0000E+00  0.0000   3.5496E-01  0.0392   6.9248E-02  0.0887   0.0000E+00  0.0000   0.0000E+00  0.0000   4.2421E-01  0.0359
   7.5740E-02   7.5880E-02   0.0000E+00  0.0000   3.8604E-01  0.0376   5.5071E-02  0.0995   0.0000E+00  0.0000   0.0000E+00  0.0000   4.4112E-01  0.0352
   7.5880E-02   7.6020E-02   0.0000E+00  0.0000   3.3261E-01  0.0405   6.9793E-02  0.0884   0.0000E+00  0.0000   0.0000E+00  0.0000   4.0240E-01  0.0368
   7.6020E-02   7.6160E-02   0.0000E+00  0.0000   3.1516E-01  0.0416   6.2705E-02  0.0933   0.0000E+00  0.0000   0.0000E+00  0.0000   3.7787E-01  0.0380
   7.6160E-02   7.6300E-02   0.0000E+00  0.0000   3.3479E-01  0.0404   6.3795E-02  0.0924   0.0000E+00  0.0000   0.0000E+00  0.0000   3.9859E-01  0.0370
   7.6300E-02   7.6440E-02   0.0000E+00  0.0000   3.4679E-01  0.0397   5.9433E-02  0.0958   0.0000E+00  0.0000   0.0000E+00  0.0000   4.0622E-01  0.0366
   7.6440E-02   7.6580E-02   0.0000E+00  0.0000   3.5169E-01  0.0394   6.4341E-02  0.0921   0.0000E+00  0.0000   0.0000E+00  0.0000   4.1603E-01  0.0362
   7.6580E-02   7.6720E-02   0.0000E+00  0.0000   3.4624E-01  0.0397   6.4886E-02  0.0917   0.0000E+00  0.0000   0.0000E+00  0.0000   4.1113E-01  0.0364
   7.6720E-02   7.6860E-02   0.0000E+00  0.0000   3.6696E-01  0.0385   6.5431E-02  0.0913   0.0000E+00  0.0000   0.0000E+00  0.0000   4.3239E-01  0.0355
   7.6860E-02   7.7000E-02   0.0000E+00  0.0000   3.5115E-01  0.0394   6.7067E-02  0.0902   0.0000E+00  0.0000   0.0000E+00  0.0000   4.1821E-01  0.0361
   7.7000E-02   7.7140E-02   0.0000E+00  0.0000   3.2116E-01  0.0412   7.1974E-02  0.0870   0.0000E+00  0.0000   0.0000E+00  0.0000   3.9313E-01  0.0372
   7.7140E-02   7.7280E-02   0.0000E+00  0.0000   3.4679E-01  0.0397   6.8703E-02  0.0891   0.0000E+00  0.0000   0.0000E+00  0.0000   4.1549E-01  0.0362
   7.7280E-02   7.7420E-02   0.0000E+00  0.0000   3.3424E-01  0.0404   6.8158E-02  0.0894   0.0000E+00  0.0000   0.0000E+00  0.0000   4.0240E-01  0.0368
   7.7420E-02   7.7560E-02   0.0000E+00  0.0000   3.2607E-01  0.0409   6.5976E-02  0.0909   0.0000E+00  0.0000   0.0000E+00  0.0000   3.9204E-01  0.0373
   7.7560E-02   7.7700E-02   0.0000E+00  0.0000   3.2498E-01  0.0410   6.2160E-02  0.0937   0.0000E+00  0.0000   0.0000E+00  0.0000   3.8713E-01  0.0375
   7.7700E-02   7.7840E-02   0.0000E+00  0.0000   3.4733E-01  0.0396   6.3250E-02  0.0928   0.0000E+00  0.0000   0.0000E+00  0.0000   4.1058E-01  0.0364
   7.7840E-02   7.7980E-02   0.0000E+00  0.0000   3.3806E-01  0.0402   7.3610E-02  0.0861   0.0000E+00  0.0000   0.0000E+00  0.0000   4.1167E-01  0.0364
   7.7980E-02   7.8120E-02   0.0000E+00  0.0000   3.1462E-01  0.0416   6.8703E-02  0.0891   0.0000E+00  0.0000   0.0000E+00  0.0000   3.8332E-01  0.0377
   7.8120E-02   7.8260E-02   0.0000E+00  0.0000   3.2498E-01  0.0410   6.4886E-02  0.0917   0.0000E+00  0.0000   0.0000E+00  0.0000   3.8986E-01  0.0374
   7.8260E-02   7.8400E-02   0.0000E+00  0.0000   2.8953E-01  0.0434   6.1614E-02  0.0941   0.0000E+00  0.0000   0.0000E+00  0.0000   3.5115E-01  0.0394
   7.8400E-02   7.8540E-02   0.0000E+00  0.0000   2.8135E-01  0.0440   6.6522E-02  0.0905   0.0000E+00  0.0000   0.0000E+00  0.0000   3.4788E-01  0.0396
   7.8540E-02   7.8680E-02   0.0000E+00  0.0000   3.1571E-01  0.0416   6.8703E-02  0.0891   0.0000E+00  0.0000   0.0000E+00  0.0000   3.8441E-01  0.0377
   7.8680E-02   7.8820E-02   0.0000E+00  0.0000   2.9117E-01  0.0433   5.9433E-02  0.0958   0.0000E+00  0.0000   0.0000E+00  0.0000   3.5060E-01  0.0394
   7.8820E-02   7.8960E-02   0.0000E+00  0.0000   3.0098E-01  0.0426   5.9979E-02  0.0953   0.0000E+00  0.0000   0.0000E+00  0.0000   3.6096E-01  0.0389
   7.8960E-02   7.9100E-02   0.0000E+00  0.0000   2.8844E-01  0.0435   6.8158E-02  0.0894   0.0000E+00  0.0000   0.0000E+00  0.0000   3.5660E-01  0.0391
   7.9100E-02   7.9240E-02   0.0000E+00  0.0000   3.0480E-01  0.0423   7.0339E-02  0.0880   0.0000E+00  0.0000   0.0000E+00  0.0000   3.7514E-01  0.0381
   7.9240E-02   7.9380E-02   0.0000E+00  0.0000   3.1080E-01  0.0419   6.3795E-02  0.0924   0.0000E+00  0.0000   0.0000E+00  0.0000   3.7459E-01  0.0382
   7.9380E-02   7.9520E-02   0.0000E+00  0.0000   2.8408E-01  0.0438   6.6522E-02  0.0905   0.0000E+00  0.0000   0.0000E+00  0.0000   3.5060E-01  0.0394
   7.9520E-02   7.9660E-02   0.0000E+00  0.0000   2.8790E-01  0.0435   6.4886E-02  0.0917   0.0000E+00  0.0000   0.0000E+00  0.0000   3.5278E-01  0.0393
   7.9660E-02   7.9800E-02   0.0000E+00  0.0000   2.6282E-01  0.0455   6.4341E-02  0.0921   0.0000E+00  0.0000   0.0000E+00  0.0000   3.2716E-01  0.0408
   7.9800E-02   7.9940E-02   0.0000E+00  0.0000   2.8463E-01  0.0438   6.2705E-02  0.0933   0.0000E+00  0.0000   0.0000E+00  0.0000   3.4733E-01  0.0396
   7.9940E-02   8.0080E-02   0.0000E+00  0.0000   2.7208E-01  0.0448   7.4155E-02  0.0857   0.0000E+00  0.0000   0.0000E+00  0.0000   3.4624E-01  0.0397
   8.0080E-02   8.0220E-02   0.0000E+00  0.0000   2.9662E-01  0.0429   6.4886E-02  0.0917   0.0000E+00  0.0000   0.0000E+00  0.0000   3.6151E-01  0.0388
   8.0220E-02   8.0360E-02   0.0000E+00  0.0000   2.9280E-01  0.0432   7.3065E-02  0.0864   0.0000E+00  0.0000   0.0000E+00  0.0000   3.6587E-01  0.0386
   8.0360E-02   8.0500E-02   0.0000E+00  0.0000   2.6118E-01  0.0457   6.5431E-02  0.0913   0.0000E+00  0.0000   0.0000E+00  0.0000   3.2661E-01  0.0409
   8.0500E-02   8.0640E-02   0.0000E+00  0.0000   2.6554E-01  0.0453   6.3250E-02  0.0928   0.0000E+00  0.0000   0.0000E+00  0.0000   3.2879E-01  0.0407
   8.0640E-02   8.0780E-02   0.0000E+00  0.0000   2.6772E-01  0.0451   6.7612E-02  0.0898   0.0000E+00  0.0000   0.0000E+00  0.0000   3.3534E-01  0.0403
   8.0780E-02   8.0920E-02   0.0000E+00  0.0000   2.6336E-01  0.0455   7.4155E-02  0.0857   0.0000E+00  0.0000   0.0000E+00  0.0000   3.3752E-01  0.0402
   8.0920E-02   8.1060E-02   0.0000E+00  0.0000   2.5191E-01  0.0465   5.7798E-02  0.0971   0.0000E+00  0.0000   0.0000E+00  0.0000   3.0971E-01  0.0420
   8.1060E-02   8.1200E-02   0.0000E+00  0.0000   2.3610E-01  0.0481   7.2520E-02  0.0867   0.0000E+00  0.0000   0.0000E+00  0.0000   3.0862E-01  0.0420
   8.1200E-02   8.1340E-02   0.0000E+00  0.0000   2.4046E-01  0.0476   6.8703E-02  0.0891   0.0000E+00  0.0000   0.0000E+00  0.0000   3.0916E-01  0.0420
   8.1340E-02   8.1480E-02   0.0000E+00  0.0000   2.4319E-01  0.0474   6.7067E-02  0.0902   0.0000E+00  0.0000   0.0000E+00  0.0000   3.1025E-01  0.0419
   8.1480E-02   8.1620E-02   0.0000E+00  0.0000   2.2846E-01  0.0489   7.2520E-02  0.0867   0.0000E+00  0.0000   0.0000E+00  0.0000   3.0098E-01  0.0426
   8.1620E-02   8.1760E-02   0.0000E+00  0.0000   2.4155E-01  0.0475   6.5976E-02  0.0909   0.0000E+00  0.0000   0.0000E+00  0.0000   3.0753E-01  0.0421
   8.1760E-02   8.1900E-02   0.0000E+00  0.0000   2.4210E-01  0.0475   7.8517E-02  0.0833   0.0000E+00  0.0000   0.0000E+00  0.0000   3.2061E-01  0.0412
   8.1900E-02   8.2040E-02   0.0000E+00  0.0000   2.1429E-01  0.0504   6.6522E-02  0.0905   0.0000E+00  0.0000   0.0000E+00  0.0000   2.8081E-01  0.0441
   8.2040E-02   8.2180E-02   0.0000E+00  0.0000   2.0120E-01  0.0521   6.5976E-02  0.0909   0.0000E+00  0.0000   0.0000E+00  0.0000   2.6718E-01  0.0452
   8.2180E-02   8.2320E-02   0.0000E+00  0.0000   1.9793E-01  0.0525   5.5617E-02  0.0990   0.0000E+00  0.0000   0.0000E+00  0.0000   2.5355E-01  0.0464
   8.2320E-02   8.2460E-02   0.0000E+00  0.0000   2.1865E-01  0.0499   5.9979E-02  0.0953   0.0000E+00  0.0000   0.0000E+00  0.0000   2.7863E-01  0.0442
   8.2460E-02   8.2600E-02   0.0000E+00  0.0000   1.9084E-01  0.0535   6.9248E-02  0.0887   0.0000E+00  0.0000   0.0000E+00  0.0000   2.6009E-01  0.0458
   8.2600E-02   8.2740E-02   0.0000E+00  0.0000   1.9847E-01  0.0524   5.8888E-02  0.0962   0.0000E+00  0.0000   0.0000E+00  0.0000   2.5736E-01  0.0460
   8.2740E-02   8.2880E-02   0.0000E+00  0.0000   1.7885E-01  0.0552   5.4526E-02  0.1000   0.0000E+00  0.0000   0.0000E+00  0.0000   2.3337E-01  0.0483
   8.2880E-02   8.3020E-02   0.0000E+00  0.0000   1.9084E-01  0.0535   6.1614E-02  0.0941   0.0000E+00  0.0000   0.0000E+00  0.0000   2.5246E-01  0.0465
   8.3020E-02   8.3160E-02   0.0000E+00  0.0000   1.8212E-01  0.0547   5.4526E-02  0.1000   0.0000E+00  0.0000   0.0000E+00  0.0000   2.3664E-01  0.0480
   8.3160E-02   8.3300E-02   0.0000E+00  0.0000   2.0120E-01  0.0521   5.7252E-02  0.0976   0.0000E+00  0.0000   0.0000E+00  0.0000   2.5845E-01  0.0459
   8.3300E-02   8.3440E-02   0.0000E+00  0.0000   1.7885E-01  0.0552   6.1069E-02  0.0945   0.0000E+00  0.0000   0.0000E+00  0.0000   2.3991E-01  0.0477
   8.3440E-02   8.3580E-02   0.0000E+00  0.0000   1.5813E-01  0.0587   5.3981E-02  0.1005   0.0000E+00  0.0000   0.0000E+00  0.0000   2.1211E-01  0.0507
   8.3580E-02   8.3720E-02   0.0000E+00  0.0000   1.6467E-01  0.0575   5.9979E-02  0.0953   0.0000E+00  0.0000   0.0000E+00  0.0000   2.2465E-01  0.0493
   8.3720E-02   8.3860E-02   0.0000E+00  0.0000   1.6576E-01  0.0574   6.3795E-02  0.0924   0.0000E+00  0.0000   0.0000E+00  0.0000   2.2955E-01  0.0487
   8.3860E-02   8.4000E-02   0.0000E+00  0.0000   1.6249E-01  0.0579   4.6347E-02  0.1085   0.0000E+00  0.0000   0.0000E+00  0.0000   2.0883E-01  0.0511
   8.4000E-02   8.4140E-02   0.0000E+00  0.0000   1.4886E-01  0.0605   5.0709E-02  0.1037   0.0000E+00  0.0000   0.0000E+00  0.0000   1.9957E-01  0.0523
   8.4140E-02   8.4280E-02   0.0000E+00  0.0000   1.5213E-01  0.0599   3.7623E-02  0.1204   0.0000E+00  0.0000   0.0000E+00  0.0000   1.8975E-01  0.0536
   8.4280E-02   8.4420E-02   0.0000E+00  0.0000   1.5213E-01  0.0599   3.2716E-02  0.1291   0.0000E+00  0.0000   0.0000E+00  0.0000   1.8484E-01  0.0543
   8.4420E-02   8.4560E-02   0.0000E+00  0.0000   8.1965E+01  0.0026   3.1080E-02  0.1325   0.0000E+00  0.0000   0.0000E+00  0.0000   8.1996E+01  0.0026
   8.4560E-02   8.4700E-02   0.0000E+00  0.0000   1.3086E-01  0.0645   3.5442E-02  0.1240   0.0000E+00  0.0000   0.0000E+00  0.0000   1.6630E-01  0.0573
   8.4700E-02   8.4840E-02   0.0000E+00  0.0000   1.1450E-01  0.0690   3.2170E-02  0.1302   0.0000E+00  0.0000   0.0000E+00  0.0000   1.4667E-01  0.0610
   8.4840E-02   8.4980E-02   0.0000E+00  0.0000   1.6188E+02  0.0018   2.2356E-02  0.1562   0.0000E+00  0.0000   0.0000E+00  0.0000   1.6190E+02  0.0018
   8.4980E-02   8.5120E-02   0.0000E+00  0.0000   8.8332E-02  0.0786   2.3991E-02  0.1508   0.0000E+00  0.0000   0.0000E+00  0.0000   1.1232E-01  0.0697
   8.5120E-02   8.5260E-02   0.0000E+00  0.0000   1.0305E-01  0.0727   2.3991E-02  0.1508   0.0000E+00  0.0000   0.0000E+00  0.0000   1.2705E-01  0.0655
   8.5260E-02   8.5400E-02   0.0000E+00  0.0000   8.9423E-02  0.0781   2.3991E-02  0.1508   0.0000E+00  0.0000   0.0000E+00  0.0000   1.1341E-01  0.0693
   8.5400E-02   8.5540E-02   0.0000E+00  0.0000   4.8386E+00  0.0106   2.6718E-02  0.1429   0.0000E+00  0.0000   0.0000E+00  0.0000   4.8654E+00  0.0106
   8.5540E-02   8.5680E-02   0.0000E+00  0.0000   8.7242E-02  0.0791   2.5627E-02  0.1459   0.0000E+00  0.0000   0.0000E+00  0.0000   1.1287E-01  0.0695
   8.5680E-02   8.5820E-02   0.0000E+00  0.0000   8.9968E-02  0.0778   2.5082E-02  0.1474   0.0000E+00  0.0000   0.0000E+00  0.0000   1.1505E-01  0.0688
   8.5820E-02   8.5960E-02   0.0000E+00  0.0000   7.8517E-02  0.0833   2.2356E-02  0.1562   0.0000E+00  0.0000   0.0000E+00  0.0000   1.0087E-01  0.0735
   8.5960E-02   8.6100E-02   0.0000E+00  0.0000   8.4515E-02  0.0803   2.3991E-02  0.1508   0.0000E+00  0.0000   0.0000E+00  0.0000   1.0851E-01  0.0709
   8.6100E-02   8.6240E-02   0.0000E+00  0.0000   8.2334E-02  0.0814   1.7994E-02  0.1741   0.0000E+00  0.0000   0.0000E+00  0.0000   1.0033E-01  0.0737
   8.6240E-02   8.6380E-02   0.0000E+00  0.0000   6.6522E-02  0.0905   1.8539E-02  0.1715   0.0000E+00  0.0000   0.0000E+00  0.0000   8.5061E-02  0.0801
   8.6380E-02   8.6520E-02   0.0000E+00  0.0000   7.5246E-02  0.0851   2.3446E-02  0.1525   0.0000E+00  0.0000   0.0000E+00  0.0000   9.8692E-02  0.0743
   8.6520E-02   8.6660E-02   0.0000E+00  0.0000   7.0339E-02  0.0880   2.3991E-02  0.1508   0.0000E+00  0.0000   0.0000E+00  0.0000   9.4330E-02  0.0760
   8.6660E-02   8.6800E-02   0.0000E+00  0.0000   6.5976E-02  0.0909   1.5813E-02  0.1857   0.0000E+00  0.0000   0.0000E+00  0.0000   8.1789E-02  0.0816
   8.6800E-02   8.6940E-02   0.0000E+00  0.0000   6.9793E-02  0.0884   2.1265E-02  0.1601   0.0000E+00  0.0000   0.0000E+00  0.0000   9.1058E-02  0.0774
   8.6940E-02   8.7080E-02   0.0000E+00  0.0000   5.5617E-02  0.0990   2.1810E-02  0.1581   0.0000E+00  0.0000   0.0000E+00  0.0000   7.7427E-02  0.0839
   8.7080E-02   8.7220E-02   0.0000E+00  0.0000   4.6892E-02  0.1078   1.4177E-02  0.1961   0.0000E+00  0.0000   0.0000E+00  0.0000   6.1069E-02  0.0945
   8.7220E-02   8.7360E-02   0.0000E+00  0.0000   6.1844E+01  0.0030   1.1450E-02  0.2182   0.0000E+00  0.0000   0.0000E+00  0.0000   6.1856E+01  0.0030
   8.7360E-02   8.7500E-02   0.0000E+00  0.0000   5.0709E-02  0.1037   1.3632E-02  0.2000   0.0000E+00  0.0000   0.0000E+00  0.0000   6.4341E-02  0.0921
   8.7500E-02   8.7640E-02   0.0000E+00  0.0000   1.5393E+00  0.0188   1.2541E-02  0.2085   0.0000E+00  0.0000   0.0000E+00  0.0000   1.5518E+00  0.0187
   8.7640E-02   8.7780E-02   0.0000E+00  0.0000   4.6347E-02  0.1085   1.7448E-02  0.1768   0.0000E+00  0.0000   0.0000E+00  0.0000   6.3795E-02  0.0924
   8.7780E-02   8.7920E-02   0.0000E+00  0.0000   1.1117E+01  0.0070   1.3632E-02  0.2000   0.0000E+00  0.0000   0.0000E+00  0.0000   1.1131E+01  0.0070
   8.7920E-02   8.8060E-02   0.0000E+00  0.0000   3.0098E-01  0.0426   1.6358E-02  0.1826   0.0000E+00  0.0000   0.0000E+00  0.0000   3.1734E-01  0.0415
   8.8060E-02   8.8200E-02   0.0000E+00  0.0000   2.0720E-02  0.1622   1.6358E-02  0.1826   0.0000E+00  0.0000   0.0000E+00  0.0000   3.7078E-02  0.1213
   8.8200E-02   8.8340E-02   0.0000E+00  0.0000   1.3632E-02  0.2000   1.9629E-02  0.1667   0.0000E+00  0.0000   0.0000E+00  0.0000   3.3261E-02  0.1280
   8.8340E-02   8.8480E-02   0.0000E+00  0.0000   1.3086E-02  0.2041   1.7448E-02  0.1768   0.0000E+00  0.0000   0.0000E+00  0.0000   3.0535E-02  0.1336
   8.8480E-02   8.8620E-02   0.0000E+00  0.0000   2.0720E-02  0.1622   2.0720E-02  0.1622   0.0000E+00  0.0000   0.0000E+00  0.0000   4.1440E-02  0.1147
   8.8620E-02   8.8760E-02   0.0000E+00  0.0000   1.0905E-02  0.2236   1.8539E-02  0.1715   0.0000E+00  0.0000   0.0000E+00  0.0000   2.9444E-02  0.1361
   8.8760E-02   8.8900E-02   0.0000E+00  0.0000   1.6358E-02  0.1826   1.7448E-02  0.1768   0.0000E+00  0.0000   0.0000E+00  0.0000   3.3806E-02  0.1270
   8.8900E-02   8.9040E-02   0.0000E+00  0.0000   1.3086E-02  0.2041   1.1450E-02  0.2182   0.0000E+00  0.0000   0.0000E+00  0.0000   2.4537E-02  0.1491
   8.9040E-02   8.9180E-02   0.0000E+00  0.0000   1.3632E-02  0.2000   9.2694E-03  0.2425   0.0000E+00  0.0000   0.0000E+00  0.0000   2.2901E-02  0.1543
   8.9180E-02   8.9320E-02   0.0000E+00  0.0000   1.0360E-02  0.2294   6.5431E-03  0.2887   0.0000E+00  0.0000   0.0000E+00  0.0000   1.6903E-02  0.1796
   8.9320E-02   8.9460E-02   0.0000E+00  0.0000   1.9084E-02  0.1690   1.6903E-02  0.1796   0.0000E+00  0.0000   0.0000E+00  0.0000   3.5987E-02  0.1231
   8.9460E-02   8.9600E-02   0.0000E+00  0.0000   1.4177E-02  0.1961   1.6903E-02  0.1796   0.0000E+00  0.0000   0.0000E+00  0.0000   3.1080E-02  0.1325
   8.9600E-02   8.9740E-02   0.0000E+00  0.0000   1.4722E-02  0.1924   1.6358E-02  0.1826   0.0000E+00  0.0000   0.0000E+00  0.0000   3.1080E-02  0.1325
   8.9740E-02   8.9880E-02   0.0000E+00  0.0000   1.2541E-02  0.2085   1.5267E-02  0.1890   0.0000E+00  0.0000   0.0000E+00  0.0000   2.7808E-02  0.1400
   8.9880E-02   9.0020E-02   0.0000E+00  0.0000   1.4722E-02  0.1924   2.0720E-02  0.1622   0.0000E+00  0.0000   0.0000E+00  0.0000   3.5442E-02  0.1240
   9.0020E-02   9.0160E-02   0.0000E+00  0.0000   1.1996E-02  0.2132   1.3086E-02  0.2041   0.0000E+00  0.0000   0.0000E+00  0.0000   2.5082E-02  0.1474
   9.0160E-02   9.0300E-02   0.0000E+00  0.0000   1.3086E-02  0.2041   1.2541E-02  0.2085   0.0000E+00  0.0000   0.0000E+00  0.0000   2.5627E-02  0.1459
   9.0300E-02   9.0440E-02   0.0000E+00  0.0000   9.2694E-03  0.2425   1.8539E-02  0.1715   0.0000E+00  0.0000   0.0000E+00  0.0000   2.7808E-02  0.1400
   9.0440E-02   9.0580E-02   0.0000E+00  0.0000   1.0905E-02  0.2236   1.7448E-02  0.1768   0.0000E+00  0.0000   0.0000E+00  0.0000   2.8354E-02  0.1387
   9.0580E-02   9.0720E-02   0.0000E+00  0.0000   1.1450E-02  0.2182   1.5813E-02  0.1857   0.0000E+00  0.0000   0.0000E+00  0.0000   2.7263E-02  0.1414
   9.0720E-02   9.0860E-02   0.0000E+00  0.0000   1.1996E-02  0.2132   1.0905E-02  0.2236   0.0000E+00  0.0000   0.0000E+00  0.0000   2.2901E-02  0.1543
   9.0860E-02   9.1000E-02   0.0000E+00  0.0000   1.0360E-02  0.2294   1.3086E-02  0.2041   0.0000E+00  0.0000   0.0000E+00  0.0000   2.3446E-02  0.1525
   9.1000E-02   9.1140E-02   0.0000E+00  0.0000   1.0905E-02  0.2236   1.8539E-02  0.1715   0.0000E+00  0.0000   0.0000E+00  0.0000   2.9444E-02  0.1361
   9.1140E-02   9.1280E-02   0.0000E+00  0.0000   1.1996E-02  0.2132   1.7994E-02  0.1741   0.0000E+00  0.0000   0.0000E+00  0.0000   2.9989E-02  0.1348
   9.1280E-02   9.1420E-02   0.0000E+00  0.0000   7.0884E-03  0.2773   1.6903E-02  0.1796   0.0000E+00  0.0000   0.0000E+00  0.0000   2.3991E-02  0.1508
   9.1420E-02   9.1560E-02   0.0000E+00  0.0000   1.0905E-02  0.2236   1.1996E-02  0.2132   0.0000E+00  0.0000   0.0000E+00  0.0000   2.2901E-02  0.1543
   9.1560E-02   9.1700E-02   0.0000E+00  0.0000   1.4177E-02  0.1961   1.6903E-02  0.1796   0.0000E+00  0.0000   0.0000E+00  0.0000   3.1080E-02  0.1325
   9.1700E-02   9.1840E-02   0.0000E+00  0.0000   1.1996E-02  0.2132   1.9084E-02  0.1690   0.0000E+00  0.0000   0.0000E+00  0.0000   3.1080E-02  0.1325
   9.1840E-02   9.1980E-02   0.0000E+00  0.0000   1.1996E-02  0.2132   2.0720E-02  0.1622   0.0000E+00  0.0000   0.0000E+00  0.0000   3.2716E-02  0.1291
   9.1980E-02   9.2120E-02   0.0000E+00  0.0000   1.1450E-02  0.2182   1.3086E-02  0.2041   0.0000E+00  0.0000   0.0000E+00  0.0000   2.4537E-02  0.1491
   9.2120E-02   9.2260E-02   0.0000E+00  0.0000   8.1789E-03  0.2582   1.6903E-02  0.1796   0.0000E+00  0.0000   0.0000E+00  0.0000   2.5082E-02  0.1474
   9.2260E-02   9.2400E-02   0.0000E+00  0.0000   1.1450E-02  0.2182   1.5267E-02  0.1890   0.0000E+00  0.0000   0.0000E+00  0.0000   2.6718E-02  0.1429
   9.2400E-02   9.2540E-02   0.0000E+00  0.0000   1.0905E-02  0.2236   1.8539E-02  0.1715   0.0000E+00  0.0000   0.0000E+00  0.0000   2.9444E-02  0.1361
   9.2540E-02   9.2680E-02   0.0000E+00  0.0000   1.1996E-02  0.2132   9.8147E-03  0.2357   0.0000E+00  0.0000   0.0000E+00  0.0000   2.1810E-02  0.1581
   9.2680E-02   9.2820E-02   0.0000E+00  0.0000   1.3086E-02  0.2041   1.8539E-02  0.1715   0.0000E+00  0.0000   0.0000E+00  0.0000   3.1625E-02  0.1313
   9.2820E-02   9.2960E-02   0.0000E+00  0.0000   5.9979E-03  0.3015   1.3086E-02  0.2041   0.0000E+00  0.0000   0.0000E+00  0.0000   1.9084E-02  0.1690
   9.2960E-02   9.3100E-02   0.0000E+00  0.0000   1.2541E-02  0.2085   1.7994E-02  0.1741   0.0000E+00  0.0000   0.0000E+00  0.0000   3.0535E-02  0.1336
   9.3100E-02   9.3240E-02   0.0000E+00  0.0000   1.0905E-02  0.2236   1.5267E-02  0.1890   0.0000E+00  0.0000   0.0000E+00  0.0000   2.6172E-02  0.1443
   9.3240E-02   9.3380E-02   0.0000E+00  0.0000   7.0884E-03  0.2773   1.4177E-02  0.1961   0.0000E+00  0.0000   0.0000E+00  0.0000   2.1265E-02  0.1601
   9.3380E-02   9.3520E-02   0.0000E+00  0.0000   1.1996E-02  0.2132   1.9084E-02  0.1690   0.0000E+00  0.0000   0.0000E+00  0.0000   3.1080E-02  0.1325
   9.3520E-02   9.3660E-02   0.0000E+00  0.0000   9.2694E-03  0.2425   1.3086E-02  0.2041   0.0000E+00  0.0000   0.0000E+00  0.0000   2.2356E-02  0.1562
   9.3660E-02   9.3800E-02   0.0000E+00  0.0000   1.0360E-02  0.2294   1.4722E-02  0.1924   0.0000E+00  0.0000   0.0000E+00  0.0000   2.5082E-02  0.1474
   9.3800E-02   9.3940E-02   0.0000E+00  0.0000   1.1450E-02  0.2182   1.3086E-02  0.2041   0.0000E+00  0.0000   0.0000E+00  0.0000   2.4537E-02  0.1491
   9.3940E-02   9.4080E-02   0.0000E+00  0.0000   8.1789E-03  0.2582   1.7994E-02  0.1741   0.0000E+00  0.0000   0.0000E+00  0.0000   2.6172E-02  0.1443
   9.4080E-02   9.4220E-02   0.0000E+00  0.0000   7.6336E-03  0.2673   8.1789E-03  0.2582   0.0000E+00  0.0000   0.0000E+00  0.0000   1.5813E-02  0.1857
   9.4220E-02   9.4360E-02   0.0000E+00  0.0000   6.5431E-03  0.2887   9.8147E-03  0.2357   0.0000E+00  0.0000   0.0000E+00  0.0000   1.6358E-02  0.1826
   9.4360E-02   9.4500E-02   0.0000E+00  0.0000   8.1789E-03  0.2582   1.1450E-02  0.2182   0.0000E+00  0.0000   0.0000E+00  0.0000   1.9629E-02  0.1667
   9.4500E-02   9.4640E-02   0.0000E+00  0.0000   3.2716E-03  0.4082   1.6358E-02  0.1826   0.0000E+00  0.0000   0.0000E+00  0.0000   1.9629E-02  0.1667
   9.4640E-02   9.4780E-02   0.0000E+00  0.0000   7.6336E-03  0.2673   1.1996E-02  0.2132   0.0000E+00  0.0000   0.0000E+00  0.0000   1.9629E-02  0.1667
   9.4780E-02   9.4920E-02   0.0000E+00  0.0000   6.5431E-03  0.2887   9.2694E-03  0.2425   0.0000E+00  0.0000   0.0000E+00  0.0000   1.5813E-02  0.1857
   9.4920E-02   9.5060E-02   0.0000E+00  0.0000   4.3621E-03  0.3536   1.2541E-02  0.2085   0.0000E+00  0.0000   0.0000E+00  0.0000   1.6903E-02  0.1796
   9.5060E-02   9.5200E-02   0.0000E+00  0.0000   9.2694E-03  0.2425   1.1996E-02  0.2132   0.0000E+00  0.0000   0.0000E+00  0.0000   2.1265E-02  0.1601
   9.5200E-02   9.5340E-02   0.0000E+00  0.0000   9.2694E-03  0.2425   1.4177E-02  0.1961   0.0000E+00  0.0000   0.0000E+00  0.0000   2.3446E-02  0.1525
   9.5340E-02   9.5480E-02   0.0000E+00  0.0000   6.5431E-03  0.2887   7.0884E-03  0.2773   0.0000E+00  0.0000   0.0000E+00  0.0000   1.3632E-02  0.2000
   9.5480E-02   9.5620E-02   0.0000E+00  0.0000   8.1789E-03  0.2582   1.4722E-02  0.1924   0.0000E+00  0.0000   0.0000E+00  0.0000   2.2901E-02  0.1543
   9.5620E-02   9.5760E-02   0.0000E+00  0.0000   5.9979E-03  0.3015   1.3086E-02  0.2041   0.0000E+00  0.0000   0.0000E+00  0.0000   1.9084E-02  0.1690
   9.5760E-02   9.5900E-02   0.0000E+00  0.0000   5.4526E-03  0.3162   1.6358E-02  0.1826   0.0000E+00  0.0000   0.0000E+00  0.0000   2.1810E-02  0.1581
   9.5900E-02   9.6040E-02   0.0000E+00  0.0000   3.8168E-03  0.3780   1.1996E-02  0.2132   0.0000E+00  0.0000   0.0000E+00  0.0000   1.5813E-02  0.1857
   9.6040E-02   9.6180E-02   0.0000E+00  0.0000   2.7263E-03  0.4472   1.0905E-02  0.2236   0.0000E+00  0.0000   0.0000E+00  0.0000   1.3632E-02  0.2000
   9.6180E-02   9.6320E-02   0.0000E+00  0.0000   5.4526E-03  0.3162   9.2694E-03  0.2425   0.0000E+00  0.0000   0.0000E+00  0.0000   1.4722E-02  0.1924
   9.6320E-02   9.6460E-02   0.0000E+00  0.0000   4.3621E-03  0.3536   8.1789E-03  0.2582   0.0000E+00  0.0000   0.0000E+00  0.0000   1.2541E-02  0.2085
   9.6460E-02   9.6600E-02   0.0000E+00  0.0000   8.7242E-03  0.2500   1.0360E-02  0.2294   0.0000E+00  0.0000   0.0000E+00  0.0000   1.9084E-02  0.1690
   9.6600E-02   9.6740E-02   0.0000E+00  0.0000   3.8168E-03  0.3780   1.0905E-02  0.2236   0.0000E+00  0.0000   0.0000E+00  0.0000   1.4722E-02  0.1924
   9.6740E-02   9.6880E-02   0.0000E+00  0.0000   5.4526E-03  0.3162   1.0360E-02  0.2294   0.0000E+00  0.0000   0.0000E+00  0.0000   1.5813E-02  0.1857
   9.6880E-02   9.7020E-02   0.0000E+00  0.0000   5.4526E-03  0.3162   5.4526E-03  0.3162   0.0000E+00  0.0000   0.0000E+00  0.0000   1.0905E-02  0.2236
   9.7020E-02   9.7160E-02   0.0000E+00  0.0000   7.0884E-03  0.2773   4.3621E-03  0.3536   0.0000E+00  0.0000   0.0000E+00  0.0000   1.1450E-02  0.2182
   9.7160E-02   9.7300E-02   0.0000E+00  0.0000   3.8168E-03  0.3780   0.0000E+00  0.0000   0.0000E+00  0.0000   0.0000E+00  0.0000   3.8168E-03  0.3780
   9.7300E-02   9.7440E-02   0.0000E+00  0.0000   7.0884E-03  0.2773   0.0000E+00  0.0000   0.0000E+00  0.0000   0.0000E+00  0.0000   7.0884E-03  0.2773
   9.7440E-02   9.7580E-02   0.0000E+00  0.0000   1.0905E-03  0.7071   0.0000E+00  0.0000   0.0000E+00  0.0000   0.0000E+00  0.0000   1.0905E-03  0.7071
   9.7580E-02   9.7720E-02   0.0000E+00  0.0000   0.0000E+00  0.0000   0.0000E+00  0.0000   0.0000E+00  0.0000   0.0000E+00  0.0000   0.0000E+00  0.0000
   9.7720E-02   9.7860E-02   0.0000E+00  0.0000   2.1810E-03  0.5000   0.0000E+00  0.0000   0.0000E+00  0.0000   0.0000E+00  0.0000   2.1810E-03  0.5000
   9.7860E-02   9.8000E-02   0.0000E+00  0.0000   2.1810E-03  0.5000   0.0000E+00  0.0000   0.0000E+00  0.0000   0.0000E+00  0.0000   2.1810E-03  0.5000
   9.8000E-02   9.8140E-02   0.0000E+00  0.0000   2.7263E-03  0.4472   0.0000E+00  0.0000   0.0000E+00  0.0000   0.0000E+00  0.0000   2.7263E-03  0.4472
   9.8140E-02   9.8280E-02   0.0000E+00  0.0000   2.1810E-03  0.5000   0.0000E+00  0.0000   0.0000E+00  0.0000   0.0000E+00  0.0000   2.1810E-03  0.5000
   9.8280E-02   9.8420E-02   0.0000E+00  0.0000   2.1810E-03  0.5000   0.0000E+00  0.0000   0.0000E+00  0.0000   0.0000E+00  0.0000   2.1810E-03  0.5000
   9.8420E-02   9.8560E-02   0.0000E+00  0.0000   3.2716E-03  0.4082   0.0000E+00  0.0000   0.0000E+00  0.0000   0.0000E+00  0.0000   3.2716E-03  0.4082
   9.8560E-02   9.8700E-02   0.0000E+00  0.0000   5.4526E-04  1.0000   0.0000E+00  0.0000   0.0000E+00  0.0000   0.0000E+00  0.0000   5.4526E-04  1.0000
   9.8700E-02   9.8840E-02   0.0000E+00  0.0000   2.1810E-03  0.5000   0.0000E+00  0.0000   0.0000E+00  0.0000   0.0000E+00  0.0000   2.1810E-03  0.5000
   9.8840E-02   9.8980E-02   0.0000E+00  0.0000   2.1810E-03  0.5000   0.0000E+00  0.0000   0.0000E+00  0.0000   0.0000E+00  0.0000   2.1810E-03  0.5000
   9.8980E-02   9.9120E-02   0.0000E+00  0.0000   2.1810E-03  0.5000   0.0000E+00  0.0000   0.0000E+00  0.0000   0.0000E+00  0.0000   2.1810E-03  0.5000
   9.9120E-02   9.9260E-02   0.0000E+00  0.0000   1.0905E-03  0.7071   0.0000E+00  0.0000   0.0000E+00  0.0000   0.0000E+00  0.0000   1.0905E-03  0.7071
   9.9260E-02   9.9400E-02   0.0000E+00  0.0000   0.0000E+00  0.0000   0.0000E+00  0.0000   0.0000E+00  0.0000   0.0000E+00  0.0000   0.0000E+00  0.0000
   9.9400E-02   9.9540E-02   0.0000E+00  0.0000   1.0905E-03  0.7071   0.0000E+00  0.0000   0.0000E+00  0.0000   0.0000E+00  0.0000   1.0905E-03  0.7071
   9.9540E-02   9.9680E-02   0.0000E+00  0.0000   1.0905E-03  0.7071   0.0000E+00  0.0000   0.0000E+00  0.0000   0.0000E+00  0.0000   1.0905E-03  0.7071
   9.9680E-02   9.9820E-02   0.0000E+00  0.0000   0.0000E+00  0.0000   0.0000E+00  0.0000   0.0000E+00  0.0000   0.0000E+00  0.0000   0.0000E+00  0.0000
   9.9820E-02   9.9960E-02   0.0000E+00  0.0000   0.0000E+00  0.0000   0.0000E+00  0.0000   0.0000E+00  0.0000   0.0000E+00  0.0000   0.0000E+00  0.0000
   9.9960E-02   1.0010E-01   0.0000E+00  0.0000   5.6418E+00  0.0098   0.0000E+00  0.0000   0.0000E+00  0.0000   0.0000E+00  0.0000   5.6418E+00  0.0098
   1.0010E-01   1.0024E-01   0.0000E+00  0.0000   0.0000E+00  0.0000   0.0000E+00  0.0000   0.0000E+00  0.0000   0.0000E+00  0.0000   0.0000E+00  0.0000
   1.0024E-01   1.0038E-01   0.0000E+00  0.0000   0.0000E+00  0.0000   0.0000E+00  0.0000   0.0000E+00  0.0000   0.0000E+00  0.0000   0.0000E+00  0.0000
   1.0038E-01   1.0052E-01   0.0000E+00  0.0000   0.0000E+00  0.0000   0.0000E+00  0.0000   0.0000E+00  0.0000   0.0000E+00  0.0000   0.0000E+00  0.0000
   1.0052E-01   1.0066E-01   0.0000E+00  0.0000   0.0000E+00  0.0000   0.0000E+00  0.0000   0.0000E+00  0.0000   0.0000E+00  0.0000   0.0000E+00  0.0000
   1.0066E-01   1.0080E-01   0.0000E+00  0.0000   0.0000E+00  0.0000   0.0000E+00  0.0000   0.0000E+00  0.0000   0.0000E+00  0.0000   0.0000E+00  0.0000
   1.0080E-01   1.0094E-01   0.0000E+00  0.0000   0.0000E+00  0.0000   0.0000E+00  0.0000   0.0000E+00  0.0000   0.0000E+00  0.0000   0.0000E+00  0.0000
   1.0094E-01   1.0108E-01   0.0000E+00  0.0000   0.0000E+00  0.0000   0.0000E+00  0.0000   0.0000E+00  0.0000   0.0000E+00  0.0000   0.0000E+00  0.0000
   1.0108E-01   1.0122E-01   0.0000E+00  0.0000   0.0000E+00  0.0000   0.0000E+00  0.0000   0.0000E+00  0.0000   0.0000E+00  0.0000   0.0000E+00  0.0000
   1.0122E-01   1.0136E-01   0.0000E+00  0.0000   0.0000E+00  0.0000   0.0000E+00  0.0000   0.0000E+00  0.0000   0.0000E+00  0.0000   0.0000E+00  0.0000
   1.0136E-01   1.0150E-01   0.0000E+00  0.0000   0.0000E+00  0.0000   0.0000E+00  0.0000   0.0000E+00  0.0000   0.0000E+00  0.0000   0.0000E+00  0.0000
   1.0150E-01   1.0164E-01   0.0000E+00  0.0000   0.0000E+00  0.0000   0.0000E+00  0.0000   0.0000E+00  0.0000   0.0000E+00  0.0000   0.0000E+00  0.0000
   1.0164E-01   1.0178E-01   0.0000E+00  0.0000   0.0000E+00  0.0000   0.0000E+00  0.0000   0.0000E+00  0.0000   0.0000E+00  0.0000   0.0000E+00  0.0000
   1.0178E-01   1.0192E-01   0.0000E+00  0.0000   0.0000E+00  0.0000   0.0000E+00  0.0000   0.0000E+00  0.0000   0.0000E+00  0.0000   0.0000E+00  0.0000
   1.0192E-01   1.0206E-01   0.0000E+00  0.0000   0.0000E+00  0.0000   0.0000E+00  0.0000   0.0000E+00  0.0000   0.0000E+00  0.0000   0.0000E+00  0.0000
   1.0206E-01   1.0220E-01   0.0000E+00  0.0000   0.0000E+00  0.0000   0.0000E+00  0.0000   0.0000E+00  0.0000   0.0000E+00  0.0000   0.0000E+00  0.0000
   1.0220E-01   1.0234E-01   0.0000E+00  0.0000   0.0000E+00  0.0000   0.0000E+00  0.0000   0.0000E+00  0.0000   0.0000E+00  0.0000   0.0000E+00  0.0000
   1.0234E-01   1.0248E-01   0.0000E+00  0.0000   0.0000E+00  0.0000   0.0000E+00  0.0000   0.0000E+00  0.0000   0.0000E+00  0.0000   0.0000E+00  0.0000
   1.0248E-01   1.0262E-01   0.0000E+00  0.0000   0.0000E+00  0.0000   0.0000E+00  0.0000   0.0000E+00  0.0000   0.0000E+00  0.0000   0.0000E+00  0.0000
   1.0262E-01   1.0276E-01   0.0000E+00  0.0000   0.0000E+00  0.0000   0.0000E+00  0.0000   0.0000E+00  0.0000   0.0000E+00  0.0000   0.0000E+00  0.0000
   1.0276E-01   1.0290E-01   0.0000E+00  0.0000   0.0000E+00  0.0000   0.0000E+00  0.0000   0.0000E+00  0.0000   0.0000E+00  0.0000   0.0000E+00  0.0000
   1.0290E-01   1.0304E-01   0.0000E+00  0.0000   0.0000E+00  0.0000   0.0000E+00  0.0000   0.0000E+00  0.0000   0.0000E+00  0.0000   0.0000E+00  0.0000
   1.0304E-01   1.0318E-01   0.0000E+00  0.0000   0.0000E+00  0.0000   0.0000E+00  0.0000   0.0000E+00  0.0000   0.0000E+00  0.0000   0.0000E+00  0.0000
   1.0318E-01   1.0332E-01   0.0000E+00  0.0000   0.0000E+00  0.0000   0.0000E+00  0.0000   0.0000E+00  0.0000   0.0000E+00  0.0000   0.0000E+00  0.0000
   1.0332E-01   1.0346E-01   0.0000E+00  0.0000   0.0000E+00  0.0000   0.0000E+00  0.0000   0.0000E+00  0.0000   0.0000E+00  0.0000   0.0000E+00  0.0000
   1.0346E-01   1.0360E-01   0.0000E+00  0.0000   0.0000E+00  0.0000   0.0000E+00  0.0000   0.0000E+00  0.0000   0.0000E+00  0.0000   0.0000E+00  0.0000
   1.0360E-01   1.0374E-01   0.0000E+00  0.0000   0.0000E+00  0.0000   0.0000E+00  0.0000   0.0000E+00  0.0000   0.0000E+00  0.0000   0.0000E+00  0.0000
   1.0374E-01   1.0388E-01   0.0000E+00  0.0000   0.0000E+00  0.0000   0.0000E+00  0.0000   0.0000E+00  0.0000   0.0000E+00  0.0000   0.0000E+00  0.0000
   1.0388E-01   1.0402E-01   0.0000E+00  0.0000   0.0000E+00  0.0000   0.0000E+00  0.0000   0.0000E+00  0.0000   0.0000E+00  0.0000   0.0000E+00  0.0000
   1.0402E-01   1.0416E-01   0.0000E+00  0.0000   0.0000E+00  0.0000   0.0000E+00  0.0000   0.0000E+00  0.0000   0.0000E+00  0.0000   0.0000E+00  0.0000
   1.0416E-01   1.0430E-01   0.0000E+00  0.0000   0.0000E+00  0.0000   0.0000E+00  0.0000   0.0000E+00  0.0000   0.0000E+00  0.0000   0.0000E+00  0.0000
   1.0430E-01   1.0444E-01   0.0000E+00  0.0000   0.0000E+00  0.0000   0.0000E+00  0.0000   0.0000E+00  0.0000   0.0000E+00  0.0000   0.0000E+00  0.0000
   1.0444E-01   1.0458E-01   0.0000E+00  0.0000   0.0000E+00  0.0000   0.0000E+00  0.0000   0.0000E+00  0.0000   0.0000E+00  0.0000   0.0000E+00  0.0000
   1.0458E-01   1.0472E-01   0.0000E+00  0.0000   0.0000E+00  0.0000   0.0000E+00  0.0000   0.0000E+00  0.0000   0.0000E+00  0.0000   0.0000E+00  0.0000
   1.0472E-01   1.0486E-01   0.0000E+00  0.0000   0.0000E+00  0.0000   0.0000E+00  0.0000   0.0000E+00  0.0000   0.0000E+00  0.0000   0.0000E+00  0.0000
   1.0486E-01   1.0500E-01   0.0000E+00  0.0000   0.0000E+00  0.0000   0.0000E+00  0.0000   0.0000E+00  0.0000   0.0000E+00  0.0000   0.0000E+00  0.0000
   1.0500E-01   1.0514E-01   0.0000E+00  0.0000   0.0000E+00  0.0000   0.0000E+00  0.0000   0.0000E+00  0.0000   0.0000E+00  0.0000   0.0000E+00  0.0000
   1.0514E-01   1.0528E-01   0.0000E+00  0.0000   0.0000E+00  0.0000   0.0000E+00  0.0000   0.0000E+00  0.0000   0.0000E+00  0.0000   0.0000E+00  0.0000
   1.0528E-01   1.0542E-01   0.0000E+00  0.0000   0.0000E+00  0.0000   0.0000E+00  0.0000   0.0000E+00  0.0000   0.0000E+00  0.0000   0.0000E+00  0.0000
   1.0542E-01   1.0556E-01   0.0000E+00  0.0000   0.0000E+00  0.0000   0.0000E+00  0.0000   0.0000E+00  0.0000   0.0000E+00  0.0000   0.0000E+00  0.0000
   1.0556E-01   1.0570E-01   0.0000E+00  0.0000   0.0000E+00  0.0000   0.0000E+00  0.0000   0.0000E+00  0.0000   0.0000E+00  0.0000   0.0000E+00  0.0000
   1.0570E-01   1.0584E-01   0.0000E+00  0.0000   0.0000E+00  0.0000   0.0000E+00  0.0000   0.0000E+00  0.0000   0.0000E+00  0.0000   0.0000E+00  0.0000
   1.0584E-01   1.0598E-01   0.0000E+00  0.0000   0.0000E+00  0.0000   0.0000E+00  0.0000   0.0000E+00  0.0000   0.0000E+00  0.0000   0.0000E+00  0.0000
   1.0598E-01   1.0612E-01   0.0000E+00  0.0000   0.0000E+00  0.0000   0.0000E+00  0.0000   0.0000E+00  0.0000   0.0000E+00  0.0000   0.0000E+00  0.0000
   1.0612E-01   1.0626E-01   0.0000E+00  0.0000   0.0000E+00  0.0000   0.0000E+00  0.0000   0.0000E+00  0.0000   0.0000E+00  0.0000   0.0000E+00  0.0000
   1.0626E-01   1.0640E-01   0.0000E+00  0.0000   0.0000E+00  0.0000   0.0000E+00  0.0000   0.0000E+00  0.0000   0.0000E+00  0.0000   0.0000E+00  0.0000
   1.0640E-01   1.0654E-01   0.0000E+00  0.0000   0.0000E+00  0.0000   0.0000E+00  0.0000   0.0000E+00  0.0000   0.0000E+00  0.0000   0.0000E+00  0.0000
   1.0654E-01   1.0668E-01   0.0000E+00  0.0000   0.0000E+00  0.0000   0.0000E+00  0.0000   0.0000E+00  0.0000   0.0000E+00  0.0000   0.0000E+00  0.0000
   1.0668E-01   1.0682E-01   0.0000E+00  0.0000   0.0000E+00  0.0000   0.0000E+00  0.0000   0.0000E+00  0.0000   0.0000E+00  0.0000   0.0000E+00  0.0000
   1.0682E-01   1.0696E-01   0.0000E+00  0.0000   0.0000E+00  0.0000   0.0000E+00  0.0000   0.0000E+00  0.0000   0.0000E+00  0.0000   0.0000E+00  0.0000
   1.0696E-01   1.0710E-01   0.0000E+00  0.0000   0.0000E+00  0.0000   0.0000E+00  0.0000   0.0000E+00  0.0000   0.0000E+00  0.0000   0.0000E+00  0.0000
   1.0710E-01   1.0724E-01   0.0000E+00  0.0000   0.0000E+00  0.0000   0.0000E+00  0.0000   0.0000E+00  0.0000   0.0000E+00  0.0000   0.0000E+00  0.0000
   1.0724E-01   1.0738E-01   0.0000E+00  0.0000   0.0000E+00  0.0000   0.0000E+00  0.0000   0.0000E+00  0.0000   0.0000E+00  0.0000   0.0000E+00  0.0000
   1.0738E-01   1.0752E-01   0.0000E+00  0.0000   0.0000E+00  0.0000   0.0000E+00  0.0000   0.0000E+00  0.0000   0.0000E+00  0.0000   0.0000E+00  0.0000
   1.0752E-01   1.0766E-01   0.0000E+00  0.0000   0.0000E+00  0.0000   0.0000E+00  0.0000   0.0000E+00  0.0000   0.0000E+00  0.0000   0.0000E+00  0.0000
   1.0766E-01   1.0780E-01   0.0000E+00  0.0000   0.0000E+00  0.0000   0.0000E+00  0.0000   0.0000E+00  0.0000   0.0000E+00  0.0000   0.0000E+00  0.0000
   1.0780E-01   1.0794E-01   0.0000E+00  0.0000   0.0000E+00  0.0000   0.0000E+00  0.0000   0.0000E+00  0.0000   0.0000E+00  0.0000   0.0000E+00  0.0000
   1.0794E-01   1.0808E-01   0.0000E+00  0.0000   0.0000E+00  0.0000   0.0000E+00  0.0000   0.0000E+00  0.0000   0.0000E+00  0.0000   0.0000E+00  0.0000
   1.0808E-01   1.0822E-01   0.0000E+00  0.0000   0.0000E+00  0.0000   0.0000E+00  0.0000   0.0000E+00  0.0000   0.0000E+00  0.0000   0.0000E+00  0.0000
   1.0822E-01   1.0836E-01   0.0000E+00  0.0000   0.0000E+00  0.0000   0.0000E+00  0.0000   0.0000E+00  0.0000   0.0000E+00  0.0000   0.0000E+00  0.0000
   1.0836E-01   1.0850E-01   0.0000E+00  0.0000   0.0000E+00  0.0000   0.0000E+00  0.0000   0.0000E+00  0.0000   0.0000E+00  0.0000   0.0000E+00  0.0000
   1.0850E-01   1.0864E-01   0.0000E+00  0.0000   0.0000E+00  0.0000   0.0000E+00  0.0000   0.0000E+00  0.0000   0.0000E+00  0.0000   0.0000E+00  0.0000
   1.0864E-01   1.0878E-01   0.0000E+00  0.0000   0.0000E+00  0.0000   0.0000E+00  0.0000   0.0000E+00  0.0000   0.0000E+00  0.0000   0.0000E+00  0.0000
   1.0878E-01   1.0892E-01   0.0000E+00  0.0000   0.0000E+00  0.0000   0.0000E+00  0.0000   0.0000E+00  0.0000   0.0000E+00  0.0000   0.0000E+00  0.0000
   1.0892E-01   1.0906E-01   0.0000E+00  0.0000   0.0000E+00  0.0000   0.0000E+00  0.0000   0.0000E+00  0.0000   0.0000E+00  0.0000   0.0000E+00  0.0000
   1.0906E-01   1.0920E-01   0.0000E+00  0.0000   0.0000E+00  0.0000   0.0000E+00  0.0000   0.0000E+00  0.0000   0.0000E+00  0.0000   0.0000E+00  0.0000
   1.0920E-01   1.0934E-01   0.0000E+00  0.0000   0.0000E+00  0.0000   0.0000E+00  0.0000   0.0000E+00  0.0000   0.0000E+00  0.0000   0.0000E+00  0.0000
   1.0934E-01   1.0948E-01   0.0000E+00  0.0000   0.0000E+00  0.0000   0.0000E+00  0.0000   0.0000E+00  0.0000   0.0000E+00  0.0000   0.0000E+00  0.0000
   1.0948E-01   1.0962E-01   0.0000E+00  0.0000   0.0000E+00  0.0000   0.0000E+00  0.0000   0.0000E+00  0.0000   0.0000E+00  0.0000   0.0000E+00  0.0000
   1.0962E-01   1.0976E-01   0.0000E+00  0.0000   0.0000E+00  0.0000   0.0000E+00  0.0000   0.0000E+00  0.0000   0.0000E+00  0.0000   0.0000E+00  0.0000
   1.0976E-01   1.0990E-01   0.0000E+00  0.0000   0.0000E+00  0.0000   0.0000E+00  0.0000   0.0000E+00  0.0000   0.0000E+00  0.0000   0.0000E+00  0.0000
   1.0990E-01   1.1004E-01   0.0000E+00  0.0000   0.0000E+00  0.0000   0.0000E+00  0.0000   0.0000E+00  0.0000   0.0000E+00  0.0000   0.0000E+00  0.0000
   1.1004E-01   1.1018E-01   0.0000E+00  0.0000   0.0000E+00  0.0000   0.0000E+00  0.0000   0.0000E+00  0.0000   0.0000E+00  0.0000   0.0000E+00  0.0000
   1.1018E-01   1.1032E-01   0.0000E+00  0.0000   0.0000E+00  0.0000   0.0000E+00  0.0000   0.0000E+00  0.0000   0.0000E+00  0.0000   0.0000E+00  0.0000
   1.1032E-01   1.1046E-01   0.0000E+00  0.0000   0.0000E+00  0.0000   0.0000E+00  0.0000   0.0000E+00  0.0000   0.0000E+00  0.0000   0.0000E+00  0.0000
   1.1046E-01   1.1060E-01   0.0000E+00  0.0000   0.0000E+00  0.0000   0.0000E+00  0.0000   0.0000E+00  0.0000   0.0000E+00  0.0000   0.0000E+00  0.0000
   1.1060E-01   1.1074E-01   0.0000E+00  0.0000   0.0000E+00  0.0000   0.0000E+00  0.0000   0.0000E+00  0.0000   0.0000E+00  0.0000   0.0000E+00  0.0000
   1.1074E-01   1.1088E-01   0.0000E+00  0.0000   0.0000E+00  0.0000   0.0000E+00  0.0000   0.0000E+00  0.0000   0.0000E+00  0.0000   0.0000E+00  0.0000
   1.1088E-01   1.1102E-01   0.0000E+00  0.0000   0.0000E+00  0.0000   0.0000E+00  0.0000   0.0000E+00  0.0000   0.0000E+00  0.0000   0.0000E+00  0.0000
   1.1102E-01   1.1116E-01   0.0000E+00  0.0000   0.0000E+00  0.0000   0.0000E+00  0.0000   0.0000E+00  0.0000   0.0000E+00  0.0000   0.0000E+00  0.0000
   1.1116E-01   1.1130E-01   0.0000E+00  0.0000   0.0000E+00  0.0000   0.0000E+00  0.0000   0.0000E+00  0.0000   0.0000E+00  0.0000   0.0000E+00  0.0000
   1.1130E-01   1.1144E-01   0.0000E+00  0.0000   0.0000E+00  0.0000   0.0000E+00  0.0000   0.0000E+00  0.0000   0.0000E+00  0.0000   0.0000E+00  0.0000
   1.1144E-01   1.1158E-01   0.0000E+00  0.0000   0.0000E+00  0.0000   0.0000E+00  0.0000   0.0000E+00  0.0000   0.0000E+00  0.0000   0.0000E+00  0.0000
   1.1158E-01   1.1172E-01   0.0000E+00  0.0000   0.0000E+00  0.0000   0.0000E+00  0.0000   0.0000E+00  0.0000   0.0000E+00  0.0000   0.0000E+00  0.0000
   1.1172E-01   1.1186E-01   0.0000E+00  0.0000   0.0000E+00  0.0000   0.0000E+00  0.0000   0.0000E+00  0.0000   0.0000E+00  0.0000   0.0000E+00  0.0000
   1.1186E-01   1.1200E-01   0.0000E+00  0.0000   0.0000E+00  0.0000   0.0000E+00  0.0000   0.0000E+00  0.0000   0.0000E+00  0.0000   0.0000E+00  0.0000
   1.1200E-01   1.1214E-01   0.0000E+00  0.0000   0.0000E+00  0.0000   0.0000E+00  0.0000   0.0000E+00  0.0000   0.0000E+00  0.0000   0.0000E+00  0.0000
   1.1214E-01   1.1228E-01   0.0000E+00  0.0000   0.0000E+00  0.0000   0.0000E+00  0.0000   0.0000E+00  0.0000   0.0000E+00  0.0000   0.0000E+00  0.0000
   1.1228E-01   1.1242E-01   0.0000E+00  0.0000   0.0000E+00  0.0000   0.0000E+00  0.0000   0.0000E+00  0.0000   0.0000E+00  0.0000   0.0000E+00  0.0000
   1.1242E-01   1.1256E-01   0.0000E+00  0.0000   0.0000E+00  0.0000   0.0000E+00  0.0000   0.0000E+00  0.0000   0.0000E+00  0.0000   0.0000E+00  0.0000
   1.1256E-01   1.1270E-01   0.0000E+00  0.0000   0.0000E+00  0.0000   0.0000E+00  0.0000   0.0000E+00  0.0000   0.0000E+00  0.0000   0.0000E+00  0.0000
   1.1270E-01   1.1284E-01   0.0000E+00  0.0000   0.0000E+00  0.0000   0.0000E+00  0.0000   0.0000E+00  0.0000   0.0000E+00  0.0000   0.0000E+00  0.0000
   1.1284E-01   1.1298E-01   0.0000E+00  0.0000   0.0000E+00  0.0000   0.0000E+00  0.0000   0.0000E+00  0.0000   0.0000E+00  0.0000   0.0000E+00  0.0000
   1.1298E-01   1.1312E-01   0.0000E+00  0.0000   0.0000E+00  0.0000   0.0000E+00  0.0000   0.0000E+00  0.0000   0.0000E+00  0.0000   0.0000E+00  0.0000
   1.1312E-01   1.1326E-01   0.0000E+00  0.0000   0.0000E+00  0.0000   0.0000E+00  0.0000   0.0000E+00  0.0000   0.0000E+00  0.0000   0.0000E+00  0.0000
   1.1326E-01   1.1340E-01   0.0000E+00  0.0000   0.0000E+00  0.0000   0.0000E+00  0.0000   0.0000E+00  0.0000   0.0000E+00  0.0000   0.0000E+00  0.0000
   1.1340E-01   1.1354E-01   0.0000E+00  0.0000   0.0000E+00  0.0000   0.0000E+00  0.0000   0.0000E+00  0.0000   0.0000E+00  0.0000   0.0000E+00  0.0000
   1.1354E-01   1.1368E-01   0.0000E+00  0.0000   0.0000E+00  0.0000   0.0000E+00  0.0000   0.0000E+00  0.0000   0.0000E+00  0.0000   0.0000E+00  0.0000
   1.1368E-01   1.1382E-01   0.0000E+00  0.0000   0.0000E+00  0.0000   0.0000E+00  0.0000   0.0000E+00  0.0000   0.0000E+00  0.0000   0.0000E+00  0.0000
   1.1382E-01   1.1396E-01   0.0000E+00  0.0000   0.0000E+00  0.0000   0.0000E+00  0.0000   0.0000E+00  0.0000   0.0000E+00  0.0000   0.0000E+00  0.0000
   1.1396E-01   1.1410E-01   0.0000E+00  0.0000   0.0000E+00  0.0000   0.0000E+00  0.0000   0.0000E+00  0.0000   0.0000E+00  0.0000   0.0000E+00  0.0000
   1.1410E-01   1.1424E-01   0.0000E+00  0.0000   0.0000E+00  0.0000   0.0000E+00  0.0000   0.0000E+00  0.0000   0.0000E+00  0.0000   0.0000E+00  0.0000
   1.1424E-01   1.1438E-01   0.0000E+00  0.0000   0.0000E+00  0.0000   0.0000E+00  0.0000   0.0000E+00  0.0000   0.0000E+00  0.0000   0.0000E+00  0.0000
   1.1438E-01   1.1452E-01   0.0000E+00  0.0000   0.0000E+00  0.0000   0.0000E+00  0.0000   0.0000E+00  0.0000   0.0000E+00  0.0000   0.0000E+00  0.0000
   1.1452E-01   1.1466E-01   0.0000E+00  0.0000   0.0000E+00  0.0000   0.0000E+00  0.0000   0.0000E+00  0.0000   0.0000E+00  0.0000   0.0000E+00  0.0000
   1.1466E-01   1.1480E-01   0.0000E+00  0.0000   0.0000E+00  0.0000   0.0000E+00  0.0000   0.0000E+00  0.0000   0.0000E+00  0.0000   0.0000E+00  0.0000
   1.1480E-01   1.1494E-01   0.0000E+00  0.0000   0.0000E+00  0.0000   0.0000E+00  0.0000   0.0000E+00  0.0000   0.0000E+00  0.0000   0.0000E+00  0.0000
   1.1494E-01   1.1508E-01   0.0000E+00  0.0000   0.0000E+00  0.0000   0.0000E+00  0.0000   0.0000E+00  0.0000   0.0000E+00  0.0000   0.0000E+00  0.0000
   1.1508E-01   1.1522E-01   0.0000E+00  0.0000   0.0000E+00  0.0000   0.0000E+00  0.0000   0.0000E+00  0.0000   0.0000E+00  0.0000   0.0000E+00  0.0000
   1.1522E-01   1.1536E-01   0.0000E+00  0.0000   0.0000E+00  0.0000   0.0000E+00  0.0000   0.0000E+00  0.0000   0.0000E+00  0.0000   0.0000E+00  0.0000
   1.1536E-01   1.1550E-01   0.0000E+00  0.0000   0.0000E+00  0.0000   0.0000E+00  0.0000   0.0000E+00  0.0000   0.0000E+00  0.0000   0.0000E+00  0.0000
   1.1550E-01   1.1564E-01   0.0000E+00  0.0000   0.0000E+00  0.0000   0.0000E+00  0.0000   0.0000E+00  0.0000   0.0000E+00  0.0000   0.0000E+00  0.0000
   1.1564E-01   1.1578E-01   0.0000E+00  0.0000   0.0000E+00  0.0000   0.0000E+00  0.0000   0.0000E+00  0.0000   0.0000E+00  0.0000   0.0000E+00  0.0000
   1.1578E-01   1.1592E-01   0.0000E+00  0.0000   0.0000E+00  0.0000   0.0000E+00  0.0000   0.0000E+00  0.0000   0.0000E+00  0.0000   0.0000E+00  0.0000
   1.1592E-01   1.1606E-01   0.0000E+00  0.0000   0.0000E+00  0.0000   0.0000E+00  0.0000   0.0000E+00  0.0000   0.0000E+00  0.0000   0.0000E+00  0.0000
   1.1606E-01   1.1620E-01   0.0000E+00  0.0000   0.0000E+00  0.0000   0.0000E+00  0.0000   0.0000E+00  0.0000   0.0000E+00  0.0000   0.0000E+00  0.0000
   1.1620E-01   1.1634E-01   0.0000E+00  0.0000   0.0000E+00  0.0000   0.0000E+00  0.0000   0.0000E+00  0.0000   0.0000E+00  0.0000   0.0000E+00  0.0000
   1.1634E-01   1.1648E-01   0.0000E+00  0.0000   0.0000E+00  0.0000   0.0000E+00  0.0000   0.0000E+00  0.0000   0.0000E+00  0.0000   0.0000E+00  0.0000
   1.1648E-01   1.1662E-01   0.0000E+00  0.0000   0.0000E+00  0.0000   0.0000E+00  0.0000   0.0000E+00  0.0000   0.0000E+00  0.0000   0.0000E+00  0.0000
   1.1662E-01   1.1676E-01   0.0000E+00  0.0000   0.0000E+00  0.0000   0.0000E+00  0.0000   0.0000E+00  0.0000   0.0000E+00  0.0000   0.0000E+00  0.0000
   1.1676E-01   1.1690E-01   0.0000E+00  0.0000   0.0000E+00  0.0000   0.0000E+00  0.0000   0.0000E+00  0.0000   0.0000E+00  0.0000   0.0000E+00  0.0000
   1.1690E-01   1.1704E-01   0.0000E+00  0.0000   0.0000E+00  0.0000   0.0000E+00  0.0000   0.0000E+00  0.0000   0.0000E+00  0.0000   0.0000E+00  0.0000
   1.1704E-01   1.1718E-01   0.0000E+00  0.0000   0.0000E+00  0.0000   0.0000E+00  0.0000   0.0000E+00  0.0000   0.0000E+00  0.0000   0.0000E+00  0.0000
   1.1718E-01   1.1732E-01   0.0000E+00  0.0000   0.0000E+00  0.0000   0.0000E+00  0.0000   0.0000E+00  0.0000   0.0000E+00  0.0000   0.0000E+00  0.0000
   1.1732E-01   1.1746E-01   0.0000E+00  0.0000   0.0000E+00  0.0000   0.0000E+00  0.0000   0.0000E+00  0.0000   0.0000E+00  0.0000   0.0000E+00  0.0000
   1.1746E-01   1.1760E-01   0.0000E+00  0.0000   0.0000E+00  0.0000   0.0000E+00  0.0000   0.0000E+00  0.0000   0.0000E+00  0.0000   0.0000E+00  0.0000
   1.1760E-01   1.1774E-01   0.0000E+00  0.0000   0.0000E+00  0.0000   0.0000E+00  0.0000   0.0000E+00  0.0000   0.0000E+00  0.0000   0.0000E+00  0.0000
   1.1774E-01   1.1788E-01   0.0000E+00  0.0000   0.0000E+00  0.0000   0.0000E+00  0.0000   0.0000E+00  0.0000   0.0000E+00  0.0000   0.0000E+00  0.0000
   1.1788E-01   1.1802E-01   0.0000E+00  0.0000   0.0000E+00  0.0000   0.0000E+00  0.0000   0.0000E+00  0.0000   0.0000E+00  0.0000   0.0000E+00  0.0000
   1.1802E-01   1.1816E-01   0.0000E+00  0.0000   0.0000E+00  0.0000   0.0000E+00  0.0000   0.0000E+00  0.0000   0.0000E+00  0.0000   0.0000E+00  0.0000
   1.1816E-01   1.1830E-01   0.0000E+00  0.0000   0.0000E+00  0.0000   0.0000E+00  0.0000   0.0000E+00  0.0000   0.0000E+00  0.0000   0.0000E+00  0.0000
   1.1830E-01   1.1844E-01   0.0000E+00  0.0000   0.0000E+00  0.0000   0.0000E+00  0.0000   0.0000E+00  0.0000   0.0000E+00  0.0000   0.0000E+00  0.0000
   1.1844E-01   1.1858E-01   0.0000E+00  0.0000   0.0000E+00  0.0000   0.0000E+00  0.0000   0.0000E+00  0.0000   0.0000E+00  0.0000   0.0000E+00  0.0000
   1.1858E-01   1.1872E-01   0.0000E+00  0.0000   0.0000E+00  0.0000   0.0000E+00  0.0000   0.0000E+00  0.0000   0.0000E+00  0.0000   0.0000E+00  0.0000
   1.1872E-01   1.1886E-01   0.0000E+00  0.0000   0.0000E+00  0.0000   0.0000E+00  0.0000   0.0000E+00  0.0000   0.0000E+00  0.0000   0.0000E+00  0.0000
   1.1886E-01   1.1900E-01   0.0000E+00  0.0000   0.0000E+00  0.0000   0.0000E+00  0.0000   0.0000E+00  0.0000   0.0000E+00  0.0000   0.0000E+00  0.0000
   1.1900E-01   1.1914E-01   0.0000E+00  0.0000   0.0000E+00  0.0000   0.0000E+00  0.0000   0.0000E+00  0.0000   0.0000E+00  0.0000   0.0000E+00  0.0000
   1.1914E-01   1.1928E-01   0.0000E+00  0.0000   0.0000E+00  0.0000   0.0000E+00  0.0000   0.0000E+00  0.0000   0.0000E+00  0.0000   0.0000E+00  0.0000
   1.1928E-01   1.1942E-01   0.0000E+00  0.0000   0.0000E+00  0.0000   0.0000E+00  0.0000   0.0000E+00  0.0000   0.0000E+00  0.0000   0.0000E+00  0.0000
   1.1942E-01   1.1956E-01   0.0000E+00  0.0000   0.0000E+00  0.0000   0.0000E+00  0.0000   0.0000E+00  0.0000   0.0000E+00  0.0000   0.0000E+00  0.0000
   1.1956E-01   1.1970E-01   0.0000E+00  0.0000   0.0000E+00  0.0000   0.0000E+00  0.0000   0.0000E+00  0.0000   0.0000E+00  0.0000   0.0000E+00  0.0000
   1.1970E-01   1.1984E-01   0.0000E+00  0.0000   0.0000E+00  0.0000   0.0000E+00  0.0000   0.0000E+00  0.0000   0.0000E+00  0.0000   0.0000E+00  0.0000
   1.1984E-01   1.1998E-01   0.0000E+00  0.0000   0.0000E+00  0.0000   0.0000E+00  0.0000   0.0000E+00  0.0000   0.0000E+00  0.0000   0.0000E+00  0.0000
   1.1998E-01   1.2012E-01   0.0000E+00  0.0000   0.0000E+00  0.0000   0.0000E+00  0.0000   0.0000E+00  0.0000   0.0000E+00  0.0000   0.0000E+00  0.0000
   1.2012E-01   1.2026E-01   0.0000E+00  0.0000   0.0000E+00  0.0000   0.0000E+00  0.0000   0.0000E+00  0.0000   0.0000E+00  0.0000   0.0000E+00  0.0000
   1.2026E-01   1.2040E-01   0.0000E+00  0.0000   0.0000E+00  0.0000   0.0000E+00  0.0000   0.0000E+00  0.0000   0.0000E+00  0.0000   0.0000E+00  0.0000
   1.2040E-01   1.2054E-01   0.0000E+00  0.0000   0.0000E+00  0.0000   0.0000E+00  0.0000   0.0000E+00  0.0000   0.0000E+00  0.0000   0.0000E+00  0.0000
   1.2054E-01   1.2068E-01   0.0000E+00  0.0000   0.0000E+00  0.0000   0.0000E+00  0.0000   0.0000E+00  0.0000   0.0000E+00  0.0000   0.0000E+00  0.0000
   1.2068E-01   1.2082E-01   0.0000E+00  0.0000   0.0000E+00  0.0000   0.0000E+00  0.0000   0.0000E+00  0.0000   0.0000E+00  0.0000   0.0000E+00  0.0000
   1.2082E-01   1.2096E-01   0.0000E+00  0.0000   0.0000E+00  0.0000   0.0000E+00  0.0000   0.0000E+00  0.0000   0.0000E+00  0.0000   0.0000E+00  0.0000
   1.2096E-01   1.2110E-01   0.0000E+00  0.0000   0.0000E+00  0.0000   0.0000E+00  0.0000   0.0000E+00  0.0000   0.0000E+00  0.0000   0.0000E+00  0.0000
   1.2110E-01   1.2124E-01   0.0000E+00  0.0000   0.0000E+00  0.0000   0.0000E+00  0.0000   0.0000E+00  0.0000   0.0000E+00  0.0000   0.0000E+00  0.0000
   1.2124E-01   1.2138E-01   0.0000E+00  0.0000   0.0000E+00  0.0000   0.0000E+00  0.0000   0.0000E+00  0.0000   0.0000E+00  0.0000   0.0000E+00  0.0000
   1.2138E-01   1.2152E-01   0.0000E+00  0.0000   0.0000E+00  0.0000   0.0000E+00  0.0000   0.0000E+00  0.0000   0.0000E+00  0.0000   0.0000E+00  0.0000
   1.2152E-01   1.2166E-01   0.0000E+00  0.0000   0.0000E+00  0.0000   0.0000E+00  0.0000   0.0000E+00  0.0000   0.0000E+00  0.0000   0.0000E+00  0.0000
   1.2166E-01   1.2180E-01   0.0000E+00  0.0000   0.0000E+00  0.0000   0.0000E+00  0.0000   0.0000E+00  0.0000   0.0000E+00  0.0000   0.0000E+00  0.0000
   1.2180E-01   1.2194E-01   0.0000E+00  0.0000   0.0000E+00  0.0000   0.0000E+00  0.0000   0.0000E+00  0.0000   0.0000E+00  0.0000   0.0000E+00  0.0000
   1.2194E-01   1.2208E-01   0.0000E+00  0.0000   0.0000E+00  0.0000   0.0000E+00  0.0000   0.0000E+00  0.0000   0.0000E+00  0.0000   0.0000E+00  0.0000
   1.2208E-01   1.2222E-01   0.0000E+00  0.0000   0.0000E+00  0.0000   0.0000E+00  0.0000   0.0000E+00  0.0000   0.0000E+00  0.0000   0.0000E+00  0.0000
   1.2222E-01   1.2236E-01   0.0000E+00  0.0000   0.0000E+00  0.0000   0.0000E+00  0.0000   0.0000E+00  0.0000   0.0000E+00  0.0000   0.0000E+00  0.0000
   1.2236E-01   1.2250E-01   0.0000E+00  0.0000   0.0000E+00  0.0000   0.0000E+00  0.0000   0.0000E+00  0.0000   0.0000E+00  0.0000   0.0000E+00  0.0000
   1.2250E-01   1.2264E-01   0.0000E+00  0.0000   0.0000E+00  0.0000   0.0000E+00  0.0000   0.0000E+00  0.0000   0.0000E+00  0.0000   0.0000E+00  0.0000
   1.2264E-01   1.2278E-01   0.0000E+00  0.0000   0.0000E+00  0.0000   0.0000E+00  0.0000   0.0000E+00  0.0000   0.0000E+00  0.0000   0.0000E+00  0.0000
   1.2278E-01   1.2292E-01   0.0000E+00  0.0000   0.0000E+00  0.0000   0.0000E+00  0.0000   0.0000E+00  0.0000   0.0000E+00  0.0000   0.0000E+00  0.0000
   1.2292E-01   1.2306E-01   0.0000E+00  0.0000   0.0000E+00  0.0000   0.0000E+00  0.0000   0.0000E+00  0.0000   0.0000E+00  0.0000   0.0000E+00  0.0000
   1.2306E-01   1.2320E-01   0.0000E+00  0.0000   0.0000E+00  0.0000   0.0000E+00  0.0000   0.0000E+00  0.0000   0.0000E+00  0.0000   0.0000E+00  0.0000
   1.2320E-01   1.2334E-01   0.0000E+00  0.0000   0.0000E+00  0.0000   0.0000E+00  0.0000   0.0000E+00  0.0000   0.0000E+00  0.0000   0.0000E+00  0.0000
   1.2334E-01   1.2348E-01   0.0000E+00  0.0000   0.0000E+00  0.0000   0.0000E+00  0.0000   0.0000E+00  0.0000   0.0000E+00  0.0000   0.0000E+00  0.0000
   1.2348E-01   1.2362E-01   0.0000E+00  0.0000   0.0000E+00  0.0000   0.0000E+00  0.0000   0.0000E+00  0.0000   0.0000E+00  0.0000   0.0000E+00  0.0000
   1.2362E-01   1.2376E-01   0.0000E+00  0.0000   0.0000E+00  0.0000   0.0000E+00  0.0000   0.0000E+00  0.0000   0.0000E+00  0.0000   0.0000E+00  0.0000
   1.2376E-01   1.2390E-01   0.0000E+00  0.0000   0.0000E+00  0.0000   0.0000E+00  0.0000   0.0000E+00  0.0000   0.0000E+00  0.0000   0.0000E+00  0.0000
   1.2390E-01   1.2404E-01   0.0000E+00  0.0000   0.0000E+00  0.0000   0.0000E+00  0.0000   0.0000E+00  0.0000   0.0000E+00  0.0000   0.0000E+00  0.0000
   1.2404E-01   1.2418E-01   0.0000E+00  0.0000   0.0000E+00  0.0000   0.0000E+00  0.0000   0.0000E+00  0.0000   0.0000E+00  0.0000   0.0000E+00  0.0000
   1.2418E-01   1.2432E-01   0.0000E+00  0.0000   0.0000E+00  0.0000   0.0000E+00  0.0000   0.0000E+00  0.0000   0.0000E+00  0.0000   0.0000E+00  0.0000
   1.2432E-01   1.2446E-01   0.0000E+00  0.0000   0.0000E+00  0.0000   0.0000E+00  0.0000   0.0000E+00  0.0000   0.0000E+00  0.0000   0.0000E+00  0.0000
   1.2446E-01   1.2460E-01   0.0000E+00  0.0000   0.0000E+00  0.0000   0.0000E+00  0.0000   0.0000E+00  0.0000   0.0000E+00  0.0000   0.0000E+00  0.0000
   1.2460E-01   1.2474E-01   0.0000E+00  0.0000   0.0000E+00  0.0000   0.0000E+00  0.0000   0.0000E+00  0.0000   0.0000E+00  0.0000   0.0000E+00  0.0000
   1.2474E-01   1.2488E-01   0.0000E+00  0.0000   0.0000E+00  0.0000   0.0000E+00  0.0000   0.0000E+00  0.0000   0.0000E+00  0.0000   0.0000E+00  0.0000
   1.2488E-01   1.2502E-01   0.0000E+00  0.0000   0.0000E+00  0.0000   0.0000E+00  0.0000   0.0000E+00  0.0000   0.0000E+00  0.0000   0.0000E+00  0.0000
   1.2502E-01   1.2516E-01   0.0000E+00  0.0000   0.0000E+00  0.0000   0.0000E+00  0.0000   0.0000E+00  0.0000   0.0000E+00  0.0000   0.0000E+00  0.0000
   1.2516E-01   1.2530E-01   0.0000E+00  0.0000   0.0000E+00  0.0000   0.0000E+00  0.0000   0.0000E+00  0.0000   0.0000E+00  0.0000   0.0000E+00  0.0000
   1.2530E-01   1.2544E-01   0.0000E+00  0.0000   0.0000E+00  0.0000   0.0000E+00  0.0000   0.0000E+00  0.0000   0.0000E+00  0.0000   0.0000E+00  0.0000
   1.2544E-01   1.2558E-01   0.0000E+00  0.0000   0.0000E+00  0.0000   0.0000E+00  0.0000   0.0000E+00  0.0000   0.0000E+00  0.0000   0.0000E+00  0.0000
   1.2558E-01   1.2572E-01   0.0000E+00  0.0000   0.0000E+00  0.0000   0.0000E+00  0.0000   0.0000E+00  0.0000   0.0000E+00  0.0000   0.0000E+00  0.0000
   1.2572E-01   1.2586E-01   0.0000E+00  0.0000   0.0000E+00  0.0000   0.0000E+00  0.0000   0.0000E+00  0.0000   0.0000E+00  0.0000   0.0000E+00  0.0000
   1.2586E-01   1.2600E-01   0.0000E+00  0.0000   0.0000E+00  0.0000   0.0000E+00  0.0000   0.0000E+00  0.0000   0.0000E+00  0.0000   0.0000E+00  0.0000
   1.2600E-01   1.2614E-01   0.0000E+00  0.0000   0.0000E+00  0.0000   0.0000E+00  0.0000   0.0000E+00  0.0000   0.0000E+00  0.0000   0.0000E+00  0.0000
   1.2614E-01   1.2628E-01   0.0000E+00  0.0000   0.0000E+00  0.0000   0.0000E+00  0.0000   0.0000E+00  0.0000   0.0000E+00  0.0000   0.0000E+00  0.0000
   1.2628E-01   1.2642E-01   0.0000E+00  0.0000   0.0000E+00  0.0000   0.0000E+00  0.0000   0.0000E+00  0.0000   0.0000E+00  0.0000   0.0000E+00  0.0000
   1.2642E-01   1.2656E-01   0.0000E+00  0.0000   0.0000E+00  0.0000   0.0000E+00  0.0000   0.0000E+00  0.0000   0.0000E+00  0.0000   0.0000E+00  0.0000
   1.2656E-01   1.2670E-01   0.0000E+00  0.0000   0.0000E+00  0.0000   0.0000E+00  0.0000   0.0000E+00  0.0000   0.0000E+00  0.0000   0.0000E+00  0.0000
   1.2670E-01   1.2684E-01   0.0000E+00  0.0000   0.0000E+00  0.0000   0.0000E+00  0.0000   0.0000E+00  0.0000   0.0000E+00  0.0000   0.0000E+00  0.0000
   1.2684E-01   1.2698E-01   0.0000E+00  0.0000   0.0000E+00  0.0000   0.0000E+00  0.0000   0.0000E+00  0.0000   0.0000E+00  0.0000   0.0000E+00  0.0000
   1.2698E-01   1.2712E-01   0.0000E+00  0.0000   0.0000E+00  0.0000   0.0000E+00  0.0000   0.0000E+00  0.0000   0.0000E+00  0.0000   0.0000E+00  0.0000
   1.2712E-01   1.2726E-01   0.0000E+00  0.0000   0.0000E+00  0.0000   0.0000E+00  0.0000   0.0000E+00  0.0000   0.0000E+00  0.0000   0.0000E+00  0.0000
   1.2726E-01   1.2740E-01   0.0000E+00  0.0000   0.0000E+00  0.0000   0.0000E+00  0.0000   0.0000E+00  0.0000   0.0000E+00  0.0000   0.0000E+00  0.0000
   1.2740E-01   1.2754E-01   0.0000E+00  0.0000   0.0000E+00  0.0000   0.0000E+00  0.0000   0.0000E+00  0.0000   0.0000E+00  0.0000   0.0000E+00  0.0000
   1.2754E-01   1.2768E-01   0.0000E+00  0.0000   0.0000E+00  0.0000   0.0000E+00  0.0000   0.0000E+00  0.0000   0.0000E+00  0.0000   0.0000E+00  0.0000
   1.2768E-01   1.2782E-01   0.0000E+00  0.0000   0.0000E+00  0.0000   0.0000E+00  0.0000   0.0000E+00  0.0000   0.0000E+00  0.0000   0.0000E+00  0.0000
   1.2782E-01   1.2796E-01   0.0000E+00  0.0000   0.0000E+00  0.0000   0.0000E+00  0.0000   0.0000E+00  0.0000   0.0000E+00  0.0000   0.0000E+00  0.0000
   1.2796E-01   1.2810E-01   0.0000E+00  0.0000   0.0000E+00  0.0000   0.0000E+00  0.0000   0.0000E+00  0.0000   0.0000E+00  0.0000   0.0000E+00  0.0000
   1.2810E-01   1.2824E-01   0.0000E+00  0.0000   0.0000E+00  0.0000   0.0000E+00  0.0000   0.0000E+00  0.0000   0.0000E+00  0.0000   0.0000E+00  0.0000
   1.2824E-01   1.2838E-01   0.0000E+00  0.0000   0.0000E+00  0.0000   0.0000E+00  0.0000   0.0000E+00  0.0000   0.0000E+00  0.0000   0.0000E+00  0.0000
   1.2838E-01   1.2852E-01   0.0000E+00  0.0000   0.0000E+00  0.0000   0.0000E+00  0.0000   0.0000E+00  0.0000   0.0000E+00  0.0000   0.0000E+00  0.0000
   1.2852E-01   1.2866E-01   0.0000E+00  0.0000   0.0000E+00  0.0000   0.0000E+00  0.0000   0.0000E+00  0.0000   0.0000E+00  0.0000   0.0000E+00  0.0000
   1.2866E-01   1.2880E-01   0.0000E+00  0.0000   0.0000E+00  0.0000   0.0000E+00  0.0000   0.0000E+00  0.0000   0.0000E+00  0.0000   0.0000E+00  0.0000
   1.2880E-01   1.2894E-01   0.0000E+00  0.0000   0.0000E+00  0.0000   0.0000E+00  0.0000   0.0000E+00  0.0000   0.0000E+00  0.0000   0.0000E+00  0.0000
   1.2894E-01   1.2908E-01   0.0000E+00  0.0000   0.0000E+00  0.0000   0.0000E+00  0.0000   0.0000E+00  0.0000   0.0000E+00  0.0000   0.0000E+00  0.0000
   1.2908E-01   1.2922E-01   0.0000E+00  0.0000   0.0000E+00  0.0000   0.0000E+00  0.0000   0.0000E+00  0.0000   0.0000E+00  0.0000   0.0000E+00  0.0000
   1.2922E-01   1.2936E-01   0.0000E+00  0.0000   0.0000E+00  0.0000   0.0000E+00  0.0000   0.0000E+00  0.0000   0.0000E+00  0.0000   0.0000E+00  0.0000
   1.2936E-01   1.2950E-01   0.0000E+00  0.0000   0.0000E+00  0.0000   0.0000E+00  0.0000   0.0000E+00  0.0000   0.0000E+00  0.0000   0.0000E+00  0.0000
   1.2950E-01   1.2964E-01   0.0000E+00  0.0000   0.0000E+00  0.0000   0.0000E+00  0.0000   0.0000E+00  0.0000   0.0000E+00  0.0000   0.0000E+00  0.0000
   1.2964E-01   1.2978E-01   0.0000E+00  0.0000   0.0000E+00  0.0000   0.0000E+00  0.0000   0.0000E+00  0.0000   0.0000E+00  0.0000   0.0000E+00  0.0000
   1.2978E-01   1.2992E-01   0.0000E+00  0.0000   0.0000E+00  0.0000   0.0000E+00  0.0000   0.0000E+00  0.0000   0.0000E+00  0.0000   0.0000E+00  0.0000
   1.2992E-01   1.3006E-01   0.0000E+00  0.0000   0.0000E+00  0.0000   0.0000E+00  0.0000   0.0000E+00  0.0000   0.0000E+00  0.0000   0.0000E+00  0.0000
   1.3006E-01   1.3020E-01   0.0000E+00  0.0000   0.0000E+00  0.0000   0.0000E+00  0.0000   0.0000E+00  0.0000   0.0000E+00  0.0000   0.0000E+00  0.0000
   1.3020E-01   1.3034E-01   0.0000E+00  0.0000   0.0000E+00  0.0000   0.0000E+00  0.0000   0.0000E+00  0.0000   0.0000E+00  0.0000   0.0000E+00  0.0000
   1.3034E-01   1.3048E-01   0.0000E+00  0.0000   0.0000E+00  0.0000   0.0000E+00  0.0000   0.0000E+00  0.0000   0.0000E+00  0.0000   0.0000E+00  0.0000
   1.3048E-01   1.3062E-01   0.0000E+00  0.0000   0.0000E+00  0.0000   0.0000E+00  0.0000   0.0000E+00  0.0000   0.0000E+00  0.0000   0.0000E+00  0.0000
   1.3062E-01   1.3076E-01   0.0000E+00  0.0000   0.0000E+00  0.0000   0.0000E+00  0.0000   0.0000E+00  0.0000   0.0000E+00  0.0000   0.0000E+00  0.0000
   1.3076E-01   1.3090E-01   0.0000E+00  0.0000   0.0000E+00  0.0000   0.0000E+00  0.0000   0.0000E+00  0.0000   0.0000E+00  0.0000   0.0000E+00  0.0000
   1.3090E-01   1.3104E-01   0.0000E+00  0.0000   0.0000E+00  0.0000   0.0000E+00  0.0000   0.0000E+00  0.0000   0.0000E+00  0.0000   0.0000E+00  0.0000
   1.3104E-01   1.3118E-01   0.0000E+00  0.0000   0.0000E+00  0.0000   0.0000E+00  0.0000   0.0000E+00  0.0000   0.0000E+00  0.0000   0.0000E+00  0.0000
   1.3118E-01   1.3132E-01   0.0000E+00  0.0000   0.0000E+00  0.0000   0.0000E+00  0.0000   0.0000E+00  0.0000   0.0000E+00  0.0000   0.0000E+00  0.0000
   1.3132E-01   1.3146E-01   0.0000E+00  0.0000   0.0000E+00  0.0000   0.0000E+00  0.0000   0.0000E+00  0.0000   0.0000E+00  0.0000   0.0000E+00  0.0000
   1.3146E-01   1.3160E-01   0.0000E+00  0.0000   0.0000E+00  0.0000   0.0000E+00  0.0000   0.0000E+00  0.0000   0.0000E+00  0.0000   0.0000E+00  0.0000
   1.3160E-01   1.3174E-01   0.0000E+00  0.0000   0.0000E+00  0.0000   0.0000E+00  0.0000   0.0000E+00  0.0000   0.0000E+00  0.0000   0.0000E+00  0.0000
   1.3174E-01   1.3188E-01   0.0000E+00  0.0000   0.0000E+00  0.0000   0.0000E+00  0.0000   0.0000E+00  0.0000   0.0000E+00  0.0000   0.0000E+00  0.0000
   1.3188E-01   1.3202E-01   0.0000E+00  0.0000   0.0000E+00  0.0000   0.0000E+00  0.0000   0.0000E+00  0.0000   0.0000E+00  0.0000   0.0000E+00  0.0000
   1.3202E-01   1.3216E-01   0.0000E+00  0.0000   0.0000E+00  0.0000   0.0000E+00  0.0000   0.0000E+00  0.0000   0.0000E+00  0.0000   0.0000E+00  0.0000
   1.3216E-01   1.3230E-01   0.0000E+00  0.0000   0.0000E+00  0.0000   0.0000E+00  0.0000   0.0000E+00  0.0000   0.0000E+00  0.0000   0.0000E+00  0.0000
   1.3230E-01   1.3244E-01   0.0000E+00  0.0000   0.0000E+00  0.0000   0.0000E+00  0.0000   0.0000E+00  0.0000   0.0000E+00  0.0000   0.0000E+00  0.0000
   1.3244E-01   1.3258E-01   0.0000E+00  0.0000   0.0000E+00  0.0000   0.0000E+00  0.0000   0.0000E+00  0.0000   0.0000E+00  0.0000   0.0000E+00  0.0000
   1.3258E-01   1.3272E-01   0.0000E+00  0.0000   0.0000E+00  0.0000   0.0000E+00  0.0000   0.0000E+00  0.0000   0.0000E+00  0.0000   0.0000E+00  0.0000
   1.3272E-01   1.3286E-01   0.0000E+00  0.0000   0.0000E+00  0.0000   0.0000E+00  0.0000   0.0000E+00  0.0000   0.0000E+00  0.0000   0.0000E+00  0.0000
   1.3286E-01   1.3300E-01   0.0000E+00  0.0000   0.0000E+00  0.0000   0.0000E+00  0.0000   0.0000E+00  0.0000   0.0000E+00  0.0000   0.0000E+00  0.0000
   1.3300E-01   1.3314E-01   0.0000E+00  0.0000   0.0000E+00  0.0000   0.0000E+00  0.0000   0.0000E+00  0.0000   0.0000E+00  0.0000   0.0000E+00  0.0000
   1.3314E-01   1.3328E-01   0.0000E+00  0.0000   0.0000E+00  0.0000   0.0000E+00  0.0000   0.0000E+00  0.0000   0.0000E+00  0.0000   0.0000E+00  0.0000
   1.3328E-01   1.3342E-01   0.0000E+00  0.0000   0.0000E+00  0.0000   0.0000E+00  0.0000   0.0000E+00  0.0000   0.0000E+00  0.0000   0.0000E+00  0.0000
   1.3342E-01   1.3356E-01   0.0000E+00  0.0000   0.0000E+00  0.0000   0.0000E+00  0.0000   0.0000E+00  0.0000   0.0000E+00  0.0000   0.0000E+00  0.0000
   1.3356E-01   1.3370E-01   0.0000E+00  0.0000   0.0000E+00  0.0000   0.0000E+00  0.0000   0.0000E+00  0.0000   0.0000E+00  0.0000   0.0000E+00  0.0000
   1.3370E-01   1.3384E-01   0.0000E+00  0.0000   0.0000E+00  0.0000   0.0000E+00  0.0000   0.0000E+00  0.0000   0.0000E+00  0.0000   0.0000E+00  0.0000
   1.3384E-01   1.3398E-01   0.0000E+00  0.0000   0.0000E+00  0.0000   0.0000E+00  0.0000   0.0000E+00  0.0000   0.0000E+00  0.0000   0.0000E+00  0.0000
   1.3398E-01   1.3412E-01   0.0000E+00  0.0000   0.0000E+00  0.0000   0.0000E+00  0.0000   0.0000E+00  0.0000   0.0000E+00  0.0000   0.0000E+00  0.0000
   1.3412E-01   1.3426E-01   0.0000E+00  0.0000   0.0000E+00  0.0000   0.0000E+00  0.0000   0.0000E+00  0.0000   0.0000E+00  0.0000   0.0000E+00  0.0000
   1.3426E-01   1.3440E-01   0.0000E+00  0.0000   0.0000E+00  0.0000   0.0000E+00  0.0000   0.0000E+00  0.0000   0.0000E+00  0.0000   0.0000E+00  0.0000
   1.3440E-01   1.3454E-01   0.0000E+00  0.0000   0.0000E+00  0.0000   0.0000E+00  0.0000   0.0000E+00  0.0000   0.0000E+00  0.0000   0.0000E+00  0.0000
   1.3454E-01   1.3468E-01   0.0000E+00  0.0000   0.0000E+00  0.0000   0.0000E+00  0.0000   0.0000E+00  0.0000   0.0000E+00  0.0000   0.0000E+00  0.0000
   1.3468E-01   1.3482E-01   0.0000E+00  0.0000   0.0000E+00  0.0000   0.0000E+00  0.0000   0.0000E+00  0.0000   0.0000E+00  0.0000   0.0000E+00  0.0000
   1.3482E-01   1.3496E-01   0.0000E+00  0.0000   0.0000E+00  0.0000   0.0000E+00  0.0000   0.0000E+00  0.0000   0.0000E+00  0.0000   0.0000E+00  0.0000
   1.3496E-01   1.3510E-01   0.0000E+00  0.0000   0.0000E+00  0.0000   0.0000E+00  0.0000   0.0000E+00  0.0000   0.0000E+00  0.0000   0.0000E+00  0.0000
   1.3510E-01   1.3524E-01   0.0000E+00  0.0000   0.0000E+00  0.0000   0.0000E+00  0.0000   0.0000E+00  0.0000   0.0000E+00  0.0000   0.0000E+00  0.0000
   1.3524E-01   1.3538E-01   0.0000E+00  0.0000   0.0000E+00  0.0000   0.0000E+00  0.0000   0.0000E+00  0.0000   0.0000E+00  0.0000   0.0000E+00  0.0000
   1.3538E-01   1.3552E-01   0.0000E+00  0.0000   0.0000E+00  0.0000   0.0000E+00  0.0000   0.0000E+00  0.0000   0.0000E+00  0.0000   0.0000E+00  0.0000
   1.3552E-01   1.3566E-01   0.0000E+00  0.0000   0.0000E+00  0.0000   0.0000E+00  0.0000   0.0000E+00  0.0000   0.0000E+00  0.0000   0.0000E+00  0.0000
   1.3566E-01   1.3580E-01   0.0000E+00  0.0000   0.0000E+00  0.0000   0.0000E+00  0.0000   0.0000E+00  0.0000   0.0000E+00  0.0000   0.0000E+00  0.0000
   1.3580E-01   1.3594E-01   0.0000E+00  0.0000   0.0000E+00  0.0000   0.0000E+00  0.0000   0.0000E+00  0.0000   0.0000E+00  0.0000   0.0000E+00  0.0000
   1.3594E-01   1.3608E-01   0.0000E+00  0.0000   0.0000E+00  0.0000   0.0000E+00  0.0000   0.0000E+00  0.0000   0.0000E+00  0.0000   0.0000E+00  0.0000
   1.3608E-01   1.3622E-01   0.0000E+00  0.0000   0.0000E+00  0.0000   0.0000E+00  0.0000   0.0000E+00  0.0000   0.0000E+00  0.0000   0.0000E+00  0.0000
   1.3622E-01   1.3636E-01   0.0000E+00  0.0000   0.0000E+00  0.0000   0.0000E+00  0.0000   0.0000E+00  0.0000   0.0000E+00  0.0000   0.0000E+00  0.0000
   1.3636E-01   1.3650E-01   0.0000E+00  0.0000   0.0000E+00  0.0000   0.0000E+00  0.0000   0.0000E+00  0.0000   0.0000E+00  0.0000   0.0000E+00  0.0000
   1.3650E-01   1.3664E-01   0.0000E+00  0.0000   0.0000E+00  0.0000   0.0000E+00  0.0000   0.0000E+00  0.0000   0.0000E+00  0.0000   0.0000E+00  0.0000
   1.3664E-01   1.3678E-01   0.0000E+00  0.0000   0.0000E+00  0.0000   0.0000E+00  0.0000   0.0000E+00  0.0000   0.0000E+00  0.0000   0.0000E+00  0.0000
   1.3678E-01   1.3692E-01   0.0000E+00  0.0000   0.0000E+00  0.0000   0.0000E+00  0.0000   0.0000E+00  0.0000   0.0000E+00  0.0000   0.0000E+00  0.0000
   1.3692E-01   1.3706E-01   0.0000E+00  0.0000   0.0000E+00  0.0000   0.0000E+00  0.0000   0.0000E+00  0.0000   0.0000E+00  0.0000   0.0000E+00  0.0000
   1.3706E-01   1.3720E-01   0.0000E+00  0.0000   0.0000E+00  0.0000   0.0000E+00  0.0000   0.0000E+00  0.0000   0.0000E+00  0.0000   0.0000E+00  0.0000
   1.3720E-01   1.3734E-01   0.0000E+00  0.0000   0.0000E+00  0.0000   0.0000E+00  0.0000   0.0000E+00  0.0000   0.0000E+00  0.0000   0.0000E+00  0.0000
   1.3734E-01   1.3748E-01   0.0000E+00  0.0000   0.0000E+00  0.0000   0.0000E+00  0.0000   0.0000E+00  0.0000   0.0000E+00  0.0000   0.0000E+00  0.0000
   1.3748E-01   1.3762E-01   0.0000E+00  0.0000   0.0000E+00  0.0000   0.0000E+00  0.0000   0.0000E+00  0.0000   0.0000E+00  0.0000   0.0000E+00  0.0000
   1.3762E-01   1.3776E-01   0.0000E+00  0.0000   0.0000E+00  0.0000   0.0000E+00  0.0000   0.0000E+00  0.0000   0.0000E+00  0.0000   0.0000E+00  0.0000
   1.3776E-01   1.3790E-01   0.0000E+00  0.0000   0.0000E+00  0.0000   0.0000E+00  0.0000   0.0000E+00  0.0000   0.0000E+00  0.0000   0.0000E+00  0.0000
   1.3790E-01   1.3804E-01   0.0000E+00  0.0000   0.0000E+00  0.0000   0.0000E+00  0.0000   0.0000E+00  0.0000   0.0000E+00  0.0000   0.0000E+00  0.0000
   1.3804E-01   1.3818E-01   0.0000E+00  0.0000   0.0000E+00  0.0000   0.0000E+00  0.0000   0.0000E+00  0.0000   0.0000E+00  0.0000   0.0000E+00  0.0000
   1.3818E-01   1.3832E-01   0.0000E+00  0.0000   0.0000E+00  0.0000   0.0000E+00  0.0000   0.0000E+00  0.0000   0.0000E+00  0.0000   0.0000E+00  0.0000
   1.3832E-01   1.3846E-01   0.0000E+00  0.0000   0.0000E+00  0.0000   0.0000E+00  0.0000   0.0000E+00  0.0000   0.0000E+00  0.0000   0.0000E+00  0.0000
   1.3846E-01   1.3860E-01   0.0000E+00  0.0000   0.0000E+00  0.0000   0.0000E+00  0.0000   0.0000E+00  0.0000   0.0000E+00  0.0000   0.0000E+00  0.0000
   1.3860E-01   1.3874E-01   0.0000E+00  0.0000   0.0000E+00  0.0000   0.0000E+00  0.0000   0.0000E+00  0.0000   0.0000E+00  0.0000   0.0000E+00  0.0000
   1.3874E-01   1.3888E-01   0.0000E+00  0.0000   0.0000E+00  0.0000   0.0000E+00  0.0000   0.0000E+00  0.0000   0.0000E+00  0.0000   0.0000E+00  0.0000
   1.3888E-01   1.3902E-01   0.0000E+00  0.0000   0.0000E+00  0.0000   0.0000E+00  0.0000   0.0000E+00  0.0000   0.0000E+00  0.0000   0.0000E+00  0.0000
   1.3902E-01   1.3916E-01   0.0000E+00  0.0000   0.0000E+00  0.0000   0.0000E+00  0.0000   0.0000E+00  0.0000   0.0000E+00  0.0000   0.0000E+00  0.0000
   1.3916E-01   1.3930E-01   0.0000E+00  0.0000   0.0000E+00  0.0000   0.0000E+00  0.0000   0.0000E+00  0.0000   0.0000E+00  0.0000   0.0000E+00  0.0000
   1.3930E-01   1.3944E-01   0.0000E+00  0.0000   0.0000E+00  0.0000   0.0000E+00  0.0000   0.0000E+00  0.0000   0.0000E+00  0.0000   0.0000E+00  0.0000
   1.3944E-01   1.3958E-01   0.0000E+00  0.0000   0.0000E+00  0.0000   0.0000E+00  0.0000   0.0000E+00  0.0000   0.0000E+00  0.0000   0.0000E+00  0.0000
   1.3958E-01   1.3972E-01   0.0000E+00  0.0000   0.0000E+00  0.0000   0.0000E+00  0.0000   0.0000E+00  0.0000   0.0000E+00  0.0000   0.0000E+00  0.0000
   1.3972E-01   1.3986E-01   0.0000E+00  0.0000   0.0000E+00  0.0000   0.0000E+00  0.0000   0.0000E+00  0.0000   0.0000E+00  0.0000   0.0000E+00  0.0000
   1.3986E-01   1.4000E-01   0.0000E+00  0.0000   0.0000E+00  0.0000   0.0000E+00  0.0000   0.0000E+00  0.0000   0.0000E+00  0.0000   0.0000E+00  0.0000

#   sum over                 0.0000E+00           1.3887E+00           3.5557E-02           0.0000E+00           0.0000E+00           1.4243E+00
'no. =    2   reg = 102 - 101'
msuc: {\huge 0.5 cm de Pb}
msdr: {\it plotted by \ANGEL \version}
msdl: {\it calculated by \PHITS  3.28}
wt: s(0.7)
\vspace{-3}
  region surface crossing
  area  &=&   1.0000E+00 [cm^2]
e:
 
# Information for Restart Calculation
# This calculation was newly started
# istdev =  2 # 1:Batch variance, 2:History variance
# resc2  = 1.31000000000000000E+07 # Total source weight or Total source weight / maxcas
# resc3  = 1.31000000000000000E+07 # Total history number or Total batch number
# maxcas =      100000 # History / Batch, only used for istdev=1
# bitrseed = 1010111011100000011110001110010110011100110000100101110001010000 # bit data of rseed
