[ T-Cross ]
    title = Source n beam
     mesh =  reg            # mesh type is region-wise
      reg =    5            # number of crossing regions
      non     r-from    r-to       area
      1       101       102        1.000000    
      2       102       103        1.000000    
      3       103       104        1.000000    
      4       103       105        1.000000    
      5       106       105        1.000000    
   e-type =    2            # e-mesh is linear given by emin, emax and ne
     emin =  1.0000000E-05  # minimum value of e-mesh points
     emax =  2.0000000E-02  # maximum value of e-mesh points
#    edel =  1.9990000E-05  # mesh width of e-mesh points
       ne =   1000          # number of e-mesh points
#    data = ( e(i), i = 1, ne + 1 )
#           1.00000E-05  2.99900E-05  4.99800E-05  6.99700E-05  8.99600E-05
#           1.09950E-04  1.29940E-04  1.49930E-04  1.69920E-04  1.89910E-04
#           2.09900E-04  2.29890E-04  2.49880E-04  2.69870E-04  2.89860E-04
#           3.09850E-04  3.29840E-04  3.49830E-04  3.69820E-04  3.89810E-04
#           4.09800E-04  4.29790E-04  4.49780E-04  4.69770E-04  4.89760E-04
#           5.09750E-04  5.29740E-04  5.49730E-04  5.69720E-04  5.89710E-04
#           6.09700E-04  6.29690E-04  6.49680E-04  6.69670E-04  6.89660E-04
#           7.09650E-04  7.29640E-04  7.49630E-04  7.69620E-04  7.89610E-04
#           8.09600E-04  8.29590E-04  8.49580E-04  8.69570E-04  8.89560E-04
#           9.09550E-04  9.29540E-04  9.49530E-04  9.69520E-04  9.89510E-04
#           1.00950E-03  1.02949E-03  1.04948E-03  1.06947E-03  1.08946E-03
#           1.10945E-03  1.12944E-03  1.14943E-03  1.16942E-03  1.18941E-03
#           1.20940E-03  1.22939E-03  1.24938E-03  1.26937E-03  1.28936E-03
#           1.30935E-03  1.32934E-03  1.34933E-03  1.36932E-03  1.38931E-03
#           1.40930E-03  1.42929E-03  1.44928E-03  1.46927E-03  1.48926E-03
#           1.50925E-03  1.52924E-03  1.54923E-03  1.56922E-03  1.58921E-03
#           1.60920E-03  1.62919E-03  1.64918E-03  1.66917E-03  1.68916E-03
#           1.70915E-03  1.72914E-03  1.74913E-03  1.76912E-03  1.78911E-03
#           1.80910E-03  1.82909E-03  1.84908E-03  1.86907E-03  1.88906E-03
#           1.90905E-03  1.92904E-03  1.94903E-03  1.96902E-03  1.98901E-03
#           2.00900E-03  2.02899E-03  2.04898E-03  2.06897E-03  2.08896E-03
#           2.10895E-03  2.12894E-03  2.14893E-03  2.16892E-03  2.18891E-03
#           2.20890E-03  2.22889E-03  2.24888E-03  2.26887E-03  2.28886E-03
#           2.30885E-03  2.32884E-03  2.34883E-03  2.36882E-03  2.38881E-03
#           2.40880E-03  2.42879E-03  2.44878E-03  2.46877E-03  2.48876E-03
#           2.50875E-03  2.52874E-03  2.54873E-03  2.56872E-03  2.58871E-03
#           2.60870E-03  2.62869E-03  2.64868E-03  2.66867E-03  2.68866E-03
#           2.70865E-03  2.72864E-03  2.74863E-03  2.76862E-03  2.78861E-03
#           2.80860E-03  2.82859E-03  2.84858E-03  2.86857E-03  2.88856E-03
#           2.90855E-03  2.92854E-03  2.94853E-03  2.96852E-03  2.98851E-03
#           3.00850E-03  3.02849E-03  3.04848E-03  3.06847E-03  3.08846E-03
#           3.10845E-03  3.12844E-03  3.14843E-03  3.16842E-03  3.18841E-03
#           3.20840E-03  3.22839E-03  3.24838E-03  3.26837E-03  3.28836E-03
#           3.30835E-03  3.32834E-03  3.34833E-03  3.36832E-03  3.38831E-03
#           3.40830E-03  3.42829E-03  3.44828E-03  3.46827E-03  3.48826E-03
#           3.50825E-03  3.52824E-03  3.54823E-03  3.56822E-03  3.58821E-03
#           3.60820E-03  3.62819E-03  3.64818E-03  3.66817E-03  3.68816E-03
#           3.70815E-03  3.72814E-03  3.74813E-03  3.76812E-03  3.78811E-03
#           3.80810E-03  3.82809E-03  3.84808E-03  3.86807E-03  3.88806E-03
#           3.90805E-03  3.92804E-03  3.94803E-03  3.96802E-03  3.98801E-03
#           4.00800E-03  4.02799E-03  4.04798E-03  4.06797E-03  4.08796E-03
#           4.10795E-03  4.12794E-03  4.14793E-03  4.16792E-03  4.18791E-03
#           4.20790E-03  4.22789E-03  4.24788E-03  4.26787E-03  4.28786E-03
#           4.30785E-03  4.32784E-03  4.34783E-03  4.36782E-03  4.38781E-03
#           4.40780E-03  4.42779E-03  4.44778E-03  4.46777E-03  4.48776E-03
#           4.50775E-03  4.52774E-03  4.54773E-03  4.56772E-03  4.58771E-03
#           4.60770E-03  4.62769E-03  4.64768E-03  4.66767E-03  4.68766E-03
#           4.70765E-03  4.72764E-03  4.74763E-03  4.76762E-03  4.78761E-03
#           4.80760E-03  4.82759E-03  4.84758E-03  4.86757E-03  4.88756E-03
#           4.90755E-03  4.92754E-03  4.94753E-03  4.96752E-03  4.98751E-03
#           5.00750E-03  5.02749E-03  5.04748E-03  5.06747E-03  5.08746E-03
#           5.10745E-03  5.12744E-03  5.14743E-03  5.16742E-03  5.18741E-03
#           5.20740E-03  5.22739E-03  5.24738E-03  5.26737E-03  5.28736E-03
#           5.30735E-03  5.32734E-03  5.34733E-03  5.36732E-03  5.38731E-03
#           5.40730E-03  5.42729E-03  5.44728E-03  5.46727E-03  5.48726E-03
#           5.50725E-03  5.52724E-03  5.54723E-03  5.56722E-03  5.58721E-03
#           5.60720E-03  5.62719E-03  5.64718E-03  5.66717E-03  5.68716E-03
#           5.70715E-03  5.72714E-03  5.74713E-03  5.76712E-03  5.78711E-03
#           5.80710E-03  5.82709E-03  5.84708E-03  5.86707E-03  5.88706E-03
#           5.90705E-03  5.92704E-03  5.94703E-03  5.96702E-03  5.98701E-03
#           6.00700E-03  6.02699E-03  6.04698E-03  6.06697E-03  6.08696E-03
#           6.10695E-03  6.12694E-03  6.14693E-03  6.16692E-03  6.18691E-03
#           6.20690E-03  6.22689E-03  6.24688E-03  6.26687E-03  6.28686E-03
#           6.30685E-03  6.32684E-03  6.34683E-03  6.36682E-03  6.38681E-03
#           6.40680E-03  6.42679E-03  6.44678E-03  6.46677E-03  6.48676E-03
#           6.50675E-03  6.52674E-03  6.54673E-03  6.56672E-03  6.58671E-03
#           6.60670E-03  6.62669E-03  6.64668E-03  6.66667E-03  6.68666E-03
#           6.70665E-03  6.72664E-03  6.74663E-03  6.76662E-03  6.78661E-03
#           6.80660E-03  6.82659E-03  6.84658E-03  6.86657E-03  6.88656E-03
#           6.90655E-03  6.92654E-03  6.94653E-03  6.96652E-03  6.98651E-03
#           7.00650E-03  7.02649E-03  7.04648E-03  7.06647E-03  7.08646E-03
#           7.10645E-03  7.12644E-03  7.14643E-03  7.16642E-03  7.18641E-03
#           7.20640E-03  7.22639E-03  7.24638E-03  7.26637E-03  7.28636E-03
#           7.30635E-03  7.32634E-03  7.34633E-03  7.36632E-03  7.38631E-03
#           7.40630E-03  7.42629E-03  7.44628E-03  7.46627E-03  7.48626E-03
#           7.50625E-03  7.52624E-03  7.54623E-03  7.56622E-03  7.58621E-03
#           7.60620E-03  7.62619E-03  7.64618E-03  7.66617E-03  7.68616E-03
#           7.70615E-03  7.72614E-03  7.74613E-03  7.76612E-03  7.78611E-03
#           7.80610E-03  7.82609E-03  7.84608E-03  7.86607E-03  7.88606E-03
#           7.90605E-03  7.92604E-03  7.94603E-03  7.96602E-03  7.98601E-03
#           8.00600E-03  8.02599E-03  8.04598E-03  8.06597E-03  8.08596E-03
#           8.10595E-03  8.12594E-03  8.14593E-03  8.16592E-03  8.18591E-03
#           8.20590E-03  8.22589E-03  8.24588E-03  8.26587E-03  8.28586E-03
#           8.30585E-03  8.32584E-03  8.34583E-03  8.36582E-03  8.38581E-03
#           8.40580E-03  8.42579E-03  8.44578E-03  8.46577E-03  8.48576E-03
#           8.50575E-03  8.52574E-03  8.54573E-03  8.56572E-03  8.58571E-03
#           8.60570E-03  8.62569E-03  8.64568E-03  8.66567E-03  8.68566E-03
#           8.70565E-03  8.72564E-03  8.74563E-03  8.76562E-03  8.78561E-03
#           8.80560E-03  8.82559E-03  8.84558E-03  8.86557E-03  8.88556E-03
#           8.90555E-03  8.92554E-03  8.94553E-03  8.96552E-03  8.98551E-03
#           9.00550E-03  9.02549E-03  9.04548E-03  9.06547E-03  9.08546E-03
#           9.10545E-03  9.12544E-03  9.14543E-03  9.16542E-03  9.18541E-03
#           9.20540E-03  9.22539E-03  9.24538E-03  9.26537E-03  9.28536E-03
#           9.30535E-03  9.32534E-03  9.34533E-03  9.36532E-03  9.38531E-03
#           9.40530E-03  9.42529E-03  9.44528E-03  9.46527E-03  9.48526E-03
#           9.50525E-03  9.52524E-03  9.54523E-03  9.56522E-03  9.58521E-03
#           9.60520E-03  9.62519E-03  9.64518E-03  9.66517E-03  9.68516E-03
#           9.70515E-03  9.72514E-03  9.74513E-03  9.76512E-03  9.78511E-03
#           9.80510E-03  9.82509E-03  9.84508E-03  9.86507E-03  9.88506E-03
#           9.90505E-03  9.92504E-03  9.94503E-03  9.96502E-03  9.98501E-03
#           1.00050E-02  1.00250E-02  1.00450E-02  1.00650E-02  1.00850E-02
#           1.01049E-02  1.01249E-02  1.01449E-02  1.01649E-02  1.01849E-02
#           1.02049E-02  1.02249E-02  1.02449E-02  1.02649E-02  1.02849E-02
#           1.03048E-02  1.03248E-02  1.03448E-02  1.03648E-02  1.03848E-02
#           1.04048E-02  1.04248E-02  1.04448E-02  1.04648E-02  1.04848E-02
#           1.05048E-02  1.05247E-02  1.05447E-02  1.05647E-02  1.05847E-02
#           1.06047E-02  1.06247E-02  1.06447E-02  1.06647E-02  1.06847E-02
#           1.07046E-02  1.07246E-02  1.07446E-02  1.07646E-02  1.07846E-02
#           1.08046E-02  1.08246E-02  1.08446E-02  1.08646E-02  1.08846E-02
#           1.09045E-02  1.09245E-02  1.09445E-02  1.09645E-02  1.09845E-02
#           1.10045E-02  1.10245E-02  1.10445E-02  1.10645E-02  1.10845E-02
#           1.11045E-02  1.11244E-02  1.11444E-02  1.11644E-02  1.11844E-02
#           1.12044E-02  1.12244E-02  1.12444E-02  1.12644E-02  1.12844E-02
#           1.13043E-02  1.13243E-02  1.13443E-02  1.13643E-02  1.13843E-02
#           1.14043E-02  1.14243E-02  1.14443E-02  1.14643E-02  1.14843E-02
#           1.15042E-02  1.15242E-02  1.15442E-02  1.15642E-02  1.15842E-02
#           1.16042E-02  1.16242E-02  1.16442E-02  1.16642E-02  1.16842E-02
#           1.17041E-02  1.17241E-02  1.17441E-02  1.17641E-02  1.17841E-02
#           1.18041E-02  1.18241E-02  1.18441E-02  1.18641E-02  1.18841E-02
#           1.19040E-02  1.19240E-02  1.19440E-02  1.19640E-02  1.19840E-02
#           1.20040E-02  1.20240E-02  1.20440E-02  1.20640E-02  1.20840E-02
#           1.21040E-02  1.21239E-02  1.21439E-02  1.21639E-02  1.21839E-02
#           1.22039E-02  1.22239E-02  1.22439E-02  1.22639E-02  1.22839E-02
#           1.23038E-02  1.23238E-02  1.23438E-02  1.23638E-02  1.23838E-02
#           1.24038E-02  1.24238E-02  1.24438E-02  1.24638E-02  1.24838E-02
#           1.25037E-02  1.25237E-02  1.25437E-02  1.25637E-02  1.25837E-02
#           1.26037E-02  1.26237E-02  1.26437E-02  1.26637E-02  1.26837E-02
#           1.27037E-02  1.27236E-02  1.27436E-02  1.27636E-02  1.27836E-02
#           1.28036E-02  1.28236E-02  1.28436E-02  1.28636E-02  1.28836E-02
#           1.29035E-02  1.29235E-02  1.29435E-02  1.29635E-02  1.29835E-02
#           1.30035E-02  1.30235E-02  1.30435E-02  1.30635E-02  1.30835E-02
#           1.31034E-02  1.31234E-02  1.31434E-02  1.31634E-02  1.31834E-02
#           1.32034E-02  1.32234E-02  1.32434E-02  1.32634E-02  1.32834E-02
#           1.33034E-02  1.33233E-02  1.33433E-02  1.33633E-02  1.33833E-02
#           1.34033E-02  1.34233E-02  1.34433E-02  1.34633E-02  1.34833E-02
#           1.35032E-02  1.35232E-02  1.35432E-02  1.35632E-02  1.35832E-02
#           1.36032E-02  1.36232E-02  1.36432E-02  1.36632E-02  1.36832E-02
#           1.37031E-02  1.37231E-02  1.37431E-02  1.37631E-02  1.37831E-02
#           1.38031E-02  1.38231E-02  1.38431E-02  1.38631E-02  1.38831E-02
#           1.39031E-02  1.39230E-02  1.39430E-02  1.39630E-02  1.39830E-02
#           1.40030E-02  1.40230E-02  1.40430E-02  1.40630E-02  1.40830E-02
#           1.41029E-02  1.41229E-02  1.41429E-02  1.41629E-02  1.41829E-02
#           1.42029E-02  1.42229E-02  1.42429E-02  1.42629E-02  1.42829E-02
#           1.43028E-02  1.43228E-02  1.43428E-02  1.43628E-02  1.43828E-02
#           1.44028E-02  1.44228E-02  1.44428E-02  1.44628E-02  1.44828E-02
#           1.45028E-02  1.45227E-02  1.45427E-02  1.45627E-02  1.45827E-02
#           1.46027E-02  1.46227E-02  1.46427E-02  1.46627E-02  1.46827E-02
#           1.47026E-02  1.47226E-02  1.47426E-02  1.47626E-02  1.47826E-02
#           1.48026E-02  1.48226E-02  1.48426E-02  1.48626E-02  1.48826E-02
#           1.49025E-02  1.49225E-02  1.49425E-02  1.49625E-02  1.49825E-02
#           1.50025E-02  1.50225E-02  1.50425E-02  1.50625E-02  1.50825E-02
#           1.51024E-02  1.51224E-02  1.51424E-02  1.51624E-02  1.51824E-02
#           1.52024E-02  1.52224E-02  1.52424E-02  1.52624E-02  1.52824E-02
#           1.53023E-02  1.53223E-02  1.53423E-02  1.53623E-02  1.53823E-02
#           1.54023E-02  1.54223E-02  1.54423E-02  1.54623E-02  1.54823E-02
#           1.55023E-02  1.55222E-02  1.55422E-02  1.55622E-02  1.55822E-02
#           1.56022E-02  1.56222E-02  1.56422E-02  1.56622E-02  1.56822E-02
#           1.57021E-02  1.57221E-02  1.57421E-02  1.57621E-02  1.57821E-02
#           1.58021E-02  1.58221E-02  1.58421E-02  1.58621E-02  1.58821E-02
#           1.59021E-02  1.59220E-02  1.59420E-02  1.59620E-02  1.59820E-02
#           1.60020E-02  1.60220E-02  1.60420E-02  1.60620E-02  1.60820E-02
#           1.61020E-02  1.61219E-02  1.61419E-02  1.61619E-02  1.61819E-02
#           1.62019E-02  1.62219E-02  1.62419E-02  1.62619E-02  1.62819E-02
#           1.63018E-02  1.63218E-02  1.63418E-02  1.63618E-02  1.63818E-02
#           1.64018E-02  1.64218E-02  1.64418E-02  1.64618E-02  1.64818E-02
#           1.65017E-02  1.65217E-02  1.65417E-02  1.65617E-02  1.65817E-02
#           1.66017E-02  1.66217E-02  1.66417E-02  1.66617E-02  1.66817E-02
#           1.67016E-02  1.67216E-02  1.67416E-02  1.67616E-02  1.67816E-02
#           1.68016E-02  1.68216E-02  1.68416E-02  1.68616E-02  1.68816E-02
#           1.69016E-02  1.69215E-02  1.69415E-02  1.69615E-02  1.69815E-02
#           1.70015E-02  1.70215E-02  1.70415E-02  1.70615E-02  1.70815E-02
#           1.71015E-02  1.71214E-02  1.71414E-02  1.71614E-02  1.71814E-02
#           1.72014E-02  1.72214E-02  1.72414E-02  1.72614E-02  1.72814E-02
#           1.73014E-02  1.73213E-02  1.73413E-02  1.73613E-02  1.73813E-02
#           1.74013E-02  1.74213E-02  1.74413E-02  1.74613E-02  1.74813E-02
#           1.75012E-02  1.75212E-02  1.75412E-02  1.75612E-02  1.75812E-02
#           1.76012E-02  1.76212E-02  1.76412E-02  1.76612E-02  1.76812E-02
#           1.77011E-02  1.77211E-02  1.77411E-02  1.77611E-02  1.77811E-02
#           1.78011E-02  1.78211E-02  1.78411E-02  1.78611E-02  1.78811E-02
#           1.79010E-02  1.79210E-02  1.79410E-02  1.79610E-02  1.79810E-02
#           1.80010E-02  1.80210E-02  1.80410E-02  1.80610E-02  1.80810E-02
#           1.81010E-02  1.81209E-02  1.81409E-02  1.81609E-02  1.81809E-02
#           1.82009E-02  1.82209E-02  1.82409E-02  1.82609E-02  1.82809E-02
#           1.83009E-02  1.83208E-02  1.83408E-02  1.83608E-02  1.83808E-02
#           1.84008E-02  1.84208E-02  1.84408E-02  1.84608E-02  1.84808E-02
#           1.85007E-02  1.85207E-02  1.85407E-02  1.85607E-02  1.85807E-02
#           1.86007E-02  1.86207E-02  1.86407E-02  1.86607E-02  1.86807E-02
#           1.87006E-02  1.87206E-02  1.87406E-02  1.87606E-02  1.87806E-02
#           1.88006E-02  1.88206E-02  1.88406E-02  1.88606E-02  1.88806E-02
#           1.89005E-02  1.89205E-02  1.89405E-02  1.89605E-02  1.89805E-02
#           1.90005E-02  1.90205E-02  1.90405E-02  1.90605E-02  1.90805E-02
#           1.91004E-02  1.91204E-02  1.91404E-02  1.91604E-02  1.91804E-02
#           1.92004E-02  1.92204E-02  1.92404E-02  1.92604E-02  1.92804E-02
#           1.93004E-02  1.93203E-02  1.93403E-02  1.93603E-02  1.93803E-02
#           1.94003E-02  1.94203E-02  1.94403E-02  1.94603E-02  1.94803E-02
#           1.95003E-02  1.95202E-02  1.95402E-02  1.95602E-02  1.95802E-02
#           1.96002E-02  1.96202E-02  1.96402E-02  1.96602E-02  1.96802E-02
#           1.97001E-02  1.97201E-02  1.97401E-02  1.97601E-02  1.97801E-02
#           1.98001E-02  1.98201E-02  1.98401E-02  1.98601E-02  1.98801E-02
#           1.99000E-02  1.99200E-02  1.99400E-02  1.99600E-02  1.99800E-02
#           2.00000E-02
     unit =    2            # unit is [1/cm^2/MeV/source]
     axis =  eng            # axis of output
     file = corriente.output  # file name of output for the above axis
   output = current         # surface crossing current spectrum
     part =  neutron  
# kf/name :  2112     
    gshow =    3            # 0: no 1:bnd, 2:bnd+mat, 3:bnd+reg 4:bnd+lat 5:bmp style
    resol =    1            # (D=1) resolution of gshow
    width = 0.5000000       # (D=0.5) width of lines for gshow
   epsout =    2            # (D=0) generate eps file by ANGEL
#    used :        main (  %)        temp (  %)       total (  %)
#  memory :        1042 (  0)           0 (  0)        1042 (  0)

#------------------------------------------------------------------------------
#newpage:
#   no. =    1   reg = 101 - 102

x: Energy [MeV]
y: Current [1/cm^2/MeV/source]             
p: xlin ylog afac(0.8) form(0.9)
h: n            x            y1(neutron ),hh0l   ny2 dy1=[y1*y2] 
#  e-lower      e-upper      neutron     r.err 
   1.0000E-05   2.9990E-05   0.0000E+00  0.0000
   2.9990E-05   4.9980E-05   0.0000E+00  0.0000
   4.9980E-05   6.9970E-05   0.0000E+00  0.0000
   6.9970E-05   8.9960E-05   0.0000E+00  0.0000
   8.9960E-05   1.0995E-04   0.0000E+00  0.0000
   1.0995E-04   1.2994E-04   0.0000E+00  0.0000
   1.2994E-04   1.4993E-04   0.0000E+00  0.0000
   1.4993E-04   1.6992E-04   0.0000E+00  0.0000
   1.6992E-04   1.8991E-04   0.0000E+00  0.0000
   1.8991E-04   2.0990E-04   0.0000E+00  0.0000
   2.0990E-04   2.2989E-04   0.0000E+00  0.0000
   2.2989E-04   2.4988E-04   0.0000E+00  0.0000
   2.4988E-04   2.6987E-04   0.0000E+00  0.0000
   2.6987E-04   2.8986E-04   0.0000E+00  0.0000
   2.8986E-04   3.0985E-04   0.0000E+00  0.0000
   3.0985E-04   3.2984E-04   0.0000E+00  0.0000
   3.2984E-04   3.4983E-04   0.0000E+00  0.0000
   3.4983E-04   3.6982E-04   0.0000E+00  0.0000
   3.6982E-04   3.8981E-04   0.0000E+00  0.0000
   3.8981E-04   4.0980E-04   0.0000E+00  0.0000
   4.0980E-04   4.2979E-04   0.0000E+00  0.0000
   4.2979E-04   4.4978E-04   0.0000E+00  0.0000
   4.4978E-04   4.6977E-04   0.0000E+00  0.0000
   4.6977E-04   4.8976E-04   0.0000E+00  0.0000
   4.8976E-04   5.0975E-04   0.0000E+00  0.0000
   5.0975E-04   5.2974E-04   0.0000E+00  0.0000
   5.2974E-04   5.4973E-04   0.0000E+00  0.0000
   5.4973E-04   5.6972E-04   0.0000E+00  0.0000
   5.6972E-04   5.8971E-04   0.0000E+00  0.0000
   5.8971E-04   6.0970E-04   0.0000E+00  0.0000
   6.0970E-04   6.2969E-04   0.0000E+00  0.0000
   6.2969E-04   6.4968E-04   0.0000E+00  0.0000
   6.4968E-04   6.6967E-04   0.0000E+00  0.0000
   6.6967E-04   6.8966E-04   0.0000E+00  0.0000
   6.8966E-04   7.0965E-04   0.0000E+00  0.0000
   7.0965E-04   7.2964E-04   0.0000E+00  0.0000
   7.2964E-04   7.4963E-04   0.0000E+00  0.0000
   7.4963E-04   7.6962E-04   0.0000E+00  0.0000
   7.6962E-04   7.8961E-04   0.0000E+00  0.0000
   7.8961E-04   8.0960E-04   0.0000E+00  0.0000
   8.0960E-04   8.2959E-04   0.0000E+00  0.0000
   8.2959E-04   8.4958E-04   0.0000E+00  0.0000
   8.4958E-04   8.6957E-04   0.0000E+00  0.0000
   8.6957E-04   8.8956E-04   0.0000E+00  0.0000
   8.8956E-04   9.0955E-04   0.0000E+00  0.0000
   9.0955E-04   9.2954E-04   0.0000E+00  0.0000
   9.2954E-04   9.4953E-04   0.0000E+00  0.0000
   9.4953E-04   9.6952E-04   0.0000E+00  0.0000
   9.6952E-04   9.8951E-04   0.0000E+00  0.0000
   9.8951E-04   1.0095E-03   0.0000E+00  0.0000
   1.0095E-03   1.0295E-03   0.0000E+00  0.0000
   1.0295E-03   1.0495E-03   0.0000E+00  0.0000
   1.0495E-03   1.0695E-03   0.0000E+00  0.0000
   1.0695E-03   1.0895E-03   0.0000E+00  0.0000
   1.0895E-03   1.1095E-03   0.0000E+00  0.0000
   1.1095E-03   1.1294E-03   0.0000E+00  0.0000
   1.1294E-03   1.1494E-03   0.0000E+00  0.0000
   1.1494E-03   1.1694E-03   0.0000E+00  0.0000
   1.1694E-03   1.1894E-03   0.0000E+00  0.0000
   1.1894E-03   1.2094E-03   0.0000E+00  0.0000
   1.2094E-03   1.2294E-03   0.0000E+00  0.0000
   1.2294E-03   1.2494E-03   0.0000E+00  0.0000
   1.2494E-03   1.2694E-03   0.0000E+00  0.0000
   1.2694E-03   1.2894E-03   0.0000E+00  0.0000
   1.2894E-03   1.3093E-03   0.0000E+00  0.0000
   1.3093E-03   1.3293E-03   0.0000E+00  0.0000
   1.3293E-03   1.3493E-03   0.0000E+00  0.0000
   1.3493E-03   1.3693E-03   0.0000E+00  0.0000
   1.3693E-03   1.3893E-03   0.0000E+00  0.0000
   1.3893E-03   1.4093E-03   0.0000E+00  0.0000
   1.4093E-03   1.4293E-03   0.0000E+00  0.0000
   1.4293E-03   1.4493E-03   0.0000E+00  0.0000
   1.4493E-03   1.4693E-03   0.0000E+00  0.0000
   1.4693E-03   1.4893E-03   0.0000E+00  0.0000
   1.4893E-03   1.5092E-03   0.0000E+00  0.0000
   1.5092E-03   1.5292E-03   0.0000E+00  0.0000
   1.5292E-03   1.5492E-03   0.0000E+00  0.0000
   1.5492E-03   1.5692E-03   0.0000E+00  0.0000
   1.5692E-03   1.5892E-03   0.0000E+00  0.0000
   1.5892E-03   1.6092E-03   0.0000E+00  0.0000
   1.6092E-03   1.6292E-03   0.0000E+00  0.0000
   1.6292E-03   1.6492E-03   0.0000E+00  0.0000
   1.6492E-03   1.6692E-03   0.0000E+00  0.0000
   1.6692E-03   1.6892E-03   0.0000E+00  0.0000
   1.6892E-03   1.7091E-03   0.0000E+00  0.0000
   1.7091E-03   1.7291E-03   0.0000E+00  0.0000
   1.7291E-03   1.7491E-03   0.0000E+00  0.0000
   1.7491E-03   1.7691E-03   0.0000E+00  0.0000
   1.7691E-03   1.7891E-03   0.0000E+00  0.0000
   1.7891E-03   1.8091E-03   0.0000E+00  0.0000
   1.8091E-03   1.8291E-03   0.0000E+00  0.0000
   1.8291E-03   1.8491E-03   0.0000E+00  0.0000
   1.8491E-03   1.8691E-03   0.0000E+00  0.0000
   1.8691E-03   1.8891E-03   0.0000E+00  0.0000
   1.8891E-03   1.9091E-03   0.0000E+00  0.0000
   1.9091E-03   1.9290E-03   0.0000E+00  0.0000
   1.9290E-03   1.9490E-03   0.0000E+00  0.0000
   1.9490E-03   1.9690E-03   0.0000E+00  0.0000
   1.9690E-03   1.9890E-03   0.0000E+00  0.0000
   1.9890E-03   2.0090E-03   0.0000E+00  0.0000
   2.0090E-03   2.0290E-03   0.0000E+00  0.0000
   2.0290E-03   2.0490E-03   0.0000E+00  0.0000
   2.0490E-03   2.0690E-03   0.0000E+00  0.0000
   2.0690E-03   2.0890E-03   0.0000E+00  0.0000
   2.0890E-03   2.1090E-03   0.0000E+00  0.0000
   2.1090E-03   2.1289E-03   0.0000E+00  0.0000
   2.1289E-03   2.1489E-03   0.0000E+00  0.0000
   2.1489E-03   2.1689E-03   0.0000E+00  0.0000
   2.1689E-03   2.1889E-03   0.0000E+00  0.0000
   2.1889E-03   2.2089E-03   0.0000E+00  0.0000
   2.2089E-03   2.2289E-03   0.0000E+00  0.0000
   2.2289E-03   2.2489E-03   0.0000E+00  0.0000
   2.2489E-03   2.2689E-03   0.0000E+00  0.0000
   2.2689E-03   2.2889E-03   0.0000E+00  0.0000
   2.2889E-03   2.3088E-03   0.0000E+00  0.0000
   2.3088E-03   2.3288E-03   0.0000E+00  0.0000
   2.3288E-03   2.3488E-03   0.0000E+00  0.0000
   2.3488E-03   2.3688E-03   0.0000E+00  0.0000
   2.3688E-03   2.3888E-03   0.0000E+00  0.0000
   2.3888E-03   2.4088E-03   0.0000E+00  0.0000
   2.4088E-03   2.4288E-03   0.0000E+00  0.0000
   2.4288E-03   2.4488E-03   0.0000E+00  0.0000
   2.4488E-03   2.4688E-03   0.0000E+00  0.0000
   2.4688E-03   2.4888E-03   0.0000E+00  0.0000
   2.4888E-03   2.5088E-03   0.0000E+00  0.0000
   2.5088E-03   2.5287E-03   0.0000E+00  0.0000
   2.5287E-03   2.5487E-03   0.0000E+00  0.0000
   2.5487E-03   2.5687E-03   0.0000E+00  0.0000
   2.5687E-03   2.5887E-03   0.0000E+00  0.0000
   2.5887E-03   2.6087E-03   0.0000E+00  0.0000
   2.6087E-03   2.6287E-03   0.0000E+00  0.0000
   2.6287E-03   2.6487E-03   0.0000E+00  0.0000
   2.6487E-03   2.6687E-03   0.0000E+00  0.0000
   2.6687E-03   2.6887E-03   0.0000E+00  0.0000
   2.6887E-03   2.7086E-03   0.0000E+00  0.0000
   2.7086E-03   2.7286E-03   0.0000E+00  0.0000
   2.7286E-03   2.7486E-03   0.0000E+00  0.0000
   2.7486E-03   2.7686E-03   0.0000E+00  0.0000
   2.7686E-03   2.7886E-03   0.0000E+00  0.0000
   2.7886E-03   2.8086E-03   0.0000E+00  0.0000
   2.8086E-03   2.8286E-03   0.0000E+00  0.0000
   2.8286E-03   2.8486E-03   0.0000E+00  0.0000
   2.8486E-03   2.8686E-03   0.0000E+00  0.0000
   2.8686E-03   2.8886E-03   0.0000E+00  0.0000
   2.8886E-03   2.9086E-03   0.0000E+00  0.0000
   2.9086E-03   2.9285E-03   0.0000E+00  0.0000
   2.9285E-03   2.9485E-03   0.0000E+00  0.0000
   2.9485E-03   2.9685E-03   0.0000E+00  0.0000
   2.9685E-03   2.9885E-03   0.0000E+00  0.0000
   2.9885E-03   3.0085E-03   0.0000E+00  0.0000
   3.0085E-03   3.0285E-03   0.0000E+00  0.0000
   3.0285E-03   3.0485E-03   0.0000E+00  0.0000
   3.0485E-03   3.0685E-03   0.0000E+00  0.0000
   3.0685E-03   3.0885E-03   0.0000E+00  0.0000
   3.0885E-03   3.1085E-03   0.0000E+00  0.0000
   3.1085E-03   3.1284E-03   0.0000E+00  0.0000
   3.1284E-03   3.1484E-03   0.0000E+00  0.0000
   3.1484E-03   3.1684E-03   0.0000E+00  0.0000
   3.1684E-03   3.1884E-03   0.0000E+00  0.0000
   3.1884E-03   3.2084E-03   0.0000E+00  0.0000
   3.2084E-03   3.2284E-03   0.0000E+00  0.0000
   3.2284E-03   3.2484E-03   0.0000E+00  0.0000
   3.2484E-03   3.2684E-03   0.0000E+00  0.0000
   3.2684E-03   3.2884E-03   0.0000E+00  0.0000
   3.2884E-03   3.3083E-03   0.0000E+00  0.0000
   3.3083E-03   3.3283E-03   0.0000E+00  0.0000
   3.3283E-03   3.3483E-03   0.0000E+00  0.0000
   3.3483E-03   3.3683E-03   0.0000E+00  0.0000
   3.3683E-03   3.3883E-03   0.0000E+00  0.0000
   3.3883E-03   3.4083E-03   0.0000E+00  0.0000
   3.4083E-03   3.4283E-03   0.0000E+00  0.0000
   3.4283E-03   3.4483E-03   0.0000E+00  0.0000
   3.4483E-03   3.4683E-03   0.0000E+00  0.0000
   3.4683E-03   3.4883E-03   0.0000E+00  0.0000
   3.4883E-03   3.5083E-03   0.0000E+00  0.0000
   3.5083E-03   3.5282E-03   0.0000E+00  0.0000
   3.5282E-03   3.5482E-03   0.0000E+00  0.0000
   3.5482E-03   3.5682E-03   0.0000E+00  0.0000
   3.5682E-03   3.5882E-03   0.0000E+00  0.0000
   3.5882E-03   3.6082E-03   0.0000E+00  0.0000
   3.6082E-03   3.6282E-03   0.0000E+00  0.0000
   3.6282E-03   3.6482E-03   0.0000E+00  0.0000
   3.6482E-03   3.6682E-03   0.0000E+00  0.0000
   3.6682E-03   3.6882E-03   0.0000E+00  0.0000
   3.6882E-03   3.7081E-03   0.0000E+00  0.0000
   3.7081E-03   3.7281E-03   0.0000E+00  0.0000
   3.7281E-03   3.7481E-03   0.0000E+00  0.0000
   3.7481E-03   3.7681E-03   0.0000E+00  0.0000
   3.7681E-03   3.7881E-03   0.0000E+00  0.0000
   3.7881E-03   3.8081E-03   0.0000E+00  0.0000
   3.8081E-03   3.8281E-03   0.0000E+00  0.0000
   3.8281E-03   3.8481E-03   0.0000E+00  0.0000
   3.8481E-03   3.8681E-03   0.0000E+00  0.0000
   3.8681E-03   3.8881E-03   0.0000E+00  0.0000
   3.8881E-03   3.9080E-03   0.0000E+00  0.0000
   3.9080E-03   3.9280E-03   0.0000E+00  0.0000
   3.9280E-03   3.9480E-03   0.0000E+00  0.0000
   3.9480E-03   3.9680E-03   0.0000E+00  0.0000
   3.9680E-03   3.9880E-03   0.0000E+00  0.0000
   3.9880E-03   4.0080E-03   0.0000E+00  0.0000
   4.0080E-03   4.0280E-03   0.0000E+00  0.0000
   4.0280E-03   4.0480E-03   0.0000E+00  0.0000
   4.0480E-03   4.0680E-03   0.0000E+00  0.0000
   4.0680E-03   4.0880E-03   0.0000E+00  0.0000
   4.0880E-03   4.1079E-03   0.0000E+00  0.0000
   4.1079E-03   4.1279E-03   0.0000E+00  0.0000
   4.1279E-03   4.1479E-03   0.0000E+00  0.0000
   4.1479E-03   4.1679E-03   0.0000E+00  0.0000
   4.1679E-03   4.1879E-03   0.0000E+00  0.0000
   4.1879E-03   4.2079E-03   0.0000E+00  0.0000
   4.2079E-03   4.2279E-03   0.0000E+00  0.0000
   4.2279E-03   4.2479E-03   0.0000E+00  0.0000
   4.2479E-03   4.2679E-03   0.0000E+00  0.0000
   4.2679E-03   4.2879E-03   0.0000E+00  0.0000
   4.2879E-03   4.3078E-03   0.0000E+00  0.0000
   4.3078E-03   4.3278E-03   0.0000E+00  0.0000
   4.3278E-03   4.3478E-03   0.0000E+00  0.0000
   4.3478E-03   4.3678E-03   0.0000E+00  0.0000
   4.3678E-03   4.3878E-03   0.0000E+00  0.0000
   4.3878E-03   4.4078E-03   0.0000E+00  0.0000
   4.4078E-03   4.4278E-03   0.0000E+00  0.0000
   4.4278E-03   4.4478E-03   0.0000E+00  0.0000
   4.4478E-03   4.4678E-03   0.0000E+00  0.0000
   4.4678E-03   4.4878E-03   0.0000E+00  0.0000
   4.4878E-03   4.5077E-03   0.0000E+00  0.0000
   4.5077E-03   4.5277E-03   0.0000E+00  0.0000
   4.5277E-03   4.5477E-03   0.0000E+00  0.0000
   4.5477E-03   4.5677E-03   0.0000E+00  0.0000
   4.5677E-03   4.5877E-03   0.0000E+00  0.0000
   4.5877E-03   4.6077E-03   0.0000E+00  0.0000
   4.6077E-03   4.6277E-03   0.0000E+00  0.0000
   4.6277E-03   4.6477E-03   0.0000E+00  0.0000
   4.6477E-03   4.6677E-03   0.0000E+00  0.0000
   4.6677E-03   4.6877E-03   0.0000E+00  0.0000
   4.6877E-03   4.7076E-03   0.0000E+00  0.0000
   4.7076E-03   4.7276E-03   0.0000E+00  0.0000
   4.7276E-03   4.7476E-03   0.0000E+00  0.0000
   4.7476E-03   4.7676E-03   0.0000E+00  0.0000
   4.7676E-03   4.7876E-03   0.0000E+00  0.0000
   4.7876E-03   4.8076E-03   0.0000E+00  0.0000
   4.8076E-03   4.8276E-03   0.0000E+00  0.0000
   4.8276E-03   4.8476E-03   0.0000E+00  0.0000
   4.8476E-03   4.8676E-03   0.0000E+00  0.0000
   4.8676E-03   4.8876E-03   0.0000E+00  0.0000
   4.8876E-03   4.9075E-03   0.0000E+00  0.0000
   4.9075E-03   4.9275E-03   0.0000E+00  0.0000
   4.9275E-03   4.9475E-03   0.0000E+00  0.0000
   4.9475E-03   4.9675E-03   0.0000E+00  0.0000
   4.9675E-03   4.9875E-03   0.0000E+00  0.0000
   4.9875E-03   5.0075E-03   0.0000E+00  0.0000
   5.0075E-03   5.0275E-03   0.0000E+00  0.0000
   5.0275E-03   5.0475E-03   0.0000E+00  0.0000
   5.0475E-03   5.0675E-03   0.0000E+00  0.0000
   5.0675E-03   5.0875E-03   0.0000E+00  0.0000
   5.0875E-03   5.1074E-03   0.0000E+00  0.0000
   5.1074E-03   5.1274E-03   0.0000E+00  0.0000
   5.1274E-03   5.1474E-03   0.0000E+00  0.0000
   5.1474E-03   5.1674E-03   0.0000E+00  0.0000
   5.1674E-03   5.1874E-03   0.0000E+00  0.0000
   5.1874E-03   5.2074E-03   0.0000E+00  0.0000
   5.2074E-03   5.2274E-03   0.0000E+00  0.0000
   5.2274E-03   5.2474E-03   0.0000E+00  0.0000
   5.2474E-03   5.2674E-03   0.0000E+00  0.0000
   5.2674E-03   5.2874E-03   0.0000E+00  0.0000
   5.2874E-03   5.3073E-03   0.0000E+00  0.0000
   5.3073E-03   5.3273E-03   0.0000E+00  0.0000
   5.3273E-03   5.3473E-03   0.0000E+00  0.0000
   5.3473E-03   5.3673E-03   0.0000E+00  0.0000
   5.3673E-03   5.3873E-03   0.0000E+00  0.0000
   5.3873E-03   5.4073E-03   0.0000E+00  0.0000
   5.4073E-03   5.4273E-03   0.0000E+00  0.0000
   5.4273E-03   5.4473E-03   0.0000E+00  0.0000
   5.4473E-03   5.4673E-03   0.0000E+00  0.0000
   5.4673E-03   5.4873E-03   0.0000E+00  0.0000
   5.4873E-03   5.5072E-03   0.0000E+00  0.0000
   5.5072E-03   5.5272E-03   0.0000E+00  0.0000
   5.5272E-03   5.5472E-03   0.0000E+00  0.0000
   5.5472E-03   5.5672E-03   0.0000E+00  0.0000
   5.5672E-03   5.5872E-03   0.0000E+00  0.0000
   5.5872E-03   5.6072E-03   0.0000E+00  0.0000
   5.6072E-03   5.6272E-03   0.0000E+00  0.0000
   5.6272E-03   5.6472E-03   0.0000E+00  0.0000
   5.6472E-03   5.6672E-03   0.0000E+00  0.0000
   5.6672E-03   5.6872E-03   0.0000E+00  0.0000
   5.6872E-03   5.7071E-03   0.0000E+00  0.0000
   5.7071E-03   5.7271E-03   0.0000E+00  0.0000
   5.7271E-03   5.7471E-03   0.0000E+00  0.0000
   5.7471E-03   5.7671E-03   0.0000E+00  0.0000
   5.7671E-03   5.7871E-03   0.0000E+00  0.0000
   5.7871E-03   5.8071E-03   0.0000E+00  0.0000
   5.8071E-03   5.8271E-03   0.0000E+00  0.0000
   5.8271E-03   5.8471E-03   0.0000E+00  0.0000
   5.8471E-03   5.8671E-03   0.0000E+00  0.0000
   5.8671E-03   5.8871E-03   0.0000E+00  0.0000
   5.8871E-03   5.9070E-03   0.0000E+00  0.0000
   5.9070E-03   5.9270E-03   0.0000E+00  0.0000
   5.9270E-03   5.9470E-03   0.0000E+00  0.0000
   5.9470E-03   5.9670E-03   0.0000E+00  0.0000
   5.9670E-03   5.9870E-03   0.0000E+00  0.0000
   5.9870E-03   6.0070E-03   0.0000E+00  0.0000
   6.0070E-03   6.0270E-03   0.0000E+00  0.0000
   6.0270E-03   6.0470E-03   0.0000E+00  0.0000
   6.0470E-03   6.0670E-03   0.0000E+00  0.0000
   6.0670E-03   6.0870E-03   0.0000E+00  0.0000
   6.0870E-03   6.1069E-03   0.0000E+00  0.0000
   6.1069E-03   6.1269E-03   0.0000E+00  0.0000
   6.1269E-03   6.1469E-03   0.0000E+00  0.0000
   6.1469E-03   6.1669E-03   0.0000E+00  0.0000
   6.1669E-03   6.1869E-03   0.0000E+00  0.0000
   6.1869E-03   6.2069E-03   0.0000E+00  0.0000
   6.2069E-03   6.2269E-03   0.0000E+00  0.0000
   6.2269E-03   6.2469E-03   0.0000E+00  0.0000
   6.2469E-03   6.2669E-03   0.0000E+00  0.0000
   6.2669E-03   6.2869E-03   0.0000E+00  0.0000
   6.2869E-03   6.3068E-03   0.0000E+00  0.0000
   6.3068E-03   6.3268E-03   0.0000E+00  0.0000
   6.3268E-03   6.3468E-03   0.0000E+00  0.0000
   6.3468E-03   6.3668E-03   0.0000E+00  0.0000
   6.3668E-03   6.3868E-03   0.0000E+00  0.0000
   6.3868E-03   6.4068E-03   0.0000E+00  0.0000
   6.4068E-03   6.4268E-03   0.0000E+00  0.0000
   6.4268E-03   6.4468E-03   0.0000E+00  0.0000
   6.4468E-03   6.4668E-03   0.0000E+00  0.0000
   6.4668E-03   6.4868E-03   0.0000E+00  0.0000
   6.4868E-03   6.5067E-03   0.0000E+00  0.0000
   6.5067E-03   6.5267E-03   0.0000E+00  0.0000
   6.5267E-03   6.5467E-03   0.0000E+00  0.0000
   6.5467E-03   6.5667E-03   0.0000E+00  0.0000
   6.5667E-03   6.5867E-03   0.0000E+00  0.0000
   6.5867E-03   6.6067E-03   0.0000E+00  0.0000
   6.6067E-03   6.6267E-03   0.0000E+00  0.0000
   6.6267E-03   6.6467E-03   0.0000E+00  0.0000
   6.6467E-03   6.6667E-03   0.0000E+00  0.0000
   6.6667E-03   6.6867E-03   0.0000E+00  0.0000
   6.6867E-03   6.7066E-03   0.0000E+00  0.0000
   6.7066E-03   6.7266E-03   0.0000E+00  0.0000
   6.7266E-03   6.7466E-03   0.0000E+00  0.0000
   6.7466E-03   6.7666E-03   0.0000E+00  0.0000
   6.7666E-03   6.7866E-03   0.0000E+00  0.0000
   6.7866E-03   6.8066E-03   0.0000E+00  0.0000
   6.8066E-03   6.8266E-03   0.0000E+00  0.0000
   6.8266E-03   6.8466E-03   0.0000E+00  0.0000
   6.8466E-03   6.8666E-03   0.0000E+00  0.0000
   6.8666E-03   6.8866E-03   0.0000E+00  0.0000
   6.8866E-03   6.9066E-03   0.0000E+00  0.0000
   6.9066E-03   6.9265E-03   0.0000E+00  0.0000
   6.9265E-03   6.9465E-03   0.0000E+00  0.0000
   6.9465E-03   6.9665E-03   0.0000E+00  0.0000
   6.9665E-03   6.9865E-03   0.0000E+00  0.0000
   6.9865E-03   7.0065E-03   0.0000E+00  0.0000
   7.0065E-03   7.0265E-03   0.0000E+00  0.0000
   7.0265E-03   7.0465E-03   0.0000E+00  0.0000
   7.0465E-03   7.0665E-03   0.0000E+00  0.0000
   7.0665E-03   7.0865E-03   0.0000E+00  0.0000
   7.0865E-03   7.1064E-03   0.0000E+00  0.0000
   7.1064E-03   7.1264E-03   0.0000E+00  0.0000
   7.1264E-03   7.1464E-03   0.0000E+00  0.0000
   7.1464E-03   7.1664E-03   0.0000E+00  0.0000
   7.1664E-03   7.1864E-03   0.0000E+00  0.0000
   7.1864E-03   7.2064E-03   0.0000E+00  0.0000
   7.2064E-03   7.2264E-03   0.0000E+00  0.0000
   7.2264E-03   7.2464E-03   0.0000E+00  0.0000
   7.2464E-03   7.2664E-03   0.0000E+00  0.0000
   7.2664E-03   7.2864E-03   0.0000E+00  0.0000
   7.2864E-03   7.3063E-03   0.0000E+00  0.0000
   7.3063E-03   7.3263E-03   0.0000E+00  0.0000
   7.3263E-03   7.3463E-03   0.0000E+00  0.0000
   7.3463E-03   7.3663E-03   0.0000E+00  0.0000
   7.3663E-03   7.3863E-03   0.0000E+00  0.0000
   7.3863E-03   7.4063E-03   0.0000E+00  0.0000
   7.4063E-03   7.4263E-03   0.0000E+00  0.0000
   7.4263E-03   7.4463E-03   0.0000E+00  0.0000
   7.4463E-03   7.4663E-03   0.0000E+00  0.0000
   7.4663E-03   7.4863E-03   0.0000E+00  0.0000
   7.4863E-03   7.5062E-03   0.0000E+00  0.0000
   7.5062E-03   7.5262E-03   0.0000E+00  0.0000
   7.5262E-03   7.5462E-03   0.0000E+00  0.0000
   7.5462E-03   7.5662E-03   0.0000E+00  0.0000
   7.5662E-03   7.5862E-03   0.0000E+00  0.0000
   7.5862E-03   7.6062E-03   0.0000E+00  0.0000
   7.6062E-03   7.6262E-03   0.0000E+00  0.0000
   7.6262E-03   7.6462E-03   0.0000E+00  0.0000
   7.6462E-03   7.6662E-03   0.0000E+00  0.0000
   7.6662E-03   7.6862E-03   0.0000E+00  0.0000
   7.6862E-03   7.7061E-03   0.0000E+00  0.0000
   7.7061E-03   7.7261E-03   0.0000E+00  0.0000
   7.7261E-03   7.7461E-03   0.0000E+00  0.0000
   7.7461E-03   7.7661E-03   0.0000E+00  0.0000
   7.7661E-03   7.7861E-03   0.0000E+00  0.0000
   7.7861E-03   7.8061E-03   0.0000E+00  0.0000
   7.8061E-03   7.8261E-03   0.0000E+00  0.0000
   7.8261E-03   7.8461E-03   0.0000E+00  0.0000
   7.8461E-03   7.8661E-03   0.0000E+00  0.0000
   7.8661E-03   7.8861E-03   0.0000E+00  0.0000
   7.8861E-03   7.9060E-03   0.0000E+00  0.0000
   7.9060E-03   7.9260E-03   0.0000E+00  0.0000
   7.9260E-03   7.9460E-03   0.0000E+00  0.0000
   7.9460E-03   7.9660E-03   0.0000E+00  0.0000
   7.9660E-03   7.9860E-03   0.0000E+00  0.0000
   7.9860E-03   8.0060E-03   0.0000E+00  0.0000
   8.0060E-03   8.0260E-03   0.0000E+00  0.0000
   8.0260E-03   8.0460E-03   0.0000E+00  0.0000
   8.0460E-03   8.0660E-03   0.0000E+00  0.0000
   8.0660E-03   8.0860E-03   0.0000E+00  0.0000
   8.0860E-03   8.1059E-03   0.0000E+00  0.0000
   8.1059E-03   8.1259E-03   0.0000E+00  0.0000
   8.1259E-03   8.1459E-03   0.0000E+00  0.0000
   8.1459E-03   8.1659E-03   0.0000E+00  0.0000
   8.1659E-03   8.1859E-03   0.0000E+00  0.0000
   8.1859E-03   8.2059E-03   0.0000E+00  0.0000
   8.2059E-03   8.2259E-03   0.0000E+00  0.0000
   8.2259E-03   8.2459E-03   0.0000E+00  0.0000
   8.2459E-03   8.2659E-03   0.0000E+00  0.0000
   8.2659E-03   8.2859E-03   0.0000E+00  0.0000
   8.2859E-03   8.3059E-03   0.0000E+00  0.0000
   8.3059E-03   8.3258E-03   0.0000E+00  0.0000
   8.3258E-03   8.3458E-03   0.0000E+00  0.0000
   8.3458E-03   8.3658E-03   0.0000E+00  0.0000
   8.3658E-03   8.3858E-03   0.0000E+00  0.0000
   8.3858E-03   8.4058E-03   0.0000E+00  0.0000
   8.4058E-03   8.4258E-03   0.0000E+00  0.0000
   8.4258E-03   8.4458E-03   0.0000E+00  0.0000
   8.4458E-03   8.4658E-03   0.0000E+00  0.0000
   8.4658E-03   8.4858E-03   0.0000E+00  0.0000
   8.4858E-03   8.5057E-03   0.0000E+00  0.0000
   8.5057E-03   8.5257E-03   0.0000E+00  0.0000
   8.5257E-03   8.5457E-03   0.0000E+00  0.0000
   8.5457E-03   8.5657E-03   0.0000E+00  0.0000
   8.5657E-03   8.5857E-03   0.0000E+00  0.0000
   8.5857E-03   8.6057E-03   0.0000E+00  0.0000
   8.6057E-03   8.6257E-03   0.0000E+00  0.0000
   8.6257E-03   8.6457E-03   0.0000E+00  0.0000
   8.6457E-03   8.6657E-03   0.0000E+00  0.0000
   8.6657E-03   8.6857E-03   0.0000E+00  0.0000
   8.6857E-03   8.7056E-03   0.0000E+00  0.0000
   8.7056E-03   8.7256E-03   0.0000E+00  0.0000
   8.7256E-03   8.7456E-03   0.0000E+00  0.0000
   8.7456E-03   8.7656E-03   0.0000E+00  0.0000
   8.7656E-03   8.7856E-03   0.0000E+00  0.0000
   8.7856E-03   8.8056E-03   0.0000E+00  0.0000
   8.8056E-03   8.8256E-03   0.0000E+00  0.0000
   8.8256E-03   8.8456E-03   0.0000E+00  0.0000
   8.8456E-03   8.8656E-03   0.0000E+00  0.0000
   8.8656E-03   8.8856E-03   0.0000E+00  0.0000
   8.8856E-03   8.9055E-03   0.0000E+00  0.0000
   8.9055E-03   8.9255E-03   0.0000E+00  0.0000
   8.9255E-03   8.9455E-03   0.0000E+00  0.0000
   8.9455E-03   8.9655E-03   0.0000E+00  0.0000
   8.9655E-03   8.9855E-03   0.0000E+00  0.0000
   8.9855E-03   9.0055E-03   0.0000E+00  0.0000
   9.0055E-03   9.0255E-03   0.0000E+00  0.0000
   9.0255E-03   9.0455E-03   0.0000E+00  0.0000
   9.0455E-03   9.0655E-03   0.0000E+00  0.0000
   9.0655E-03   9.0855E-03   0.0000E+00  0.0000
   9.0855E-03   9.1054E-03   0.0000E+00  0.0000
   9.1054E-03   9.1254E-03   0.0000E+00  0.0000
   9.1254E-03   9.1454E-03   0.0000E+00  0.0000
   9.1454E-03   9.1654E-03   0.0000E+00  0.0000
   9.1654E-03   9.1854E-03   0.0000E+00  0.0000
   9.1854E-03   9.2054E-03   0.0000E+00  0.0000
   9.2054E-03   9.2254E-03   0.0000E+00  0.0000
   9.2254E-03   9.2454E-03   0.0000E+00  0.0000
   9.2454E-03   9.2654E-03   0.0000E+00  0.0000
   9.2654E-03   9.2854E-03   0.0000E+00  0.0000
   9.2854E-03   9.3054E-03   0.0000E+00  0.0000
   9.3054E-03   9.3253E-03   0.0000E+00  0.0000
   9.3253E-03   9.3453E-03   0.0000E+00  0.0000
   9.3453E-03   9.3653E-03   0.0000E+00  0.0000
   9.3653E-03   9.3853E-03   0.0000E+00  0.0000
   9.3853E-03   9.4053E-03   0.0000E+00  0.0000
   9.4053E-03   9.4253E-03   0.0000E+00  0.0000
   9.4253E-03   9.4453E-03   0.0000E+00  0.0000
   9.4453E-03   9.4653E-03   0.0000E+00  0.0000
   9.4653E-03   9.4853E-03   0.0000E+00  0.0000
   9.4853E-03   9.5052E-03   0.0000E+00  0.0000
   9.5052E-03   9.5252E-03   0.0000E+00  0.0000
   9.5252E-03   9.5452E-03   0.0000E+00  0.0000
   9.5452E-03   9.5652E-03   0.0000E+00  0.0000
   9.5652E-03   9.5852E-03   0.0000E+00  0.0000
   9.5852E-03   9.6052E-03   0.0000E+00  0.0000
   9.6052E-03   9.6252E-03   0.0000E+00  0.0000
   9.6252E-03   9.6452E-03   0.0000E+00  0.0000
   9.6452E-03   9.6652E-03   0.0000E+00  0.0000
   9.6652E-03   9.6852E-03   0.0000E+00  0.0000
   9.6852E-03   9.7051E-03   0.0000E+00  0.0000
   9.7051E-03   9.7251E-03   0.0000E+00  0.0000
   9.7251E-03   9.7451E-03   0.0000E+00  0.0000
   9.7451E-03   9.7651E-03   0.0000E+00  0.0000
   9.7651E-03   9.7851E-03   0.0000E+00  0.0000
   9.7851E-03   9.8051E-03   0.0000E+00  0.0000
   9.8051E-03   9.8251E-03   0.0000E+00  0.0000
   9.8251E-03   9.8451E-03   0.0000E+00  0.0000
   9.8451E-03   9.8651E-03   0.0000E+00  0.0000
   9.8651E-03   9.8851E-03   0.0000E+00  0.0000
   9.8851E-03   9.9051E-03   0.0000E+00  0.0000
   9.9051E-03   9.9250E-03   0.0000E+00  0.0000
   9.9250E-03   9.9450E-03   0.0000E+00  0.0000
   9.9450E-03   9.9650E-03   0.0000E+00  0.0000
   9.9650E-03   9.9850E-03   0.0000E+00  0.0000
   9.9850E-03   1.0005E-02   0.0000E+00  0.0000
   1.0005E-02   1.0025E-02   0.0000E+00  0.0000
   1.0025E-02   1.0045E-02   1.9510E+00  0.1601
   1.0045E-02   1.0065E-02   5.3527E+00  0.0967
   1.0065E-02   1.0085E-02   5.3527E+00  0.0967
   1.0085E-02   1.0105E-02   4.7524E+00  0.1026
   1.0105E-02   1.0125E-02   4.1521E+00  0.1098
   1.0125E-02   1.0145E-02   4.2021E+00  0.1091
   1.0145E-02   1.0165E-02   3.9520E+00  0.1125
   1.0165E-02   1.0185E-02   4.9525E+00  0.1005
   1.0185E-02   1.0205E-02   6.2031E+00  0.0898
   1.0205E-02   1.0225E-02   5.4027E+00  0.0962
   1.0225E-02   1.0245E-02   5.5528E+00  0.0949
   1.0245E-02   1.0265E-02   4.8024E+00  0.1021
   1.0265E-02   1.0285E-02   5.0525E+00  0.0995
   1.0285E-02   1.0305E-02   4.9525E+00  0.1005
   1.0305E-02   1.0325E-02   5.2026E+00  0.0981
   1.0325E-02   1.0345E-02   5.8529E+00  0.0924
   1.0345E-02   1.0365E-02   5.0525E+00  0.0995
   1.0365E-02   1.0385E-02   5.6528E+00  0.0941
   1.0385E-02   1.0405E-02   4.3522E+00  0.1072
   1.0405E-02   1.0425E-02   4.8524E+00  0.1015
   1.0425E-02   1.0445E-02   4.6023E+00  0.1043
   1.0445E-02   1.0465E-02   5.1526E+00  0.0985
   1.0465E-02   1.0485E-02   4.3022E+00  0.1078
   1.0485E-02   1.0505E-02   5.8029E+00  0.0928
   1.0505E-02   1.0525E-02   4.8524E+00  0.1015
   1.0525E-02   1.0545E-02   5.3027E+00  0.0971
   1.0545E-02   1.0565E-02   4.7024E+00  0.1031
   1.0565E-02   1.0585E-02   5.3527E+00  0.0967
   1.0585E-02   1.0605E-02   4.4522E+00  0.1060
   1.0605E-02   1.0625E-02   4.4522E+00  0.1060
   1.0625E-02   1.0645E-02   4.5523E+00  0.1048
   1.0645E-02   1.0665E-02   5.6528E+00  0.0941
   1.0665E-02   1.0685E-02   5.1526E+00  0.0985
   1.0685E-02   1.0705E-02   3.8519E+00  0.1140
   1.0705E-02   1.0725E-02   4.8524E+00  0.1015
   1.0725E-02   1.0745E-02   5.1526E+00  0.0985
   1.0745E-02   1.0765E-02   4.7024E+00  0.1031
   1.0765E-02   1.0785E-02   5.1026E+00  0.0990
   1.0785E-02   1.0805E-02   5.9030E+00  0.0921
   1.0805E-02   1.0825E-02   5.2526E+00  0.0976
   1.0825E-02   1.0845E-02   5.8529E+00  0.0924
   1.0845E-02   1.0865E-02   5.4027E+00  0.0962
   1.0865E-02   1.0885E-02   5.3027E+00  0.0971
   1.0885E-02   1.0905E-02   5.3027E+00  0.0971
   1.0905E-02   1.0925E-02   4.9525E+00  0.1005
   1.0925E-02   1.0945E-02   5.3527E+00  0.0967
   1.0945E-02   1.0965E-02   5.4527E+00  0.0958
   1.0965E-02   1.0985E-02   5.4527E+00  0.0958
   1.0985E-02   1.1005E-02   4.6023E+00  0.1043
   1.1005E-02   1.1024E-02   5.3527E+00  0.0967
   1.1024E-02   1.1044E-02   4.9025E+00  0.1010
   1.1044E-02   1.1064E-02   4.2021E+00  0.1091
   1.1064E-02   1.1084E-02   6.4532E+00  0.0880
   1.1084E-02   1.1104E-02   5.3527E+00  0.0967
   1.1104E-02   1.1124E-02   4.9525E+00  0.1005
   1.1124E-02   1.1144E-02   5.4027E+00  0.0962
   1.1144E-02   1.1164E-02   5.1526E+00  0.0985
   1.1164E-02   1.1184E-02   5.0025E+00  0.1000
   1.1184E-02   1.1204E-02   4.7524E+00  0.1026
   1.1204E-02   1.1224E-02   4.9525E+00  0.1005
   1.1224E-02   1.1244E-02   4.8024E+00  0.1021
   1.1244E-02   1.1264E-02   5.0025E+00  0.1000
   1.1264E-02   1.1284E-02   4.1021E+00  0.1104
   1.1284E-02   1.1304E-02   4.3022E+00  0.1078
   1.1304E-02   1.1324E-02   4.4022E+00  0.1066
   1.1324E-02   1.1344E-02   4.6523E+00  0.1037
   1.1344E-02   1.1364E-02   5.1026E+00  0.0990
   1.1364E-02   1.1384E-02   5.4527E+00  0.0958
   1.1384E-02   1.1404E-02   5.1526E+00  0.0985
   1.1404E-02   1.1424E-02   4.6023E+00  0.1043
   1.1424E-02   1.1444E-02   5.7529E+00  0.0932
   1.1444E-02   1.1464E-02   4.8024E+00  0.1021
   1.1464E-02   1.1484E-02   5.1026E+00  0.0990
   1.1484E-02   1.1504E-02   4.3522E+00  0.1072
   1.1504E-02   1.1524E-02   5.0525E+00  0.0995
   1.1524E-02   1.1544E-02   4.8024E+00  0.1021
   1.1544E-02   1.1564E-02   5.2526E+00  0.0976
   1.1564E-02   1.1584E-02   4.8524E+00  0.1015
   1.1584E-02   1.1604E-02   5.1526E+00  0.0985
   1.1604E-02   1.1624E-02   4.7524E+00  0.1026
   1.1624E-02   1.1644E-02   5.8529E+00  0.0924
   1.1644E-02   1.1664E-02   4.6023E+00  0.1043
   1.1664E-02   1.1684E-02   4.9525E+00  0.1005
   1.1684E-02   1.1704E-02   4.7024E+00  0.1031
   1.1704E-02   1.1724E-02   5.4027E+00  0.0962
   1.1724E-02   1.1744E-02   4.7024E+00  0.1031
   1.1744E-02   1.1764E-02   5.2526E+00  0.0976
   1.1764E-02   1.1784E-02   5.3027E+00  0.0971
   1.1784E-02   1.1804E-02   5.4027E+00  0.0962
   1.1804E-02   1.1824E-02   5.3027E+00  0.0971
   1.1824E-02   1.1844E-02   4.4522E+00  0.1060
   1.1844E-02   1.1864E-02   4.8024E+00  0.1021
   1.1864E-02   1.1884E-02   5.5028E+00  0.0953
   1.1884E-02   1.1904E-02   4.4522E+00  0.1060
   1.1904E-02   1.1924E-02   5.2026E+00  0.0981
   1.1924E-02   1.1944E-02   4.2521E+00  0.1085
   1.1944E-02   1.1964E-02   4.5023E+00  0.1054
   1.1964E-02   1.1984E-02   5.3527E+00  0.0967
   1.1984E-02   1.2004E-02   5.1026E+00  0.0990
   1.2004E-02   1.2024E-02   5.0525E+00  0.0995
   1.2024E-02   1.2044E-02   4.4022E+00  0.1066
   1.2044E-02   1.2064E-02   5.2026E+00  0.0981
   1.2064E-02   1.2084E-02   5.2526E+00  0.0976
   1.2084E-02   1.2104E-02   5.3527E+00  0.0967
   1.2104E-02   1.2124E-02   5.3527E+00  0.0967
   1.2124E-02   1.2144E-02   5.2026E+00  0.0981
   1.2144E-02   1.2164E-02   3.9020E+00  0.1132
   1.2164E-02   1.2184E-02   5.7529E+00  0.0932
   1.2184E-02   1.2204E-02   5.3527E+00  0.0967
   1.2204E-02   1.2224E-02   5.8029E+00  0.0928
   1.2224E-02   1.2244E-02   4.7524E+00  0.1026
   1.2244E-02   1.2264E-02   5.7529E+00  0.0932
   1.2264E-02   1.2284E-02   5.1526E+00  0.0985
   1.2284E-02   1.2304E-02   5.2526E+00  0.0976
   1.2304E-02   1.2324E-02   5.1026E+00  0.0990
   1.2324E-02   1.2344E-02   5.5528E+00  0.0949
   1.2344E-02   1.2364E-02   4.8524E+00  0.1015
   1.2364E-02   1.2384E-02   5.5028E+00  0.0953
   1.2384E-02   1.2404E-02   5.6028E+00  0.0945
   1.2404E-02   1.2424E-02   5.6028E+00  0.0945
   1.2424E-02   1.2444E-02   4.2521E+00  0.1085
   1.2444E-02   1.2464E-02   4.8024E+00  0.1021
   1.2464E-02   1.2484E-02   4.3522E+00  0.1072
   1.2484E-02   1.2504E-02   5.8029E+00  0.0928
   1.2504E-02   1.2524E-02   4.8024E+00  0.1021
   1.2524E-02   1.2544E-02   4.2521E+00  0.1085
   1.2544E-02   1.2564E-02   5.3527E+00  0.0967
   1.2564E-02   1.2584E-02   5.3527E+00  0.0967
   1.2584E-02   1.2604E-02   5.1526E+00  0.0985
   1.2604E-02   1.2624E-02   4.0020E+00  0.1118
   1.2624E-02   1.2644E-02   5.0525E+00  0.0995
   1.2644E-02   1.2664E-02   4.7024E+00  0.1031
   1.2664E-02   1.2684E-02   4.9525E+00  0.1005
   1.2684E-02   1.2704E-02   5.8029E+00  0.0928
   1.2704E-02   1.2724E-02   5.6028E+00  0.0945
   1.2724E-02   1.2744E-02   4.6523E+00  0.1037
   1.2744E-02   1.2764E-02   5.4527E+00  0.0958
   1.2764E-02   1.2784E-02   4.9525E+00  0.1005
   1.2784E-02   1.2804E-02   5.3027E+00  0.0971
   1.2804E-02   1.2824E-02   4.9525E+00  0.1005
   1.2824E-02   1.2844E-02   4.8524E+00  0.1015
   1.2844E-02   1.2864E-02   4.3522E+00  0.1072
   1.2864E-02   1.2884E-02   4.7024E+00  0.1031
   1.2884E-02   1.2904E-02   4.9525E+00  0.1005
   1.2904E-02   1.2924E-02   4.8024E+00  0.1021
   1.2924E-02   1.2944E-02   4.6023E+00  0.1043
   1.2944E-02   1.2964E-02   5.5528E+00  0.0949
   1.2964E-02   1.2984E-02   4.5523E+00  0.1048
   1.2984E-02   1.3003E-02   4.6023E+00  0.1043
   1.3003E-02   1.3023E-02   5.5028E+00  0.0953
   1.3023E-02   1.3043E-02   4.1521E+00  0.1098
   1.3043E-02   1.3063E-02   4.9525E+00  0.1005
   1.3063E-02   1.3083E-02   5.7029E+00  0.0937
   1.3083E-02   1.3103E-02   5.3027E+00  0.0971
   1.3103E-02   1.3123E-02   4.8524E+00  0.1015
   1.3123E-02   1.3143E-02   5.4027E+00  0.0962
   1.3143E-02   1.3163E-02   5.5528E+00  0.0949
   1.3163E-02   1.3183E-02   5.4027E+00  0.0962
   1.3183E-02   1.3203E-02   5.6528E+00  0.0941
   1.3203E-02   1.3223E-02   4.9525E+00  0.1005
   1.3223E-02   1.3243E-02   5.0025E+00  0.1000
   1.3243E-02   1.3263E-02   4.2521E+00  0.1085
   1.3263E-02   1.3283E-02   4.2521E+00  0.1085
   1.3283E-02   1.3303E-02   5.5528E+00  0.0949
   1.3303E-02   1.3323E-02   5.3527E+00  0.0967
   1.3323E-02   1.3343E-02   5.0525E+00  0.0995
   1.3343E-02   1.3363E-02   5.1026E+00  0.0990
   1.3363E-02   1.3383E-02   4.5023E+00  0.1054
   1.3383E-02   1.3403E-02   4.9525E+00  0.1005
   1.3403E-02   1.3423E-02   4.5523E+00  0.1048
   1.3423E-02   1.3443E-02   4.9025E+00  0.1010
   1.3443E-02   1.3463E-02   5.5028E+00  0.0953
   1.3463E-02   1.3483E-02   4.5523E+00  0.1048
   1.3483E-02   1.3503E-02   4.9025E+00  0.1010
   1.3503E-02   1.3523E-02   5.6528E+00  0.0941
   1.3523E-02   1.3543E-02   5.5528E+00  0.0949
   1.3543E-02   1.3563E-02   5.7029E+00  0.0937
   1.3563E-02   1.3583E-02   5.4527E+00  0.0958
   1.3583E-02   1.3603E-02   4.8024E+00  0.1021
   1.3603E-02   1.3623E-02   4.8524E+00  0.1015
   1.3623E-02   1.3643E-02   4.7024E+00  0.1031
   1.3643E-02   1.3663E-02   4.5023E+00  0.1054
   1.3663E-02   1.3683E-02   5.3027E+00  0.0971
   1.3683E-02   1.3703E-02   4.3522E+00  0.1072
   1.3703E-02   1.3723E-02   5.5028E+00  0.0953
   1.3723E-02   1.3743E-02   5.3527E+00  0.0967
   1.3743E-02   1.3763E-02   5.1526E+00  0.0985
   1.3763E-02   1.3783E-02   4.8524E+00  0.1015
   1.3783E-02   1.3803E-02   5.2026E+00  0.0981
   1.3803E-02   1.3823E-02   4.3522E+00  0.1072
   1.3823E-02   1.3843E-02   4.6523E+00  0.1037
   1.3843E-02   1.3863E-02   5.0025E+00  0.1000
   1.3863E-02   1.3883E-02   4.7524E+00  0.1026
   1.3883E-02   1.3903E-02   4.8524E+00  0.1015
   1.3903E-02   1.3923E-02   5.2526E+00  0.0976
   1.3923E-02   1.3943E-02   4.8024E+00  0.1021
   1.3943E-02   1.3963E-02   5.5028E+00  0.0953
   1.3963E-02   1.3983E-02   6.2531E+00  0.0894
   1.3983E-02   1.4003E-02   5.3027E+00  0.0971
   1.4003E-02   1.4023E-02   4.6523E+00  0.1037
   1.4023E-02   1.4043E-02   4.9025E+00  0.1010
   1.4043E-02   1.4063E-02   4.6523E+00  0.1037
   1.4063E-02   1.4083E-02   5.4527E+00  0.0958
   1.4083E-02   1.4103E-02   5.2526E+00  0.0976
   1.4103E-02   1.4123E-02   4.7024E+00  0.1031
   1.4123E-02   1.4143E-02   4.4522E+00  0.1060
   1.4143E-02   1.4163E-02   4.5523E+00  0.1048
   1.4163E-02   1.4183E-02   5.4527E+00  0.0958
   1.4183E-02   1.4203E-02   5.1026E+00  0.0990
   1.4203E-02   1.4223E-02   5.2026E+00  0.0981
   1.4223E-02   1.4243E-02   4.4022E+00  0.1066
   1.4243E-02   1.4263E-02   4.2521E+00  0.1085
   1.4263E-02   1.4283E-02   4.8524E+00  0.1015
   1.4283E-02   1.4303E-02   5.9530E+00  0.0917
   1.4303E-02   1.4323E-02   4.9525E+00  0.1005
   1.4323E-02   1.4343E-02   4.1021E+00  0.1104
   1.4343E-02   1.4363E-02   5.3027E+00  0.0971
   1.4363E-02   1.4383E-02   5.0025E+00  0.1000
   1.4383E-02   1.4403E-02   4.8524E+00  0.1015
   1.4403E-02   1.4423E-02   5.4027E+00  0.0962
   1.4423E-02   1.4443E-02   4.7524E+00  0.1026
   1.4443E-02   1.4463E-02   4.6023E+00  0.1043
   1.4463E-02   1.4483E-02   5.5528E+00  0.0949
   1.4483E-02   1.4503E-02   5.6528E+00  0.0941
   1.4503E-02   1.4523E-02   5.2026E+00  0.0981
   1.4523E-02   1.4543E-02   4.8024E+00  0.1021
   1.4543E-02   1.4563E-02   4.9525E+00  0.1005
   1.4563E-02   1.4583E-02   4.5023E+00  0.1054
   1.4583E-02   1.4603E-02   4.6023E+00  0.1043
   1.4603E-02   1.4623E-02   5.2026E+00  0.0981
   1.4623E-02   1.4643E-02   5.4027E+00  0.0962
   1.4643E-02   1.4663E-02   5.0025E+00  0.1000
   1.4663E-02   1.4683E-02   6.0530E+00  0.0909
   1.4683E-02   1.4703E-02   4.9525E+00  0.1005
   1.4703E-02   1.4723E-02   5.3027E+00  0.0971
   1.4723E-02   1.4743E-02   6.1031E+00  0.0905
   1.4743E-02   1.4763E-02   4.8524E+00  0.1015
   1.4763E-02   1.4783E-02   5.2526E+00  0.0976
   1.4783E-02   1.4803E-02   4.7524E+00  0.1026
   1.4803E-02   1.4823E-02   3.8519E+00  0.1140
   1.4823E-02   1.4843E-02   4.3022E+00  0.1078
   1.4843E-02   1.4863E-02   5.0525E+00  0.0995
   1.4863E-02   1.4883E-02   4.2521E+00  0.1085
   1.4883E-02   1.4903E-02   4.5023E+00  0.1054
   1.4903E-02   1.4923E-02   5.7529E+00  0.0932
   1.4923E-02   1.4943E-02   3.8019E+00  0.1147
   1.4943E-02   1.4963E-02   5.2026E+00  0.0981
   1.4963E-02   1.4983E-02   5.1026E+00  0.0990
   1.4983E-02   1.5003E-02   5.5528E+00  0.0949
   1.5003E-02   1.5022E-02   5.3527E+00  0.0967
   1.5022E-02   1.5042E-02   5.6528E+00  0.0941
   1.5042E-02   1.5062E-02   4.2521E+00  0.1085
   1.5062E-02   1.5082E-02   4.9025E+00  0.1010
   1.5082E-02   1.5102E-02   5.1026E+00  0.0990
   1.5102E-02   1.5122E-02   4.9525E+00  0.1005
   1.5122E-02   1.5142E-02   4.7524E+00  0.1026
   1.5142E-02   1.5162E-02   4.9525E+00  0.1005
   1.5162E-02   1.5182E-02   5.5028E+00  0.0953
   1.5182E-02   1.5202E-02   5.1526E+00  0.0985
   1.5202E-02   1.5222E-02   5.0025E+00  0.1000
   1.5222E-02   1.5242E-02   5.2526E+00  0.0976
   1.5242E-02   1.5262E-02   4.4522E+00  0.1060
   1.5262E-02   1.5282E-02   5.4027E+00  0.0962
   1.5282E-02   1.5302E-02   4.8024E+00  0.1021
   1.5302E-02   1.5322E-02   5.2526E+00  0.0976
   1.5322E-02   1.5342E-02   4.8024E+00  0.1021
   1.5342E-02   1.5362E-02   5.3527E+00  0.0967
   1.5362E-02   1.5382E-02   4.6023E+00  0.1043
   1.5382E-02   1.5402E-02   4.4022E+00  0.1066
   1.5402E-02   1.5422E-02   4.5523E+00  0.1048
   1.5422E-02   1.5442E-02   4.9525E+00  0.1005
   1.5442E-02   1.5462E-02   4.6023E+00  0.1043
   1.5462E-02   1.5482E-02   6.1531E+00  0.0902
   1.5482E-02   1.5502E-02   5.3027E+00  0.0971
   1.5502E-02   1.5522E-02   4.8024E+00  0.1021
   1.5522E-02   1.5542E-02   5.2026E+00  0.0981
   1.5542E-02   1.5562E-02   4.9025E+00  0.1010
   1.5562E-02   1.5582E-02   4.2021E+00  0.1091
   1.5582E-02   1.5602E-02   5.4027E+00  0.0962
   1.5602E-02   1.5622E-02   5.3527E+00  0.0967
   1.5622E-02   1.5642E-02   5.1526E+00  0.0985
   1.5642E-02   1.5662E-02   4.5523E+00  0.1048
   1.5662E-02   1.5682E-02   4.4022E+00  0.1066
   1.5682E-02   1.5702E-02   5.1026E+00  0.0990
   1.5702E-02   1.5722E-02   4.8524E+00  0.1015
   1.5722E-02   1.5742E-02   4.8524E+00  0.1015
   1.5742E-02   1.5762E-02   5.1026E+00  0.0990
   1.5762E-02   1.5782E-02   5.6528E+00  0.0941
   1.5782E-02   1.5802E-02   4.8024E+00  0.1021
   1.5802E-02   1.5822E-02   4.9525E+00  0.1005
   1.5822E-02   1.5842E-02   5.3527E+00  0.0967
   1.5842E-02   1.5862E-02   4.3522E+00  0.1072
   1.5862E-02   1.5882E-02   5.1526E+00  0.0985
   1.5882E-02   1.5902E-02   4.7024E+00  0.1031
   1.5902E-02   1.5922E-02   5.3527E+00  0.0967
   1.5922E-02   1.5942E-02   5.3027E+00  0.0971
   1.5942E-02   1.5962E-02   5.5028E+00  0.0953
   1.5962E-02   1.5982E-02   5.8529E+00  0.0924
   1.5982E-02   1.6002E-02   5.3527E+00  0.0967
   1.6002E-02   1.6022E-02   5.7029E+00  0.0937
   1.6022E-02   1.6042E-02   5.2526E+00  0.0976
   1.6042E-02   1.6062E-02   5.1526E+00  0.0985
   1.6062E-02   1.6082E-02   4.7024E+00  0.1031
   1.6082E-02   1.6102E-02   4.9025E+00  0.1010
   1.6102E-02   1.6122E-02   4.2021E+00  0.1091
   1.6122E-02   1.6142E-02   4.7524E+00  0.1026
   1.6142E-02   1.6162E-02   5.1526E+00  0.0985
   1.6162E-02   1.6182E-02   4.6523E+00  0.1037
   1.6182E-02   1.6202E-02   5.0025E+00  0.1000
   1.6202E-02   1.6222E-02   4.8024E+00  0.1021
   1.6222E-02   1.6242E-02   4.3022E+00  0.1078
   1.6242E-02   1.6262E-02   4.8024E+00  0.1021
   1.6262E-02   1.6282E-02   4.6023E+00  0.1043
   1.6282E-02   1.6302E-02   5.0525E+00  0.0995
   1.6302E-02   1.6322E-02   4.7024E+00  0.1031
   1.6322E-02   1.6342E-02   5.2026E+00  0.0981
   1.6342E-02   1.6362E-02   5.9530E+00  0.0917
   1.6362E-02   1.6382E-02   5.3527E+00  0.0967
   1.6382E-02   1.6402E-02   4.6523E+00  0.1037
   1.6402E-02   1.6422E-02   4.5523E+00  0.1048
   1.6422E-02   1.6442E-02   4.7524E+00  0.1026
   1.6442E-02   1.6462E-02   5.1526E+00  0.0985
   1.6462E-02   1.6482E-02   5.4527E+00  0.0958
   1.6482E-02   1.6502E-02   4.6023E+00  0.1043
   1.6502E-02   1.6522E-02   4.6023E+00  0.1043
   1.6522E-02   1.6542E-02   4.2521E+00  0.1085
   1.6542E-02   1.6562E-02   5.9030E+00  0.0921
   1.6562E-02   1.6582E-02   5.2026E+00  0.0981
   1.6582E-02   1.6602E-02   4.7524E+00  0.1026
   1.6602E-02   1.6622E-02   4.3022E+00  0.1078
   1.6622E-02   1.6642E-02   5.0025E+00  0.1000
   1.6642E-02   1.6662E-02   4.6523E+00  0.1037
   1.6662E-02   1.6682E-02   4.2021E+00  0.1091
   1.6682E-02   1.6702E-02   5.5028E+00  0.0953
   1.6702E-02   1.6722E-02   4.9525E+00  0.1005
   1.6722E-02   1.6742E-02   4.7524E+00  0.1026
   1.6742E-02   1.6762E-02   4.6523E+00  0.1037
   1.6762E-02   1.6782E-02   5.3527E+00  0.0967
   1.6782E-02   1.6802E-02   5.5528E+00  0.0949
   1.6802E-02   1.6822E-02   4.8524E+00  0.1015
   1.6822E-02   1.6842E-02   5.4027E+00  0.0962
   1.6842E-02   1.6862E-02   4.5023E+00  0.1054
   1.6862E-02   1.6882E-02   5.4027E+00  0.0962
   1.6882E-02   1.6902E-02   4.3522E+00  0.1072
   1.6902E-02   1.6922E-02   5.6028E+00  0.0945
   1.6922E-02   1.6942E-02   5.1526E+00  0.0985
   1.6942E-02   1.6962E-02   4.7024E+00  0.1031
   1.6962E-02   1.6982E-02   4.6523E+00  0.1037
   1.6982E-02   1.7001E-02   5.2526E+00  0.0976
   1.7001E-02   1.7021E-02   6.3032E+00  0.0891
   1.7021E-02   1.7041E-02   5.0525E+00  0.0995
   1.7041E-02   1.7061E-02   4.4022E+00  0.1066
   1.7061E-02   1.7081E-02   5.8029E+00  0.0928
   1.7081E-02   1.7101E-02   4.4522E+00  0.1060
   1.7101E-02   1.7121E-02   4.9025E+00  0.1010
   1.7121E-02   1.7141E-02   5.3527E+00  0.0967
   1.7141E-02   1.7161E-02   5.4027E+00  0.0962
   1.7161E-02   1.7181E-02   4.6523E+00  0.1037
   1.7181E-02   1.7201E-02   5.4527E+00  0.0958
   1.7201E-02   1.7221E-02   4.8024E+00  0.1021
   1.7221E-02   1.7241E-02   4.4022E+00  0.1066
   1.7241E-02   1.7261E-02   4.8524E+00  0.1015
   1.7261E-02   1.7281E-02   4.9525E+00  0.1005
   1.7281E-02   1.7301E-02   4.9025E+00  0.1010
   1.7301E-02   1.7321E-02   5.5528E+00  0.0949
   1.7321E-02   1.7341E-02   4.5023E+00  0.1054
   1.7341E-02   1.7361E-02   4.5023E+00  0.1054
   1.7361E-02   1.7381E-02   4.7524E+00  0.1026
   1.7381E-02   1.7401E-02   5.1026E+00  0.0990
   1.7401E-02   1.7421E-02   5.6528E+00  0.0941
   1.7421E-02   1.7441E-02   4.3022E+00  0.1078
   1.7441E-02   1.7461E-02   5.5528E+00  0.0949
   1.7461E-02   1.7481E-02   4.8024E+00  0.1021
   1.7481E-02   1.7501E-02   5.2026E+00  0.0981
   1.7501E-02   1.7521E-02   4.4522E+00  0.1060
   1.7521E-02   1.7541E-02   5.3527E+00  0.0967
   1.7541E-02   1.7561E-02   4.5523E+00  0.1048
   1.7561E-02   1.7581E-02   5.1026E+00  0.0990
   1.7581E-02   1.7601E-02   5.7029E+00  0.0937
   1.7601E-02   1.7621E-02   6.2531E+00  0.0894
   1.7621E-02   1.7641E-02   5.2526E+00  0.0976
   1.7641E-02   1.7661E-02   5.2526E+00  0.0976
   1.7661E-02   1.7681E-02   5.0525E+00  0.0995
   1.7681E-02   1.7701E-02   5.5528E+00  0.0949
   1.7701E-02   1.7721E-02   5.3527E+00  0.0967
   1.7721E-02   1.7741E-02   4.9025E+00  0.1010
   1.7741E-02   1.7761E-02   4.4022E+00  0.1066
   1.7761E-02   1.7781E-02   6.0530E+00  0.0909
   1.7781E-02   1.7801E-02   5.4027E+00  0.0962
   1.7801E-02   1.7821E-02   4.2521E+00  0.1085
   1.7821E-02   1.7841E-02   3.9520E+00  0.1125
   1.7841E-02   1.7861E-02   4.7524E+00  0.1026
   1.7861E-02   1.7881E-02   4.8024E+00  0.1021
   1.7881E-02   1.7901E-02   5.6528E+00  0.0941
   1.7901E-02   1.7921E-02   6.1531E+00  0.0902
   1.7921E-02   1.7941E-02   5.0525E+00  0.0995
   1.7941E-02   1.7961E-02   5.1526E+00  0.0985
   1.7961E-02   1.7981E-02   5.7029E+00  0.0937
   1.7981E-02   1.8001E-02   4.1521E+00  0.1098
   1.8001E-02   1.8021E-02   5.2026E+00  0.0981
   1.8021E-02   1.8041E-02   4.6023E+00  0.1043
   1.8041E-02   1.8061E-02   4.6023E+00  0.1043
   1.8061E-02   1.8081E-02   4.9025E+00  0.1010
   1.8081E-02   1.8101E-02   5.7529E+00  0.0932
   1.8101E-02   1.8121E-02   4.6023E+00  0.1043
   1.8121E-02   1.8141E-02   4.7524E+00  0.1026
   1.8141E-02   1.8161E-02   5.2026E+00  0.0981
   1.8161E-02   1.8181E-02   5.6528E+00  0.0941
   1.8181E-02   1.8201E-02   5.0025E+00  0.1000
   1.8201E-02   1.8221E-02   4.1021E+00  0.1104
   1.8221E-02   1.8241E-02   4.7024E+00  0.1031
   1.8241E-02   1.8261E-02   5.0525E+00  0.0995
   1.8261E-02   1.8281E-02   4.8024E+00  0.1021
   1.8281E-02   1.8301E-02   5.2526E+00  0.0976
   1.8301E-02   1.8321E-02   4.8024E+00  0.1021
   1.8321E-02   1.8341E-02   4.6023E+00  0.1043
   1.8341E-02   1.8361E-02   5.3527E+00  0.0967
   1.8361E-02   1.8381E-02   4.8524E+00  0.1015
   1.8381E-02   1.8401E-02   5.6528E+00  0.0941
   1.8401E-02   1.8421E-02   5.6028E+00  0.0945
   1.8421E-02   1.8441E-02   4.9525E+00  0.1005
   1.8441E-02   1.8461E-02   5.9530E+00  0.0917
   1.8461E-02   1.8481E-02   4.8524E+00  0.1015
   1.8481E-02   1.8501E-02   4.9025E+00  0.1010
   1.8501E-02   1.8521E-02   5.2026E+00  0.0981
   1.8521E-02   1.8541E-02   4.9525E+00  0.1005
   1.8541E-02   1.8561E-02   4.7024E+00  0.1031
   1.8561E-02   1.8581E-02   4.1521E+00  0.1098
   1.8581E-02   1.8601E-02   5.3527E+00  0.0967
   1.8601E-02   1.8621E-02   4.0020E+00  0.1118
   1.8621E-02   1.8641E-02   4.4022E+00  0.1066
   1.8641E-02   1.8661E-02   4.2021E+00  0.1091
   1.8661E-02   1.8681E-02   4.9025E+00  0.1010
   1.8681E-02   1.8701E-02   4.0020E+00  0.1118
   1.8701E-02   1.8721E-02   4.6523E+00  0.1037
   1.8721E-02   1.8741E-02   4.8524E+00  0.1015
   1.8741E-02   1.8761E-02   5.1026E+00  0.0990
   1.8761E-02   1.8781E-02   4.7524E+00  0.1026
   1.8781E-02   1.8801E-02   5.1526E+00  0.0985
   1.8801E-02   1.8821E-02   4.9025E+00  0.1010
   1.8821E-02   1.8841E-02   5.1526E+00  0.0985
   1.8841E-02   1.8861E-02   4.4022E+00  0.1066
   1.8861E-02   1.8881E-02   4.9525E+00  0.1005
   1.8881E-02   1.8901E-02   4.8524E+00  0.1015
   1.8901E-02   1.8921E-02   4.5523E+00  0.1048
   1.8921E-02   1.8941E-02   5.8029E+00  0.0928
   1.8941E-02   1.8961E-02   5.3027E+00  0.0971
   1.8961E-02   1.8981E-02   4.1021E+00  0.1104
   1.8981E-02   1.9001E-02   5.0525E+00  0.0995
   1.9001E-02   1.9020E-02   4.7024E+00  0.1031
   1.9020E-02   1.9040E-02   5.4027E+00  0.0962
   1.9040E-02   1.9060E-02   4.1021E+00  0.1104
   1.9060E-02   1.9080E-02   4.7024E+00  0.1031
   1.9080E-02   1.9100E-02   4.2521E+00  0.1085
   1.9100E-02   1.9120E-02   5.0525E+00  0.0995
   1.9120E-02   1.9140E-02   4.3522E+00  0.1072
   1.9140E-02   1.9160E-02   5.8029E+00  0.0928
   1.9160E-02   1.9180E-02   4.8524E+00  0.1015
   1.9180E-02   1.9200E-02   5.2026E+00  0.0981
   1.9200E-02   1.9220E-02   4.9525E+00  0.1005
   1.9220E-02   1.9240E-02   5.3027E+00  0.0971
   1.9240E-02   1.9260E-02   5.4027E+00  0.0962
   1.9260E-02   1.9280E-02   5.6528E+00  0.0941
   1.9280E-02   1.9300E-02   4.8524E+00  0.1015
   1.9300E-02   1.9320E-02   4.4522E+00  0.1060
   1.9320E-02   1.9340E-02   5.0025E+00  0.1000
   1.9340E-02   1.9360E-02   4.7524E+00  0.1026
   1.9360E-02   1.9380E-02   5.6028E+00  0.0945
   1.9380E-02   1.9400E-02   5.4027E+00  0.0962
   1.9400E-02   1.9420E-02   4.4022E+00  0.1066
   1.9420E-02   1.9440E-02   4.6523E+00  0.1037
   1.9440E-02   1.9460E-02   4.6523E+00  0.1037
   1.9460E-02   1.9480E-02   5.8529E+00  0.0924
   1.9480E-02   1.9500E-02   4.9525E+00  0.1005
   1.9500E-02   1.9520E-02   5.1026E+00  0.0990
   1.9520E-02   1.9540E-02   5.8529E+00  0.0924
   1.9540E-02   1.9560E-02   4.8024E+00  0.1021
   1.9560E-02   1.9580E-02   5.0025E+00  0.1000
   1.9580E-02   1.9600E-02   4.9025E+00  0.1010
   1.9600E-02   1.9620E-02   5.4527E+00  0.0958
   1.9620E-02   1.9640E-02   4.4022E+00  0.1066
   1.9640E-02   1.9660E-02   5.5528E+00  0.0949
   1.9660E-02   1.9680E-02   4.7024E+00  0.1031
   1.9680E-02   1.9700E-02   5.1526E+00  0.0985
   1.9700E-02   1.9720E-02   4.7524E+00  0.1026
   1.9720E-02   1.9740E-02   5.8529E+00  0.0924
   1.9740E-02   1.9760E-02   4.8024E+00  0.1021
   1.9760E-02   1.9780E-02   5.0025E+00  0.1000
   1.9780E-02   1.9800E-02   4.9025E+00  0.1010
   1.9800E-02   1.9820E-02   4.0520E+00  0.1111
   1.9820E-02   1.9840E-02   4.8024E+00  0.1021
   1.9840E-02   1.9860E-02   5.5528E+00  0.0949
   1.9860E-02   1.9880E-02   3.7519E+00  0.1155
   1.9880E-02   1.9900E-02   5.0525E+00  0.0995
   1.9900E-02   1.9920E-02   3.9520E+00  0.1125
   1.9920E-02   1.9940E-02   5.0525E+00  0.0995
   1.9940E-02   1.9960E-02   5.1026E+00  0.0990
   1.9960E-02   1.9980E-02   5.4527E+00  0.0958
   1.9980E-02   2.0000E-02   4.8524E+00  0.1015

#   sum over                 2.4934E+00
'no. =    1   reg = 101 - 102'
msuc: {\huge Source n beam}
msdr: {\it plotted by \ANGEL \version}
msdl: {\it calculated by \PHITS  3.28}
wt: s(0.7)
\vspace{-3}
  region surface crossing
  area  &=&   1.0000E+00 [cm^2]
e:

#------------------------------------------------------------------------------
 newpage:
#   no. =    2   reg = 102 - 103

x: Energy [MeV]
y: Current [1/cm^2/MeV/source]             
p: xlin ylog afac(0.8) form(0.9)
h: n            x            y1(neutron ),hh0l   ny2 dy1=[y1*y2] 
#  e-lower      e-upper      neutron     r.err 
   1.0000E-05   2.9990E-05   1.4057E+01  0.0615
   2.9990E-05   4.9980E-05   1.0305E+01  0.0743
   4.9980E-05   6.9970E-05   7.1536E+00  0.0871
   6.9970E-05   8.9960E-05   7.0035E+00  0.0875
   8.9960E-05   1.0995E-04   6.4032E+00  0.0918
   1.0995E-04   1.2994E-04   4.9525E+00  0.1005
   1.2994E-04   1.4993E-04   4.3022E+00  0.1078
   1.4993E-04   1.6992E-04   4.3022E+00  0.1091
   1.6992E-04   1.8991E-04   4.7524E+00  0.1047
   1.8991E-04   2.0990E-04   4.5523E+00  0.1082
   2.0990E-04   2.2989E-04   4.1521E+00  0.1111
   2.2989E-04   2.4988E-04   3.8019E+00  0.1147
   2.4988E-04   2.6987E-04   3.2516E+00  0.1240
   2.6987E-04   2.8986E-04   2.9515E+00  0.1302
   2.8986E-04   3.0985E-04   2.9515E+00  0.1302
   3.0985E-04   3.2984E-04   2.6513E+00  0.1374
   3.2984E-04   3.4983E-04   2.6013E+00  0.1387
   3.4983E-04   3.6982E-04   2.5013E+00  0.1414
   3.6982E-04   3.8981E-04   2.4012E+00  0.1443
   3.8981E-04   4.0980E-04   2.5513E+00  0.1400
   4.0980E-04   4.2979E-04   2.7514E+00  0.1373
   4.2979E-04   4.4978E-04   2.1011E+00  0.1543
   4.4978E-04   4.6977E-04   2.4512E+00  0.1429
   4.6977E-04   4.8976E-04   2.4012E+00  0.1443
   4.8976E-04   5.0975E-04   1.9510E+00  0.1601
   5.0975E-04   5.2974E-04   2.1011E+00  0.1543
   5.2974E-04   5.4973E-04   1.3507E+00  0.1924
   5.4973E-04   5.6972E-04   1.6008E+00  0.1768
   5.6972E-04   5.8971E-04   2.2011E+00  0.1508
   5.8971E-04   6.0970E-04   2.1511E+00  0.1525
   6.0970E-04   6.2969E-04   1.7509E+00  0.1690
   6.2969E-04   6.4968E-04   1.9010E+00  0.1622
   6.4968E-04   6.6967E-04   2.3012E+00  0.1474
   6.6967E-04   6.8966E-04   2.0510E+00  0.1562
   6.8966E-04   7.0965E-04   1.4007E+00  0.1890
   7.0965E-04   7.2964E-04   1.5508E+00  0.1796
   7.2964E-04   7.4963E-04   1.4507E+00  0.1857
   7.4963E-04   7.6962E-04   2.0510E+00  0.1562
   7.6962E-04   7.8961E-04   1.3507E+00  0.1924
   7.8961E-04   8.0960E-04   1.3507E+00  0.1924
   8.0960E-04   8.2959E-04   1.6008E+00  0.1768
   8.2959E-04   8.4958E-04   1.1006E+00  0.2132
   8.4958E-04   8.6957E-04   1.5508E+00  0.1796
   8.6957E-04   8.8956E-04   1.4007E+00  0.1890
   8.8956E-04   9.0955E-04   1.7009E+00  0.1715
   9.0955E-04   9.2954E-04   1.7509E+00  0.1690
   9.2954E-04   9.4953E-04   9.0045E-01  0.2357
   9.4953E-04   9.6952E-04   1.5008E+00  0.1826
   9.6952E-04   9.8951E-04   1.4507E+00  0.1857
   9.8951E-04   1.0095E-03   1.4507E+00  0.1857
   1.0095E-03   1.0295E-03   1.3007E+00  0.1961
   1.0295E-03   1.0495E-03   1.2006E+00  0.2041
   1.0495E-03   1.0695E-03   9.5048E-01  0.2294
   1.0695E-03   1.0895E-03   1.2006E+00  0.2041
   1.0895E-03   1.1095E-03   1.1506E+00  0.2085
   1.1095E-03   1.1294E-03   1.2506E+00  0.2000
   1.1294E-03   1.1494E-03   1.4507E+00  0.1857
   1.1494E-03   1.1694E-03   1.7009E+00  0.1715
   1.1694E-03   1.1894E-03   1.2006E+00  0.2041
   1.1894E-03   1.2094E-03   1.0505E+00  0.2182
   1.2094E-03   1.2294E-03   1.0005E+00  0.2236
   1.2294E-03   1.2494E-03   1.2506E+00  0.2000
   1.2494E-03   1.2694E-03   9.0045E-01  0.2357
   1.2694E-03   1.2894E-03   1.5508E+00  0.1796
   1.2894E-03   1.3093E-03   1.1506E+00  0.2085
   1.3093E-03   1.3293E-03   1.1506E+00  0.2085
   1.3293E-03   1.3493E-03   1.6008E+00  0.1768
   1.3493E-03   1.3693E-03   1.6508E+00  0.1741
   1.3693E-03   1.3893E-03   8.0040E-01  0.2500
   1.3893E-03   1.4093E-03   1.4507E+00  0.1857
   1.4093E-03   1.4293E-03   1.4507E+00  0.1857
   1.4293E-03   1.4493E-03   1.5008E+00  0.1826
   1.4493E-03   1.4693E-03   1.1506E+00  0.2085
   1.4693E-03   1.4893E-03   8.5043E-01  0.2425
   1.4893E-03   1.5092E-03   8.5043E-01  0.2425
   1.5092E-03   1.5292E-03   7.0035E-01  0.2673
   1.5292E-03   1.5492E-03   1.2006E+00  0.2041
   1.5492E-03   1.5692E-03   1.4007E+00  0.1890
   1.5692E-03   1.5892E-03   1.0005E+00  0.2236
   1.5892E-03   1.6092E-03   8.0040E-01  0.2500
   1.6092E-03   1.6292E-03   8.5043E-01  0.2425
   1.6292E-03   1.6492E-03   7.0035E-01  0.2673
   1.6492E-03   1.6692E-03   1.2006E+00  0.2041
   1.6692E-03   1.6892E-03   8.5043E-01  0.2425
   1.6892E-03   1.7091E-03   9.0045E-01  0.2357
   1.7091E-03   1.7291E-03   1.0005E+00  0.2236
   1.7291E-03   1.7491E-03   8.5043E-01  0.2425
   1.7491E-03   1.7691E-03   1.1006E+00  0.2132
   1.7691E-03   1.7891E-03   9.5048E-01  0.2294
   1.7891E-03   1.8091E-03   1.2006E+00  0.2041
   1.8091E-03   1.8291E-03   7.0035E-01  0.2673
   1.8291E-03   1.8491E-03   8.5043E-01  0.2425
   1.8491E-03   1.8691E-03   9.0045E-01  0.2357
   1.8691E-03   1.8891E-03   9.5048E-01  0.2294
   1.8891E-03   1.9091E-03   9.5048E-01  0.2294
   1.9091E-03   1.9290E-03   8.0040E-01  0.2500
   1.9290E-03   1.9490E-03   7.0035E-01  0.2673
   1.9490E-03   1.9690E-03   9.0045E-01  0.2357
   1.9690E-03   1.9890E-03   6.0030E-01  0.2887
   1.9890E-03   2.0090E-03   6.5033E-01  0.2773
   2.0090E-03   2.0290E-03   9.0045E-01  0.2357
   2.0290E-03   2.0490E-03   8.5043E-01  0.2425
   2.0490E-03   2.0690E-03   7.5038E-01  0.2582
   2.0690E-03   2.0890E-03   5.5028E-01  0.3015
   2.0890E-03   2.1090E-03   8.0040E-01  0.2500
   2.1090E-03   2.1289E-03   5.5028E-01  0.3015
   2.1289E-03   2.1489E-03   1.1506E+00  0.2085
   2.1489E-03   2.1689E-03   1.1506E+00  0.2085
   2.1689E-03   2.1889E-03   8.0040E-01  0.2500
   2.1889E-03   2.2089E-03   7.5038E-01  0.2582
   2.2089E-03   2.2289E-03   8.5043E-01  0.2425
   2.2289E-03   2.2489E-03   1.2506E+00  0.2000
   2.2489E-03   2.2689E-03   7.0035E-01  0.2673
   2.2689E-03   2.2889E-03   9.0045E-01  0.2357
   2.2889E-03   2.3088E-03   8.0040E-01  0.2500
   2.3088E-03   2.3288E-03   8.0040E-01  0.2500
   2.3288E-03   2.3488E-03   7.0035E-01  0.2673
   2.3488E-03   2.3688E-03   8.0040E-01  0.2500
   2.3688E-03   2.3888E-03   9.5048E-01  0.2294
   2.3888E-03   2.4088E-03   6.0030E-01  0.2887
   2.4088E-03   2.4288E-03   6.5033E-01  0.2773
   2.4288E-03   2.4488E-03   8.0040E-01  0.2500
   2.4488E-03   2.4688E-03   1.0505E+00  0.2182
   2.4688E-03   2.4888E-03   5.0025E-01  0.3162
   2.4888E-03   2.5088E-03   9.5048E-01  0.2294
   2.5088E-03   2.5287E-03   7.5038E-01  0.2582
   2.5287E-03   2.5487E-03   9.5048E-01  0.2294
   2.5487E-03   2.5687E-03   7.0035E-01  0.2673
   2.5687E-03   2.5887E-03   7.5038E-01  0.2582
   2.5887E-03   2.6087E-03   7.0035E-01  0.2673
   2.6087E-03   2.6287E-03   4.5023E-01  0.3333
   2.6287E-03   2.6487E-03   9.0045E-01  0.2357
   2.6487E-03   2.6687E-03   6.5033E-01  0.2773
   2.6687E-03   2.6887E-03   5.5028E-01  0.3015
   2.6887E-03   2.7086E-03   8.5043E-01  0.2425
   2.7086E-03   2.7286E-03   6.0030E-01  0.2887
   2.7286E-03   2.7486E-03   8.5043E-01  0.2425
   2.7486E-03   2.7686E-03   7.0035E-01  0.2673
   2.7686E-03   2.7886E-03   8.0040E-01  0.2500
   2.7886E-03   2.8086E-03   5.5028E-01  0.3015
   2.8086E-03   2.8286E-03   8.0040E-01  0.2500
   2.8286E-03   2.8486E-03   4.5023E-01  0.3333
   2.8486E-03   2.8686E-03   8.5043E-01  0.2425
   2.8686E-03   2.8886E-03   9.0045E-01  0.2357
   2.8886E-03   2.9086E-03   6.5033E-01  0.2773
   2.9086E-03   2.9285E-03   7.5038E-01  0.2582
   2.9285E-03   2.9485E-03   5.5028E-01  0.3015
   2.9485E-03   2.9685E-03   5.0025E-01  0.3162
   2.9685E-03   2.9885E-03   4.5023E-01  0.3333
   2.9885E-03   3.0085E-03   8.0040E-01  0.2500
   3.0085E-03   3.0285E-03   9.0045E-01  0.2357
   3.0285E-03   3.0485E-03   1.0005E+00  0.2236
   3.0485E-03   3.0685E-03   1.0505E+00  0.2182
   3.0685E-03   3.0885E-03   9.0045E-01  0.2357
   3.0885E-03   3.1085E-03   8.5043E-01  0.2425
   3.1085E-03   3.1284E-03   7.0035E-01  0.2673
   3.1284E-03   3.1484E-03   1.2006E+00  0.2041
   3.1484E-03   3.1684E-03   6.0030E-01  0.2887
   3.1684E-03   3.1884E-03   8.5043E-01  0.2425
   3.1884E-03   3.2084E-03   6.5033E-01  0.2773
   3.2084E-03   3.2284E-03   5.5028E-01  0.3015
   3.2284E-03   3.2484E-03   7.5038E-01  0.2582
   3.2484E-03   3.2684E-03   9.0045E-01  0.2357
   3.2684E-03   3.2884E-03   9.0045E-01  0.2357
   3.2884E-03   3.3083E-03   7.0035E-01  0.2673
   3.3083E-03   3.3283E-03   8.0040E-01  0.2500
   3.3283E-03   3.3483E-03   5.5028E-01  0.3015
   3.3483E-03   3.3683E-03   7.5038E-01  0.2582
   3.3683E-03   3.3883E-03   8.5043E-01  0.2425
   3.3883E-03   3.4083E-03   7.0035E-01  0.2673
   3.4083E-03   3.4283E-03   4.5023E-01  0.3333
   3.4283E-03   3.4483E-03   4.5023E-01  0.3333
   3.4483E-03   3.4683E-03   1.0505E+00  0.2182
   3.4683E-03   3.4883E-03   5.0025E-01  0.3162
   3.4883E-03   3.5083E-03   5.5028E-01  0.3015
   3.5083E-03   3.5282E-03   5.5028E-01  0.3015
   3.5282E-03   3.5482E-03   5.5028E-01  0.3015
   3.5482E-03   3.5682E-03   7.5038E-01  0.2582
   3.5682E-03   3.5882E-03   7.5038E-01  0.2582
   3.5882E-03   3.6082E-03   4.5023E-01  0.3333
   3.6082E-03   3.6282E-03   5.0025E-01  0.3162
   3.6282E-03   3.6482E-03   5.0025E-01  0.3162
   3.6482E-03   3.6682E-03   3.5018E-01  0.3780
   3.6682E-03   3.6882E-03   8.0040E-01  0.2500
   3.6882E-03   3.7081E-03   8.0040E-01  0.2500
   3.7081E-03   3.7281E-03   5.0025E-01  0.3162
   3.7281E-03   3.7481E-03   7.5038E-01  0.2582
   3.7481E-03   3.7681E-03   6.5033E-01  0.2773
   3.7681E-03   3.7881E-03   5.5028E-01  0.3015
   3.7881E-03   3.8081E-03   1.0005E+00  0.2236
   3.8081E-03   3.8281E-03   7.0035E-01  0.2673
   3.8281E-03   3.8481E-03   7.0035E-01  0.2673
   3.8481E-03   3.8681E-03   7.5038E-01  0.2582
   3.8681E-03   3.8881E-03   5.5028E-01  0.3015
   3.8881E-03   3.9080E-03   4.0020E-01  0.3536
   3.9080E-03   3.9280E-03   4.0020E-01  0.3536
   3.9280E-03   3.9480E-03   5.5028E-01  0.3015
   3.9480E-03   3.9680E-03   5.0025E-01  0.3162
   3.9680E-03   3.9880E-03   7.5038E-01  0.2582
   3.9880E-03   4.0080E-03   7.0035E-01  0.2673
   4.0080E-03   4.0280E-03   6.5033E-01  0.2773
   4.0280E-03   4.0480E-03   4.5023E-01  0.3333
   4.0480E-03   4.0680E-03   4.0020E-01  0.3536
   4.0680E-03   4.0880E-03   7.5038E-01  0.2582
   4.0880E-03   4.1079E-03   3.0015E-01  0.4082
   4.1079E-03   4.1279E-03   5.5028E-01  0.3015
   4.1279E-03   4.1479E-03   7.0035E-01  0.2673
   4.1479E-03   4.1679E-03   4.5023E-01  0.3333
   4.1679E-03   4.1879E-03   8.0040E-01  0.2500
   4.1879E-03   4.2079E-03   5.0025E-01  0.3162
   4.2079E-03   4.2279E-03   7.0035E-01  0.2673
   4.2279E-03   4.2479E-03   1.0005E+00  0.2236
   4.2479E-03   4.2679E-03   3.0015E-01  0.4082
   4.2679E-03   4.2879E-03   7.0035E-01  0.2673
   4.2879E-03   4.3078E-03   7.5038E-01  0.2582
   4.3078E-03   4.3278E-03   5.5028E-01  0.3015
   4.3278E-03   4.3478E-03   5.5028E-01  0.3015
   4.3478E-03   4.3678E-03   4.5023E-01  0.3333
   4.3678E-03   4.3878E-03   5.5028E-01  0.3015
   4.3878E-03   4.4078E-03   4.0020E-01  0.3536
   4.4078E-03   4.4278E-03   7.0035E-01  0.2673
   4.4278E-03   4.4478E-03   6.0030E-01  0.2887
   4.4478E-03   4.4678E-03   8.0040E-01  0.2500
   4.4678E-03   4.4878E-03   9.5048E-01  0.2294
   4.4878E-03   4.5077E-03   4.5023E-01  0.3333
   4.5077E-03   4.5277E-03   7.5038E-01  0.2582
   4.5277E-03   4.5477E-03   7.5038E-01  0.2582
   4.5477E-03   4.5677E-03   5.0025E-01  0.3162
   4.5677E-03   4.5877E-03   4.0020E-01  0.3536
   4.5877E-03   4.6077E-03   5.0025E-01  0.3162
   4.6077E-03   4.6277E-03   8.0040E-01  0.2500
   4.6277E-03   4.6477E-03   6.5033E-01  0.2773
   4.6477E-03   4.6677E-03   7.0035E-01  0.2673
   4.6677E-03   4.6877E-03   6.0030E-01  0.2887
   4.6877E-03   4.7076E-03   6.5033E-01  0.2773
   4.7076E-03   4.7276E-03   5.5028E-01  0.3015
   4.7276E-03   4.7476E-03   6.0030E-01  0.2887
   4.7476E-03   4.7676E-03   3.5018E-01  0.3780
   4.7676E-03   4.7876E-03   5.0025E-01  0.3162
   4.7876E-03   4.8076E-03   8.5043E-01  0.2425
   4.8076E-03   4.8276E-03   5.0025E-01  0.3162
   4.8276E-03   4.8476E-03   5.0025E-01  0.3162
   4.8476E-03   4.8676E-03   6.5033E-01  0.2773
   4.8676E-03   4.8876E-03   5.5028E-01  0.3015
   4.8876E-03   4.9075E-03   9.0045E-01  0.2357
   4.9075E-03   4.9275E-03   6.5033E-01  0.2773
   4.9275E-03   4.9475E-03   3.5018E-01  0.3780
   4.9475E-03   4.9675E-03   5.0025E-01  0.3162
   4.9675E-03   4.9875E-03   4.0020E-01  0.3536
   4.9875E-03   5.0075E-03   3.5018E-01  0.3780
   5.0075E-03   5.0275E-03   5.5028E-01  0.3015
   5.0275E-03   5.0475E-03   5.5028E-01  0.3015
   5.0475E-03   5.0675E-03   8.0040E-01  0.2500
   5.0675E-03   5.0875E-03   1.2006E+00  0.2041
   5.0875E-03   5.1074E-03   1.5508E+00  0.1796
   5.1074E-03   5.1274E-03   1.3007E+00  0.1961
   5.1274E-03   5.1474E-03   1.4507E+00  0.1857
   5.1474E-03   5.1674E-03   1.3507E+00  0.1924
   5.1674E-03   5.1874E-03   1.0505E+00  0.2182
   5.1874E-03   5.2074E-03   1.8009E+00  0.1667
   5.2074E-03   5.2274E-03   1.6508E+00  0.1741
   5.2274E-03   5.2474E-03   1.5508E+00  0.1796
   5.2474E-03   5.2674E-03   1.2506E+00  0.2000
   5.2674E-03   5.2874E-03   1.5508E+00  0.1796
   5.2874E-03   5.3073E-03   6.5033E-01  0.2773
   5.3073E-03   5.3273E-03   1.0005E+00  0.2236
   5.3273E-03   5.3473E-03   1.4007E+00  0.1890
   5.3473E-03   5.3673E-03   1.1006E+00  0.2132
   5.3673E-03   5.3873E-03   9.0045E-01  0.2357
   5.3873E-03   5.4073E-03   1.4007E+00  0.1890
   5.4073E-03   5.4273E-03   1.1006E+00  0.2132
   5.4273E-03   5.4473E-03   8.5043E-01  0.2425
   5.4473E-03   5.4673E-03   6.5033E-01  0.2773
   5.4673E-03   5.4873E-03   9.0045E-01  0.2357
   5.4873E-03   5.5072E-03   9.5048E-01  0.2294
   5.5072E-03   5.5272E-03   5.0025E-01  0.3162
   5.5272E-03   5.5472E-03   1.1506E+00  0.2085
   5.5472E-03   5.5672E-03   1.2506E+00  0.2000
   5.5672E-03   5.5872E-03   1.0005E+00  0.2236
   5.5872E-03   5.6072E-03   6.0030E-01  0.2887
   5.6072E-03   5.6272E-03   6.5033E-01  0.2773
   5.6272E-03   5.6472E-03   4.5023E-01  0.3333
   5.6472E-03   5.6672E-03   5.0025E-01  0.3162
   5.6672E-03   5.6872E-03   6.0030E-01  0.2887
   5.6872E-03   5.7071E-03   4.5023E-01  0.3333
   5.7071E-03   5.7271E-03   4.0020E-01  0.3536
   5.7271E-03   5.7471E-03   6.0030E-01  0.2887
   5.7471E-03   5.7671E-03   2.5013E-01  0.4472
   5.7671E-03   5.7871E-03   6.0030E-01  0.2887
   5.7871E-03   5.8071E-03   3.0015E-01  0.4082
   5.8071E-03   5.8271E-03   3.0015E-01  0.4082
   5.8271E-03   5.8471E-03   6.0030E-01  0.2887
   5.8471E-03   5.8671E-03   2.5013E-01  0.4472
   5.8671E-03   5.8871E-03   1.5008E-01  0.5773
   5.8871E-03   5.9070E-03   0.0000E+00  0.0000
   5.9070E-03   5.9270E-03   2.5013E-01  0.4472
   5.9270E-03   5.9470E-03   3.5018E-01  0.3780
   5.9470E-03   5.9670E-03   2.0010E-01  0.5000
   5.9670E-03   5.9870E-03   5.5028E-01  0.3015
   5.9870E-03   6.0070E-03   3.0015E-01  0.4082
   6.0070E-03   6.0270E-03   3.0015E-01  0.4082
   6.0270E-03   6.0470E-03   6.0030E-01  0.2887
   6.0470E-03   6.0670E-03   5.5028E-01  0.3015
   6.0670E-03   6.0870E-03   4.5023E-01  0.3333
   6.0870E-03   6.1069E-03   6.5033E-01  0.2773
   6.1069E-03   6.1269E-03   4.5023E-01  0.3333
   6.1269E-03   6.1469E-03   5.0025E-01  0.3162
   6.1469E-03   6.1669E-03   5.5028E-01  0.3015
   6.1669E-03   6.1869E-03   3.5018E-01  0.3780
   6.1869E-03   6.2069E-03   5.5028E-01  0.3015
   6.2069E-03   6.2269E-03   7.5038E-01  0.2582
   6.2269E-03   6.2469E-03   5.5028E-01  0.3015
   6.2469E-03   6.2669E-03   3.5018E-01  0.3780
   6.2669E-03   6.2869E-03   2.5013E-01  0.4472
   6.2869E-03   6.3068E-03   2.0010E-01  0.5000
   6.3068E-03   6.3268E-03   1.5008E-01  0.5773
   6.3268E-03   6.3468E-03   6.5033E-01  0.2773
   6.3468E-03   6.3668E-03   5.5028E-01  0.3015
   6.3668E-03   6.3868E-03   7.5038E-01  0.2582
   6.3868E-03   6.4068E-03   5.0025E-01  0.3162
   6.4068E-03   6.4268E-03   4.5023E-01  0.3333
   6.4268E-03   6.4468E-03   3.5018E-01  0.3780
   6.4468E-03   6.4668E-03   6.0030E-01  0.2887
   6.4668E-03   6.4868E-03   5.5028E-01  0.3015
   6.4868E-03   6.5067E-03   5.0025E-01  0.3162
   6.5067E-03   6.5267E-03   3.5018E-01  0.3780
   6.5267E-03   6.5467E-03   5.0025E-01  0.3162
   6.5467E-03   6.5667E-03   7.0035E-01  0.2673
   6.5667E-03   6.5867E-03   5.5028E-01  0.3015
   6.5867E-03   6.6067E-03   5.5028E-01  0.3015
   6.6067E-03   6.6267E-03   4.5023E-01  0.3333
   6.6267E-03   6.6467E-03   5.0025E-01  0.3162
   6.6467E-03   6.6667E-03   3.5018E-01  0.3780
   6.6667E-03   6.6867E-03   4.5023E-01  0.3333
   6.6867E-03   6.7066E-03   7.0035E-01  0.2673
   6.7066E-03   6.7266E-03   5.5028E-01  0.3015
   6.7266E-03   6.7466E-03   4.5023E-01  0.3333
   6.7466E-03   6.7666E-03   4.5023E-01  0.3333
   6.7666E-03   6.7866E-03   3.5018E-01  0.3780
   6.7866E-03   6.8066E-03   6.0030E-01  0.2887
   6.8066E-03   6.8266E-03   5.0025E-01  0.3162
   6.8266E-03   6.8466E-03   4.0020E-01  0.3536
   6.8466E-03   6.8666E-03   4.5023E-01  0.3333
   6.8666E-03   6.8866E-03   7.5038E-01  0.2582
   6.8866E-03   6.9066E-03   3.0015E-01  0.4082
   6.9066E-03   6.9265E-03   8.0040E-01  0.2500
   6.9265E-03   6.9465E-03   3.0015E-01  0.4082
   6.9465E-03   6.9665E-03   3.0015E-01  0.4082
   6.9665E-03   6.9865E-03   4.0020E-01  0.3536
   6.9865E-03   7.0065E-03   2.5013E-01  0.4472
   7.0065E-03   7.0265E-03   2.5013E-01  0.4472
   7.0265E-03   7.0465E-03   2.5013E-01  0.4472
   7.0465E-03   7.0665E-03   5.0025E-01  0.3162
   7.0665E-03   7.0865E-03   4.5023E-01  0.3333
   7.0865E-03   7.1064E-03   4.5023E-01  0.3333
   7.1064E-03   7.1264E-03   5.0025E-01  0.3162
   7.1264E-03   7.1464E-03   6.5033E-01  0.2773
   7.1464E-03   7.1664E-03   3.5018E-01  0.3780
   7.1664E-03   7.1864E-03   7.0035E-01  0.2673
   7.1864E-03   7.2064E-03   4.5023E-01  0.3333
   7.2064E-03   7.2264E-03   2.5013E-01  0.4472
   7.2264E-03   7.2464E-03   4.0020E-01  0.3536
   7.2464E-03   7.2664E-03   2.0010E-01  0.5000
   7.2664E-03   7.2864E-03   6.0030E-01  0.2887
   7.2864E-03   7.3063E-03   5.5028E-01  0.3015
   7.3063E-03   7.3263E-03   3.5018E-01  0.3780
   7.3263E-03   7.3463E-03   2.5013E-01  0.4472
   7.3463E-03   7.3663E-03   4.5023E-01  0.3333
   7.3663E-03   7.3863E-03   4.0020E-01  0.3536
   7.3863E-03   7.4063E-03   1.0005E-01  0.7071
   7.4063E-03   7.4263E-03   5.0025E-01  0.3162
   7.4263E-03   7.4463E-03   3.0015E-01  0.4082
   7.4463E-03   7.4663E-03   6.5033E-01  0.2773
   7.4663E-03   7.4863E-03   4.0020E-01  0.3536
   7.4863E-03   7.5062E-03   5.0025E-01  0.3162
   7.5062E-03   7.5262E-03   3.0015E-01  0.4082
   7.5262E-03   7.5462E-03   2.0010E-01  0.5000
   7.5462E-03   7.5662E-03   2.0010E-01  0.5000
   7.5662E-03   7.5862E-03   4.5023E-01  0.3333
   7.5862E-03   7.6062E-03   7.0035E-01  0.2673
   7.6062E-03   7.6262E-03   3.5018E-01  0.3780
   7.6262E-03   7.6462E-03   4.0020E-01  0.3536
   7.6462E-03   7.6662E-03   6.0030E-01  0.2887
   7.6662E-03   7.6862E-03   4.0020E-01  0.3536
   7.6862E-03   7.7061E-03   2.5013E-01  0.4472
   7.7061E-03   7.7261E-03   5.5028E-01  0.3015
   7.7261E-03   7.7461E-03   3.5018E-01  0.3780
   7.7461E-03   7.7661E-03   3.5018E-01  0.3780
   7.7661E-03   7.7861E-03   3.5018E-01  0.3780
   7.7861E-03   7.8061E-03   6.5033E-01  0.2773
   7.8061E-03   7.8261E-03   6.0030E-01  0.2887
   7.8261E-03   7.8461E-03   4.5023E-01  0.3333
   7.8461E-03   7.8661E-03   4.0020E-01  0.3536
   7.8661E-03   7.8861E-03   2.5013E-01  0.4472
   7.8861E-03   7.9060E-03   4.5023E-01  0.3333
   7.9060E-03   7.9260E-03   2.5013E-01  0.4472
   7.9260E-03   7.9460E-03   6.0030E-01  0.2887
   7.9460E-03   7.9660E-03   3.5018E-01  0.3780
   7.9660E-03   7.9860E-03   1.5008E-01  0.5773
   7.9860E-03   8.0060E-03   3.0015E-01  0.4082
   8.0060E-03   8.0260E-03   3.0015E-01  0.4082
   8.0260E-03   8.0460E-03   2.0010E-01  0.5000
   8.0460E-03   8.0660E-03   2.0010E-01  0.5000
   8.0660E-03   8.0860E-03   6.0030E-01  0.2887
   8.0860E-03   8.1059E-03   3.5018E-01  0.3780
   8.1059E-03   8.1259E-03   3.5018E-01  0.3780
   8.1259E-03   8.1459E-03   7.5038E-01  0.2582
   8.1459E-03   8.1659E-03   5.0025E-01  0.3162
   8.1659E-03   8.1859E-03   2.0010E-01  0.5000
   8.1859E-03   8.2059E-03   2.5013E-01  0.4472
   8.2059E-03   8.2259E-03   6.0030E-01  0.2887
   8.2259E-03   8.2459E-03   4.5023E-01  0.3333
   8.2459E-03   8.2659E-03   5.0025E-01  0.3162
   8.2659E-03   8.2859E-03   3.5018E-01  0.3780
   8.2859E-03   8.3059E-03   4.0020E-01  0.3536
   8.3059E-03   8.3258E-03   4.0020E-01  0.3536
   8.3258E-03   8.3458E-03   4.5023E-01  0.3333
   8.3458E-03   8.3658E-03   6.0030E-01  0.2887
   8.3658E-03   8.3858E-03   4.5023E-01  0.3333
   8.3858E-03   8.4058E-03   2.5013E-01  0.4472
   8.4058E-03   8.4258E-03   4.0020E-01  0.3536
   8.4258E-03   8.4458E-03   3.5018E-01  0.3780
   8.4458E-03   8.4658E-03   3.5018E-01  0.3780
   8.4658E-03   8.4858E-03   5.0025E-01  0.3162
   8.4858E-03   8.5057E-03   5.0025E-01  0.3162
   8.5057E-03   8.5257E-03   4.0020E-01  0.3536
   8.5257E-03   8.5457E-03   6.0030E-01  0.2887
   8.5457E-03   8.5657E-03   4.0020E-01  0.3536
   8.5657E-03   8.5857E-03   5.0025E-01  0.3162
   8.5857E-03   8.6057E-03   3.0015E-01  0.4082
   8.6057E-03   8.6257E-03   5.5028E-01  0.3015
   8.6257E-03   8.6457E-03   5.0025E-01  0.3162
   8.6457E-03   8.6657E-03   3.5018E-01  0.3780
   8.6657E-03   8.6857E-03   3.5018E-01  0.3780
   8.6857E-03   8.7056E-03   5.5028E-01  0.3015
   8.7056E-03   8.7256E-03   3.5018E-01  0.3780
   8.7256E-03   8.7456E-03   2.0010E-01  0.5000
   8.7456E-03   8.7656E-03   6.0030E-01  0.2887
   8.7656E-03   8.7856E-03   5.5028E-01  0.3015
   8.7856E-03   8.8056E-03   5.5028E-01  0.3015
   8.8056E-03   8.8256E-03   7.0035E-01  0.2673
   8.8256E-03   8.8456E-03   6.0030E-01  0.2887
   8.8456E-03   8.8656E-03   5.0025E-01  0.3162
   8.8656E-03   8.8856E-03   5.5028E-01  0.3015
   8.8856E-03   8.9055E-03   5.5028E-01  0.3015
   8.9055E-03   8.9255E-03   3.0015E-01  0.4082
   8.9255E-03   8.9455E-03   4.0020E-01  0.3536
   8.9455E-03   8.9655E-03   7.5038E-01  0.2582
   8.9655E-03   8.9855E-03   3.0015E-01  0.4082
   8.9855E-03   9.0055E-03   6.0030E-01  0.2887
   9.0055E-03   9.0255E-03   7.0035E-01  0.2673
   9.0255E-03   9.0455E-03   3.5018E-01  0.3780
   9.0455E-03   9.0655E-03   6.0030E-01  0.2887
   9.0655E-03   9.0855E-03   3.5018E-01  0.3780
   9.0855E-03   9.1054E-03   3.5018E-01  0.3780
   9.1054E-03   9.1254E-03   5.5028E-01  0.3015
   9.1254E-03   9.1454E-03   2.5013E-01  0.4472
   9.1454E-03   9.1654E-03   5.5028E-01  0.3015
   9.1654E-03   9.1854E-03   4.5023E-01  0.3333
   9.1854E-03   9.2054E-03   4.5023E-01  0.3333
   9.2054E-03   9.2254E-03   6.0030E-01  0.2887
   9.2254E-03   9.2454E-03   4.0020E-01  0.3536
   9.2454E-03   9.2654E-03   4.5023E-01  0.3333
   9.2654E-03   9.2854E-03   5.0025E-01  0.3162
   9.2854E-03   9.3054E-03   3.5018E-01  0.3780
   9.3054E-03   9.3253E-03   4.5023E-01  0.3333
   9.3253E-03   9.3453E-03   4.5023E-01  0.3333
   9.3453E-03   9.3653E-03   3.5018E-01  0.3780
   9.3653E-03   9.3853E-03   7.5038E-01  0.2582
   9.3853E-03   9.4053E-03   5.5028E-01  0.3015
   9.4053E-03   9.4253E-03   6.0030E-01  0.2887
   9.4253E-03   9.4453E-03   2.5013E-01  0.4472
   9.4453E-03   9.4653E-03   5.0025E-01  0.3162
   9.4653E-03   9.4853E-03   6.0030E-01  0.2887
   9.4853E-03   9.5052E-03   1.0005E-01  0.7071
   9.5052E-03   9.5252E-03   4.0020E-01  0.3536
   9.5252E-03   9.5452E-03   9.5048E-01  0.2294
   9.5452E-03   9.5652E-03   2.5013E-01  0.4472
   9.5652E-03   9.5852E-03   7.0035E-01  0.2673
   9.5852E-03   9.6052E-03   4.5023E-01  0.3333
   9.6052E-03   9.6252E-03   6.0030E-01  0.2887
   9.6252E-03   9.6452E-03   6.0030E-01  0.2887
   9.6452E-03   9.6652E-03   4.5023E-01  0.3333
   9.6652E-03   9.6852E-03   5.0025E-01  0.3162
   9.6852E-03   9.7051E-03   7.5038E-01  0.2582
   9.7051E-03   9.7251E-03   6.0030E-01  0.2887
   9.7251E-03   9.7451E-03   6.5033E-01  0.2773
   9.7451E-03   9.7651E-03   7.5038E-01  0.2582
   9.7651E-03   9.7851E-03   3.0015E-01  0.4082
   9.7851E-03   9.8051E-03   6.0030E-01  0.2887
   9.8051E-03   9.8251E-03   4.0020E-01  0.3536
   9.8251E-03   9.8451E-03   4.5023E-01  0.3333
   9.8451E-03   9.8651E-03   6.0030E-01  0.2887
   9.8651E-03   9.8851E-03   7.0035E-01  0.2673
   9.8851E-03   9.9051E-03   6.5033E-01  0.2773
   9.9051E-03   9.9250E-03   5.5028E-01  0.3015
   9.9250E-03   9.9450E-03   7.0035E-01  0.2673
   9.9450E-03   9.9650E-03   7.0035E-01  0.2673
   9.9650E-03   9.9850E-03   7.5038E-01  0.2582
   9.9850E-03   1.0005E-02   6.5033E-01  0.2773
   1.0005E-02   1.0025E-02   7.0035E-01  0.2673
   1.0025E-02   1.0045E-02   2.5013E+00  0.1414
   1.0045E-02   1.0065E-02   5.3027E+00  0.0971
   1.0065E-02   1.0085E-02   5.4527E+00  0.0958
   1.0085E-02   1.0105E-02   4.8524E+00  0.1015
   1.0105E-02   1.0125E-02   4.5023E+00  0.1054
   1.0125E-02   1.0145E-02   4.3522E+00  0.1072
   1.0145E-02   1.0165E-02   4.1021E+00  0.1104
   1.0165E-02   1.0185E-02   5.1526E+00  0.0985
   1.0185E-02   1.0205E-02   6.5533E+00  0.0874
   1.0205E-02   1.0225E-02   5.5028E+00  0.0953
   1.0225E-02   1.0245E-02   5.4527E+00  0.0958
   1.0245E-02   1.0265E-02   5.0025E+00  0.1000
   1.0265E-02   1.0285E-02   5.3027E+00  0.0971
   1.0285E-02   1.0305E-02   5.0025E+00  0.1000
   1.0305E-02   1.0325E-02   5.3527E+00  0.0967
   1.0325E-02   1.0345E-02   6.0030E+00  0.0913
   1.0345E-02   1.0365E-02   5.5028E+00  0.0953
   1.0365E-02   1.0385E-02   5.6028E+00  0.0945
   1.0385E-02   1.0405E-02   4.6523E+00  0.1037
   1.0405E-02   1.0425E-02   4.8524E+00  0.1015
   1.0425E-02   1.0445E-02   4.8024E+00  0.1021
   1.0445E-02   1.0465E-02   5.8029E+00  0.0928
   1.0465E-02   1.0485E-02   4.6523E+00  0.1037
   1.0485E-02   1.0505E-02   5.7529E+00  0.0932
   1.0505E-02   1.0525E-02   5.2026E+00  0.0981
   1.0525E-02   1.0545E-02   5.5528E+00  0.0949
   1.0545E-02   1.0565E-02   4.9025E+00  0.1010
   1.0565E-02   1.0585E-02   5.5028E+00  0.0953
   1.0585E-02   1.0605E-02   4.7024E+00  0.1031
   1.0605E-02   1.0625E-02   4.7024E+00  0.1031
   1.0625E-02   1.0645E-02   4.7524E+00  0.1026
   1.0645E-02   1.0665E-02   5.6528E+00  0.0941
   1.0665E-02   1.0685E-02   5.1526E+00  0.0985
   1.0685E-02   1.0705E-02   4.1021E+00  0.1104
   1.0705E-02   1.0725E-02   5.3527E+00  0.0967
   1.0725E-02   1.0745E-02   5.1526E+00  0.0985
   1.0745E-02   1.0765E-02   5.0025E+00  0.1000
   1.0765E-02   1.0785E-02   5.2526E+00  0.0976
   1.0785E-02   1.0805E-02   6.0530E+00  0.0909
   1.0805E-02   1.0825E-02   5.7029E+00  0.0937
   1.0825E-02   1.0845E-02   5.9030E+00  0.0921
   1.0845E-02   1.0865E-02   5.7529E+00  0.0932
   1.0865E-02   1.0885E-02   5.6528E+00  0.0941
   1.0885E-02   1.0905E-02   5.7529E+00  0.0932
   1.0905E-02   1.0925E-02   5.1526E+00  0.0985
   1.0925E-02   1.0945E-02   5.4027E+00  0.0962
   1.0945E-02   1.0965E-02   5.6028E+00  0.0945
   1.0965E-02   1.0985E-02   5.7529E+00  0.0932
   1.0985E-02   1.1005E-02   5.0025E+00  0.1000
   1.1005E-02   1.1024E-02   5.2526E+00  0.0976
   1.1024E-02   1.1044E-02   5.1026E+00  0.0990
   1.1044E-02   1.1064E-02   4.3522E+00  0.1072
   1.1064E-02   1.1084E-02   6.7034E+00  0.0864
   1.1084E-02   1.1104E-02   5.7529E+00  0.0932
   1.1104E-02   1.1124E-02   5.0525E+00  0.0995
   1.1124E-02   1.1144E-02   5.7029E+00  0.0937
   1.1144E-02   1.1164E-02   5.3027E+00  0.0971
   1.1164E-02   1.1184E-02   4.8524E+00  0.1015
   1.1184E-02   1.1204E-02   5.3527E+00  0.0967
   1.1204E-02   1.1224E-02   5.3527E+00  0.0967
   1.1224E-02   1.1244E-02   5.1026E+00  0.0990
   1.1244E-02   1.1264E-02   5.1526E+00  0.0985
   1.1264E-02   1.1284E-02   4.5023E+00  0.1054
   1.1284E-02   1.1304E-02   4.9025E+00  0.1010
   1.1304E-02   1.1324E-02   4.3522E+00  0.1072
   1.1324E-02   1.1344E-02   4.9025E+00  0.1010
   1.1344E-02   1.1364E-02   5.4027E+00  0.0962
   1.1364E-02   1.1384E-02   6.2531E+00  0.0894
   1.1384E-02   1.1404E-02   5.1026E+00  0.0990
   1.1404E-02   1.1424E-02   4.7524E+00  0.1026
   1.1424E-02   1.1444E-02   5.8029E+00  0.0928
   1.1444E-02   1.1464E-02   4.8524E+00  0.1015
   1.1464E-02   1.1484E-02   5.1026E+00  0.0990
   1.1484E-02   1.1504E-02   4.7024E+00  0.1031
   1.1504E-02   1.1524E-02   5.6528E+00  0.0941
   1.1524E-02   1.1544E-02   5.0525E+00  0.0995
   1.1544E-02   1.1564E-02   5.2526E+00  0.0976
   1.1564E-02   1.1584E-02   5.0525E+00  0.0995
   1.1584E-02   1.1604E-02   5.3027E+00  0.0971
   1.1604E-02   1.1624E-02   5.1026E+00  0.0990
   1.1624E-02   1.1644E-02   5.8529E+00  0.0924
   1.1644E-02   1.1664E-02   5.0525E+00  0.0995
   1.1664E-02   1.1684E-02   5.4027E+00  0.0962
   1.1684E-02   1.1704E-02   4.8524E+00  0.1015
   1.1704E-02   1.1724E-02   5.5028E+00  0.0953
   1.1724E-02   1.1744E-02   4.9025E+00  0.1010
   1.1744E-02   1.1764E-02   5.5028E+00  0.0953
   1.1764E-02   1.1784E-02   5.5028E+00  0.0953
   1.1784E-02   1.1804E-02   5.5528E+00  0.0949
   1.1804E-02   1.1824E-02   5.6528E+00  0.0941
   1.1824E-02   1.1844E-02   4.8024E+00  0.1021
   1.1844E-02   1.1864E-02   5.4027E+00  0.0962
   1.1864E-02   1.1884E-02   5.6528E+00  0.0941
   1.1884E-02   1.1904E-02   4.2021E+00  0.1091
   1.1904E-02   1.1924E-02   5.6028E+00  0.0945
   1.1924E-02   1.1944E-02   4.6023E+00  0.1043
   1.1944E-02   1.1964E-02   4.8524E+00  0.1015
   1.1964E-02   1.1984E-02   5.4527E+00  0.0958
   1.1984E-02   1.2004E-02   5.2526E+00  0.0976
   1.2004E-02   1.2024E-02   5.1026E+00  0.0990
   1.2024E-02   1.2044E-02   4.6523E+00  0.1037
   1.2044E-02   1.2064E-02   5.4527E+00  0.0958
   1.2064E-02   1.2084E-02   5.4527E+00  0.0958
   1.2084E-02   1.2104E-02   6.0530E+00  0.0909
   1.2104E-02   1.2124E-02   5.4027E+00  0.0962
   1.2124E-02   1.2144E-02   5.3027E+00  0.0971
   1.2144E-02   1.2164E-02   4.0520E+00  0.1111
   1.2164E-02   1.2184E-02   6.1531E+00  0.0902
   1.2184E-02   1.2204E-02   5.9030E+00  0.0921
   1.2204E-02   1.2224E-02   5.6028E+00  0.0945
   1.2224E-02   1.2244E-02   4.9525E+00  0.1005
   1.2244E-02   1.2264E-02   5.6528E+00  0.0941
   1.2264E-02   1.2284E-02   5.5528E+00  0.0949
   1.2284E-02   1.2304E-02   5.6028E+00  0.0945
   1.2304E-02   1.2324E-02   5.1526E+00  0.0985
   1.2324E-02   1.2344E-02   5.6028E+00  0.0945
   1.2344E-02   1.2364E-02   4.7524E+00  0.1026
   1.2364E-02   1.2384E-02   5.6528E+00  0.0941
   1.2384E-02   1.2404E-02   5.7029E+00  0.0937
   1.2404E-02   1.2424E-02   5.6528E+00  0.0941
   1.2424E-02   1.2444E-02   4.2021E+00  0.1091
   1.2444E-02   1.2464E-02   5.1026E+00  0.0990
   1.2464E-02   1.2484E-02   4.4022E+00  0.1066
   1.2484E-02   1.2504E-02   5.8029E+00  0.0928
   1.2504E-02   1.2524E-02   5.5028E+00  0.0953
   1.2524E-02   1.2544E-02   4.5523E+00  0.1048
   1.2544E-02   1.2564E-02   5.2526E+00  0.0976
   1.2564E-02   1.2584E-02   5.4027E+00  0.0962
   1.2584E-02   1.2604E-02   5.3527E+00  0.0967
   1.2604E-02   1.2624E-02   4.3022E+00  0.1078
   1.2624E-02   1.2644E-02   5.4027E+00  0.0962
   1.2644E-02   1.2664E-02   4.8024E+00  0.1021
   1.2664E-02   1.2684E-02   4.9525E+00  0.1005
   1.2684E-02   1.2704E-02   5.8029E+00  0.0928
   1.2704E-02   1.2724E-02   5.5028E+00  0.0953
   1.2724E-02   1.2744E-02   4.7524E+00  0.1026
   1.2744E-02   1.2764E-02   5.2026E+00  0.0981
   1.2764E-02   1.2784E-02   5.1026E+00  0.0990
   1.2784E-02   1.2804E-02   5.3027E+00  0.0971
   1.2804E-02   1.2824E-02   5.1026E+00  0.0990
   1.2824E-02   1.2844E-02   5.2526E+00  0.0976
   1.2844E-02   1.2864E-02   4.4022E+00  0.1066
   1.2864E-02   1.2884E-02   4.9525E+00  0.1005
   1.2884E-02   1.2904E-02   5.2526E+00  0.0976
   1.2904E-02   1.2924E-02   5.1026E+00  0.0990
   1.2924E-02   1.2944E-02   4.4022E+00  0.1066
   1.2944E-02   1.2964E-02   5.3027E+00  0.0971
   1.2964E-02   1.2984E-02   4.7024E+00  0.1031
   1.2984E-02   1.3003E-02   4.7524E+00  0.1026
   1.3003E-02   1.3023E-02   5.4027E+00  0.0962
   1.3023E-02   1.3043E-02   4.4522E+00  0.1060
   1.3043E-02   1.3063E-02   4.8524E+00  0.1015
   1.3063E-02   1.3083E-02   6.0530E+00  0.0909
   1.3083E-02   1.3103E-02   5.8529E+00  0.0924
   1.3103E-02   1.3123E-02   5.2526E+00  0.0976
   1.3123E-02   1.3143E-02   5.1026E+00  0.0990
   1.3143E-02   1.3163E-02   5.5028E+00  0.0953
   1.3163E-02   1.3183E-02   5.7029E+00  0.0937
   1.3183E-02   1.3203E-02   6.0030E+00  0.0913
   1.3203E-02   1.3223E-02   5.1026E+00  0.0990
   1.3223E-02   1.3243E-02   5.1026E+00  0.0990
   1.3243E-02   1.3263E-02   4.3522E+00  0.1072
   1.3263E-02   1.3283E-02   4.2521E+00  0.1085
   1.3283E-02   1.3303E-02   5.6528E+00  0.0941
   1.3303E-02   1.3323E-02   5.6528E+00  0.0941
   1.3323E-02   1.3343E-02   5.2526E+00  0.0976
   1.3343E-02   1.3363E-02   5.2026E+00  0.0981
   1.3363E-02   1.3383E-02   4.8024E+00  0.1021
   1.3383E-02   1.3403E-02   5.0025E+00  0.1000
   1.3403E-02   1.3423E-02   4.4022E+00  0.1066
   1.3423E-02   1.3443E-02   5.0525E+00  0.0995
   1.3443E-02   1.3463E-02   5.5528E+00  0.0949
   1.3463E-02   1.3483E-02   4.6023E+00  0.1043
   1.3483E-02   1.3503E-02   5.3527E+00  0.0967
   1.3503E-02   1.3523E-02   5.8029E+00  0.0928
   1.3523E-02   1.3543E-02   5.8529E+00  0.0924
   1.3543E-02   1.3563E-02   6.1031E+00  0.0905
   1.3563E-02   1.3583E-02   5.2526E+00  0.0976
   1.3583E-02   1.3603E-02   5.2026E+00  0.0981
   1.3603E-02   1.3623E-02   5.0525E+00  0.0995
   1.3623E-02   1.3643E-02   5.0525E+00  0.0995
   1.3643E-02   1.3663E-02   4.7024E+00  0.1031
   1.3663E-02   1.3683E-02   5.8529E+00  0.0924
   1.3683E-02   1.3703E-02   4.6023E+00  0.1043
   1.3703E-02   1.3723E-02   5.6528E+00  0.0941
   1.3723E-02   1.3743E-02   5.6528E+00  0.0941
   1.3743E-02   1.3763E-02   5.4027E+00  0.0962
   1.3763E-02   1.3783E-02   4.7524E+00  0.1026
   1.3783E-02   1.3803E-02   5.4027E+00  0.0962
   1.3803E-02   1.3823E-02   4.5523E+00  0.1048
   1.3823E-02   1.3843E-02   4.9525E+00  0.1005
   1.3843E-02   1.3863E-02   5.1526E+00  0.0985
   1.3863E-02   1.3883E-02   4.7524E+00  0.1026
   1.3883E-02   1.3903E-02   5.0025E+00  0.1000
   1.3903E-02   1.3923E-02   5.8029E+00  0.0928
   1.3923E-02   1.3943E-02   4.6023E+00  0.1043
   1.3943E-02   1.3963E-02   6.1531E+00  0.0902
   1.3963E-02   1.3983E-02   6.3032E+00  0.0891
   1.3983E-02   1.4003E-02   5.6528E+00  0.0941
   1.4003E-02   1.4023E-02   5.2026E+00  0.0981
   1.4023E-02   1.4043E-02   5.0525E+00  0.0995
   1.4043E-02   1.4063E-02   4.8524E+00  0.1015
   1.4063E-02   1.4083E-02   5.3527E+00  0.0967
   1.4083E-02   1.4103E-02   5.3027E+00  0.0971
   1.4103E-02   1.4123E-02   5.1526E+00  0.0985
   1.4123E-02   1.4143E-02   4.6523E+00  0.1037
   1.4143E-02   1.4163E-02   5.0025E+00  0.1000
   1.4163E-02   1.4183E-02   5.4027E+00  0.0962
   1.4183E-02   1.4203E-02   5.4027E+00  0.0962
   1.4203E-02   1.4223E-02   5.3027E+00  0.0971
   1.4223E-02   1.4243E-02   4.6023E+00  0.1043
   1.4243E-02   1.4263E-02   4.3522E+00  0.1072
   1.4263E-02   1.4283E-02   5.0025E+00  0.1000
   1.4283E-02   1.4303E-02   6.0530E+00  0.0909
   1.4303E-02   1.4323E-02   5.0025E+00  0.1000
   1.4323E-02   1.4343E-02   4.4022E+00  0.1066
   1.4343E-02   1.4363E-02   5.6528E+00  0.0941
   1.4363E-02   1.4383E-02   5.0025E+00  0.1000
   1.4383E-02   1.4403E-02   5.0025E+00  0.1000
   1.4403E-02   1.4423E-02   5.8529E+00  0.0924
   1.4423E-02   1.4443E-02   4.9525E+00  0.1005
   1.4443E-02   1.4463E-02   4.7524E+00  0.1026
   1.4463E-02   1.4483E-02   5.5528E+00  0.0949
   1.4483E-02   1.4503E-02   5.8529E+00  0.0924
   1.4503E-02   1.4523E-02   5.5028E+00  0.0953
   1.4523E-02   1.4543E-02   4.8024E+00  0.1021
   1.4543E-02   1.4563E-02   5.1026E+00  0.0990
   1.4563E-02   1.4583E-02   4.6023E+00  0.1043
   1.4583E-02   1.4603E-02   4.9025E+00  0.1010
   1.4603E-02   1.4623E-02   5.2526E+00  0.0976
   1.4623E-02   1.4643E-02   5.4027E+00  0.0962
   1.4643E-02   1.4663E-02   5.1026E+00  0.0990
   1.4663E-02   1.4683E-02   6.1531E+00  0.0902
   1.4683E-02   1.4703E-02   4.8024E+00  0.1021
   1.4703E-02   1.4723E-02   5.4527E+00  0.0958
   1.4723E-02   1.4743E-02   6.0530E+00  0.0909
   1.4743E-02   1.4763E-02   4.8024E+00  0.1021
   1.4763E-02   1.4783E-02   5.7529E+00  0.0932
   1.4783E-02   1.4803E-02   5.0025E+00  0.1000
   1.4803E-02   1.4823E-02   4.0520E+00  0.1111
   1.4823E-02   1.4843E-02   4.6023E+00  0.1043
   1.4843E-02   1.4863E-02   5.3027E+00  0.0971
   1.4863E-02   1.4883E-02   4.6023E+00  0.1043
   1.4883E-02   1.4903E-02   4.4522E+00  0.1060
   1.4903E-02   1.4923E-02   5.9530E+00  0.0917
   1.4923E-02   1.4943E-02   4.1021E+00  0.1104
   1.4943E-02   1.4963E-02   5.2526E+00  0.0976
   1.4963E-02   1.4983E-02   5.2026E+00  0.0981
   1.4983E-02   1.5003E-02   5.7529E+00  0.0932
   1.5003E-02   1.5022E-02   5.6028E+00  0.0945
   1.5022E-02   1.5042E-02   5.7529E+00  0.0932
   1.5042E-02   1.5062E-02   4.6023E+00  0.1043
   1.5062E-02   1.5082E-02   5.1526E+00  0.0985
   1.5082E-02   1.5102E-02   5.1026E+00  0.0990
   1.5102E-02   1.5122E-02   5.0025E+00  0.1000
   1.5122E-02   1.5142E-02   5.0025E+00  0.1000
   1.5142E-02   1.5162E-02   5.1526E+00  0.0985
   1.5162E-02   1.5182E-02   5.6028E+00  0.0945
   1.5182E-02   1.5202E-02   5.0525E+00  0.0995
   1.5202E-02   1.5222E-02   5.0025E+00  0.1000
   1.5222E-02   1.5242E-02   5.5528E+00  0.0949
   1.5242E-02   1.5262E-02   5.0025E+00  0.1000
   1.5262E-02   1.5282E-02   5.6528E+00  0.0941
   1.5282E-02   1.5302E-02   4.8524E+00  0.1015
   1.5302E-02   1.5322E-02   5.2026E+00  0.0981
   1.5322E-02   1.5342E-02   4.7024E+00  0.1031
   1.5342E-02   1.5362E-02   5.5028E+00  0.0953
   1.5362E-02   1.5382E-02   4.7024E+00  0.1031
   1.5382E-02   1.5402E-02   4.7024E+00  0.1031
   1.5402E-02   1.5422E-02   4.6523E+00  0.1037
   1.5422E-02   1.5442E-02   5.2026E+00  0.0981
   1.5442E-02   1.5462E-02   4.3522E+00  0.1072
   1.5462E-02   1.5482E-02   6.2031E+00  0.0898
   1.5482E-02   1.5502E-02   5.5528E+00  0.0949
   1.5502E-02   1.5522E-02   4.9525E+00  0.1005
   1.5522E-02   1.5542E-02   5.3027E+00  0.0971
   1.5542E-02   1.5562E-02   4.9525E+00  0.1005
   1.5562E-02   1.5582E-02   4.4022E+00  0.1066
   1.5582E-02   1.5602E-02   5.3027E+00  0.0971
   1.5602E-02   1.5622E-02   5.5028E+00  0.0953
   1.5622E-02   1.5642E-02   5.4527E+00  0.0958
   1.5642E-02   1.5662E-02   4.5523E+00  0.1048
   1.5662E-02   1.5682E-02   4.6523E+00  0.1037
   1.5682E-02   1.5702E-02   4.9025E+00  0.1010
   1.5702E-02   1.5722E-02   5.0025E+00  0.1000
   1.5722E-02   1.5742E-02   5.2526E+00  0.0976
   1.5742E-02   1.5762E-02   5.1526E+00  0.0985
   1.5762E-02   1.5782E-02   5.7029E+00  0.0937
   1.5782E-02   1.5802E-02   4.6023E+00  0.1043
   1.5802E-02   1.5822E-02   4.9525E+00  0.1005
   1.5822E-02   1.5842E-02   5.2026E+00  0.0981
   1.5842E-02   1.5862E-02   4.7024E+00  0.1031
   1.5862E-02   1.5882E-02   5.3027E+00  0.0971
   1.5882E-02   1.5902E-02   4.9025E+00  0.1010
   1.5902E-02   1.5922E-02   5.7029E+00  0.0937
   1.5922E-02   1.5942E-02   5.4527E+00  0.0958
   1.5942E-02   1.5962E-02   5.4027E+00  0.0962
   1.5962E-02   1.5982E-02   5.9530E+00  0.0917
   1.5982E-02   1.6002E-02   5.2526E+00  0.0976
   1.6002E-02   1.6022E-02   5.7529E+00  0.0932
   1.6022E-02   1.6042E-02   5.4027E+00  0.0962
   1.6042E-02   1.6062E-02   5.1026E+00  0.0990
   1.6062E-02   1.6082E-02   4.5523E+00  0.1048
   1.6082E-02   1.6102E-02   4.8524E+00  0.1015
   1.6102E-02   1.6122E-02   4.4522E+00  0.1060
   1.6122E-02   1.6142E-02   4.6523E+00  0.1037
   1.6142E-02   1.6162E-02   5.5028E+00  0.0953
   1.6162E-02   1.6182E-02   4.9525E+00  0.1005
   1.6182E-02   1.6202E-02   5.2526E+00  0.0976
   1.6202E-02   1.6222E-02   4.9025E+00  0.1010
   1.6222E-02   1.6242E-02   4.3522E+00  0.1072
   1.6242E-02   1.6262E-02   5.0525E+00  0.0995
   1.6262E-02   1.6282E-02   4.4522E+00  0.1060
   1.6282E-02   1.6302E-02   5.0025E+00  0.1000
   1.6302E-02   1.6322E-02   4.8524E+00  0.1015
   1.6322E-02   1.6342E-02   5.3027E+00  0.0971
   1.6342E-02   1.6362E-02   5.9030E+00  0.0921
   1.6362E-02   1.6382E-02   5.3527E+00  0.0967
   1.6382E-02   1.6402E-02   4.5523E+00  0.1048
   1.6402E-02   1.6422E-02   4.5523E+00  0.1048
   1.6422E-02   1.6442E-02   4.7024E+00  0.1031
   1.6442E-02   1.6462E-02   5.5028E+00  0.0953
   1.6462E-02   1.6482E-02   5.5028E+00  0.0953
   1.6482E-02   1.6502E-02   4.5523E+00  0.1048
   1.6502E-02   1.6522E-02   4.8524E+00  0.1015
   1.6522E-02   1.6542E-02   4.2521E+00  0.1085
   1.6542E-02   1.6562E-02   6.1031E+00  0.0905
   1.6562E-02   1.6582E-02   5.2526E+00  0.0976
   1.6582E-02   1.6602E-02   4.9525E+00  0.1005
   1.6602E-02   1.6622E-02   4.4022E+00  0.1066
   1.6622E-02   1.6642E-02   5.0525E+00  0.0995
   1.6642E-02   1.6662E-02   4.8024E+00  0.1021
   1.6662E-02   1.6682E-02   4.9025E+00  0.1010
   1.6682E-02   1.6702E-02   5.6028E+00  0.0945
   1.6702E-02   1.6722E-02   5.2526E+00  0.0976
   1.6722E-02   1.6742E-02   4.9025E+00  0.1010
   1.6742E-02   1.6762E-02   4.8524E+00  0.1015
   1.6762E-02   1.6782E-02   5.7529E+00  0.0932
   1.6782E-02   1.6802E-02   5.5528E+00  0.0949
   1.6802E-02   1.6822E-02   4.6523E+00  0.1037
   1.6822E-02   1.6842E-02   5.3527E+00  0.0967
   1.6842E-02   1.6862E-02   4.7024E+00  0.1031
   1.6862E-02   1.6882E-02   5.6028E+00  0.0945
   1.6882E-02   1.6902E-02   4.3522E+00  0.1072
   1.6902E-02   1.6922E-02   5.4527E+00  0.0958
   1.6922E-02   1.6942E-02   5.2026E+00  0.0981
   1.6942E-02   1.6962E-02   4.6523E+00  0.1037
   1.6962E-02   1.6982E-02   4.7024E+00  0.1031
   1.6982E-02   1.7001E-02   5.4527E+00  0.0958
   1.7001E-02   1.7021E-02   6.4532E+00  0.0880
   1.7021E-02   1.7041E-02   5.0025E+00  0.1000
   1.7041E-02   1.7061E-02   4.7524E+00  0.1026
   1.7061E-02   1.7081E-02   5.9530E+00  0.0917
   1.7081E-02   1.7101E-02   4.6023E+00  0.1043
   1.7101E-02   1.7121E-02   5.2526E+00  0.0976
   1.7121E-02   1.7141E-02   5.6028E+00  0.0945
   1.7141E-02   1.7161E-02   5.5028E+00  0.0953
   1.7161E-02   1.7181E-02   5.0525E+00  0.0995
   1.7181E-02   1.7201E-02   5.3027E+00  0.0971
   1.7201E-02   1.7221E-02   4.9025E+00  0.1010
   1.7221E-02   1.7241E-02   4.5523E+00  0.1048
   1.7241E-02   1.7261E-02   4.8524E+00  0.1015
   1.7261E-02   1.7281E-02   5.0025E+00  0.1000
   1.7281E-02   1.7301E-02   5.0525E+00  0.0995
   1.7301E-02   1.7321E-02   5.5528E+00  0.0949
   1.7321E-02   1.7341E-02   4.7024E+00  0.1031
   1.7341E-02   1.7361E-02   4.4522E+00  0.1060
   1.7361E-02   1.7381E-02   5.0025E+00  0.1000
   1.7381E-02   1.7401E-02   4.9025E+00  0.1010
   1.7401E-02   1.7421E-02   5.8029E+00  0.0928
   1.7421E-02   1.7441E-02   4.4522E+00  0.1060
   1.7441E-02   1.7461E-02   5.5028E+00  0.0953
   1.7461E-02   1.7481E-02   5.1526E+00  0.0985
   1.7481E-02   1.7501E-02   5.5528E+00  0.0949
   1.7501E-02   1.7521E-02   4.2521E+00  0.1085
   1.7521E-02   1.7541E-02   5.3027E+00  0.0971
   1.7541E-02   1.7561E-02   4.6023E+00  0.1043
   1.7561E-02   1.7581E-02   5.1526E+00  0.0985
   1.7581E-02   1.7601E-02   5.5028E+00  0.0953
   1.7601E-02   1.7621E-02   6.1531E+00  0.0902
   1.7621E-02   1.7641E-02   5.4027E+00  0.0962
   1.7641E-02   1.7661E-02   5.3527E+00  0.0967
   1.7661E-02   1.7681E-02   5.0025E+00  0.1000
   1.7681E-02   1.7701E-02   5.6028E+00  0.0945
   1.7701E-02   1.7721E-02   5.1526E+00  0.0985
   1.7721E-02   1.7741E-02   4.9525E+00  0.1005
   1.7741E-02   1.7761E-02   4.5523E+00  0.1048
   1.7761E-02   1.7781E-02   5.9530E+00  0.0917
   1.7781E-02   1.7801E-02   5.5028E+00  0.0953
   1.7801E-02   1.7821E-02   4.3022E+00  0.1078
   1.7821E-02   1.7841E-02   3.9520E+00  0.1125
   1.7841E-02   1.7861E-02   4.9525E+00  0.1005
   1.7861E-02   1.7881E-02   5.0525E+00  0.0995
   1.7881E-02   1.7901E-02   5.9530E+00  0.0917
   1.7901E-02   1.7921E-02   6.6033E+00  0.0870
   1.7921E-02   1.7941E-02   5.5028E+00  0.0953
   1.7941E-02   1.7961E-02   5.2026E+00  0.0981
   1.7961E-02   1.7981E-02   5.9030E+00  0.0921
   1.7981E-02   1.8001E-02   3.9020E+00  0.1132
   1.8001E-02   1.8021E-02   5.5528E+00  0.0949
   1.8021E-02   1.8041E-02   4.6523E+00  0.1037
   1.8041E-02   1.8061E-02   4.8024E+00  0.1021
   1.8061E-02   1.8081E-02   5.1026E+00  0.0990
   1.8081E-02   1.8101E-02   6.0530E+00  0.0909
   1.8101E-02   1.8121E-02   4.8024E+00  0.1021
   1.8121E-02   1.8141E-02   4.7524E+00  0.1026
   1.8141E-02   1.8161E-02   5.3027E+00  0.0971
   1.8161E-02   1.8181E-02   5.4527E+00  0.0958
   1.8181E-02   1.8201E-02   5.1526E+00  0.0985
   1.8201E-02   1.8221E-02   4.1021E+00  0.1104
   1.8221E-02   1.8241E-02   4.7024E+00  0.1031
   1.8241E-02   1.8261E-02   5.1026E+00  0.0990
   1.8261E-02   1.8281E-02   4.6023E+00  0.1043
   1.8281E-02   1.8301E-02   5.3527E+00  0.0967
   1.8301E-02   1.8321E-02   5.4027E+00  0.0962
   1.8321E-02   1.8341E-02   4.5523E+00  0.1048
   1.8341E-02   1.8361E-02   5.6028E+00  0.0945
   1.8361E-02   1.8381E-02   5.1026E+00  0.0990
   1.8381E-02   1.8401E-02   5.7029E+00  0.0937
   1.8401E-02   1.8421E-02   5.7529E+00  0.0932
   1.8421E-02   1.8441E-02   5.0525E+00  0.0995
   1.8441E-02   1.8461E-02   6.0530E+00  0.0909
   1.8461E-02   1.8481E-02   5.1526E+00  0.0985
   1.8481E-02   1.8501E-02   4.7524E+00  0.1026
   1.8501E-02   1.8521E-02   5.5028E+00  0.0953
   1.8521E-02   1.8541E-02   5.2526E+00  0.0976
   1.8541E-02   1.8561E-02   4.8024E+00  0.1021
   1.8561E-02   1.8581E-02   4.5523E+00  0.1048
   1.8581E-02   1.8601E-02   5.4027E+00  0.0962
   1.8601E-02   1.8621E-02   4.1521E+00  0.1098
   1.8621E-02   1.8641E-02   4.4522E+00  0.1060
   1.8641E-02   1.8661E-02   4.3022E+00  0.1078
   1.8661E-02   1.8681E-02   5.3027E+00  0.0971
   1.8681E-02   1.8701E-02   3.8519E+00  0.1140
   1.8701E-02   1.8721E-02   4.7024E+00  0.1031
   1.8721E-02   1.8741E-02   4.9525E+00  0.1005
   1.8741E-02   1.8761E-02   5.2526E+00  0.0976
   1.8761E-02   1.8781E-02   5.0025E+00  0.1000
   1.8781E-02   1.8801E-02   4.9525E+00  0.1005
   1.8801E-02   1.8821E-02   4.8524E+00  0.1015
   1.8821E-02   1.8841E-02   5.2026E+00  0.0981
   1.8841E-02   1.8861E-02   4.4522E+00  0.1060
   1.8861E-02   1.8881E-02   5.0525E+00  0.0995
   1.8881E-02   1.8901E-02   5.1526E+00  0.0985
   1.8901E-02   1.8921E-02   4.6523E+00  0.1037
   1.8921E-02   1.8941E-02   5.7029E+00  0.0937
   1.8941E-02   1.8961E-02   5.8029E+00  0.0928
   1.8961E-02   1.8981E-02   4.3522E+00  0.1072
   1.8981E-02   1.9001E-02   5.0025E+00  0.1000
   1.9001E-02   1.9020E-02   5.0525E+00  0.0995
   1.9020E-02   1.9040E-02   5.3027E+00  0.0971
   1.9040E-02   1.9060E-02   4.2021E+00  0.1091
   1.9060E-02   1.9080E-02   4.8524E+00  0.1015
   1.9080E-02   1.9100E-02   4.3522E+00  0.1072
   1.9100E-02   1.9120E-02   5.2526E+00  0.0976
   1.9120E-02   1.9140E-02   4.6023E+00  0.1043
   1.9140E-02   1.9160E-02   5.7529E+00  0.0932
   1.9160E-02   1.9180E-02   5.3527E+00  0.0967
   1.9180E-02   1.9200E-02   4.9525E+00  0.1005
   1.9200E-02   1.9220E-02   4.8024E+00  0.1021
   1.9220E-02   1.9240E-02   5.6528E+00  0.0941
   1.9240E-02   1.9260E-02   5.4527E+00  0.0958
   1.9260E-02   1.9280E-02   5.7529E+00  0.0932
   1.9280E-02   1.9300E-02   5.0025E+00  0.1000
   1.9300E-02   1.9320E-02   4.8524E+00  0.1015
   1.9320E-02   1.9340E-02   5.2526E+00  0.0976
   1.9340E-02   1.9360E-02   4.7024E+00  0.1031
   1.9360E-02   1.9380E-02   5.5028E+00  0.0953
   1.9380E-02   1.9400E-02   5.6028E+00  0.0945
   1.9400E-02   1.9420E-02   4.9025E+00  0.1010
   1.9420E-02   1.9440E-02   4.7524E+00  0.1026
   1.9440E-02   1.9460E-02   4.9025E+00  0.1010
   1.9460E-02   1.9480E-02   5.9530E+00  0.0917
   1.9480E-02   1.9500E-02   5.2526E+00  0.0976
   1.9500E-02   1.9520E-02   5.0525E+00  0.0995
   1.9520E-02   1.9540E-02   6.1531E+00  0.0902
   1.9540E-02   1.9560E-02   4.8524E+00  0.1015
   1.9560E-02   1.9580E-02   5.0525E+00  0.0995
   1.9580E-02   1.9600E-02   5.5028E+00  0.0953
   1.9600E-02   1.9620E-02   5.1526E+00  0.0985
   1.9620E-02   1.9640E-02   4.6523E+00  0.1037
   1.9640E-02   1.9660E-02   5.5528E+00  0.0949
   1.9660E-02   1.9680E-02   5.2526E+00  0.0976
   1.9680E-02   1.9700E-02   5.4527E+00  0.0958
   1.9700E-02   1.9720E-02   5.2526E+00  0.0976
   1.9720E-02   1.9740E-02   6.0030E+00  0.0913
   1.9740E-02   1.9760E-02   4.8524E+00  0.1015
   1.9760E-02   1.9780E-02   5.1026E+00  0.0990
   1.9780E-02   1.9800E-02   5.2526E+00  0.0976
   1.9800E-02   1.9820E-02   4.2021E+00  0.1091
   1.9820E-02   1.9840E-02   4.7524E+00  0.1026
   1.9840E-02   1.9860E-02   5.5028E+00  0.0953
   1.9860E-02   1.9880E-02   4.2021E+00  0.1091
   1.9880E-02   1.9900E-02   5.1526E+00  0.0985
   1.9900E-02   1.9920E-02   4.3022E+00  0.1078
   1.9920E-02   1.9940E-02   5.1026E+00  0.0990
   1.9940E-02   1.9960E-02   5.2026E+00  0.0981
   1.9960E-02   1.9980E-02   5.8029E+00  0.0928
   1.9980E-02   2.0000E-02   5.0525E+00  0.0995

#   sum over                 3.0098E+00
'no. =    2   reg = 102 - 103'
msuc: {\huge Source n beam}
msdr: {\it plotted by \ANGEL \version}
msdl: {\it calculated by \PHITS  3.28}
wt: s(0.7)
\vspace{-3}
  region surface crossing
  area  &=&   1.0000E+00 [cm^2]
e:

#------------------------------------------------------------------------------
 newpage:
#   no. =    3   reg = 103 - 104

x: Energy [MeV]
y: Current [1/cm^2/MeV/source]             
p: xlin ylog afac(0.8) form(0.9)
h: n            x            y1(neutron ),hh0l   ny2 dy1=[y1*y2] 
#  e-lower      e-upper      neutron     r.err 
   1.0000E-05   2.9990E-05   9.9050E+00  0.0711
   2.9990E-05   4.9980E-05   5.6528E+00  0.0949
   4.9980E-05   6.9970E-05   4.8024E+00  0.1021
   6.9970E-05   8.9960E-05   4.4022E+00  0.1066
   8.9960E-05   1.0995E-04   4.3522E+00  0.1072
   1.0995E-04   1.2994E-04   2.9015E+00  0.1313
   1.2994E-04   1.4993E-04   3.8519E+00  0.1140
   1.4993E-04   1.6992E-04   3.2516E+00  0.1240
   1.6992E-04   1.8991E-04   2.9015E+00  0.1313
   1.8991E-04   2.0990E-04   2.2511E+00  0.1491
   2.0990E-04   2.2989E-04   2.4512E+00  0.1429
   2.2989E-04   2.4988E-04   2.4012E+00  0.1443
   2.4988E-04   2.6987E-04   2.3512E+00  0.1459
   2.6987E-04   2.8986E-04   2.6513E+00  0.1374
   2.8986E-04   3.0985E-04   2.3012E+00  0.1474
   3.0985E-04   3.2984E-04   1.7009E+00  0.1715
   3.2984E-04   3.4983E-04   1.7009E+00  0.1715
   3.4983E-04   3.6982E-04   1.9010E+00  0.1622
   3.6982E-04   3.8981E-04   1.4507E+00  0.1857
   3.8981E-04   4.0980E-04   1.3007E+00  0.1961
   4.0980E-04   4.2979E-04   1.3007E+00  0.1961
   4.2979E-04   4.4978E-04   1.3507E+00  0.1924
   4.4978E-04   4.6977E-04   1.1506E+00  0.2085
   4.6977E-04   4.8976E-04   1.2006E+00  0.2041
   4.8976E-04   5.0975E-04   1.2506E+00  0.2000
   5.0975E-04   5.2974E-04   1.1506E+00  0.2085
   5.2974E-04   5.4973E-04   1.6508E+00  0.1741
   5.4973E-04   5.6972E-04   2.3012E+00  0.1474
   5.6972E-04   5.8971E-04   1.3007E+00  0.1961
   5.8971E-04   6.0970E-04   1.0505E+00  0.2182
   6.0970E-04   6.2969E-04   9.0045E-01  0.2357
   6.2969E-04   6.4968E-04   1.2506E+00  0.2000
   6.4968E-04   6.6967E-04   1.4007E+00  0.1890
   6.6967E-04   6.8966E-04   1.4007E+00  0.1890
   6.8966E-04   7.0965E-04   1.0505E+00  0.2182
   7.0965E-04   7.2964E-04   1.2506E+00  0.2000
   7.2964E-04   7.4963E-04   1.2006E+00  0.2041
   7.4963E-04   7.6962E-04   1.2006E+00  0.2041
   7.6962E-04   7.8961E-04   8.5043E-01  0.2425
   7.8961E-04   8.0960E-04   1.0005E+00  0.2236
   8.0960E-04   8.2959E-04   9.5048E-01  0.2294
   8.2959E-04   8.4958E-04   9.0045E-01  0.2357
   8.4958E-04   8.6957E-04   1.0005E+00  0.2236
   8.6957E-04   8.8956E-04   1.0505E+00  0.2182
   8.8956E-04   9.0955E-04   8.0040E-01  0.2500
   9.0955E-04   9.2954E-04   1.2506E+00  0.2000
   9.2954E-04   9.4953E-04   8.0040E-01  0.2500
   9.4953E-04   9.6952E-04   1.0005E+00  0.2236
   9.6952E-04   9.8951E-04   1.5008E+00  0.1826
   9.8951E-04   1.0095E-03   1.3007E+00  0.1961
   1.0095E-03   1.0295E-03   6.5033E-01  0.2773
   1.0295E-03   1.0495E-03   7.5038E-01  0.2582
   1.0495E-03   1.0695E-03   8.0040E-01  0.2500
   1.0695E-03   1.0895E-03   8.5043E-01  0.2425
   1.0895E-03   1.1095E-03   6.5033E-01  0.2773
   1.1095E-03   1.1294E-03   1.0505E+00  0.2182
   1.1294E-03   1.1494E-03   5.5028E-01  0.3015
   1.1494E-03   1.1694E-03   1.0505E+00  0.2182
   1.1694E-03   1.1894E-03   7.5038E-01  0.2582
   1.1894E-03   1.2094E-03   8.0040E-01  0.2500
   1.2094E-03   1.2294E-03   7.5038E-01  0.2582
   1.2294E-03   1.2494E-03   7.0035E-01  0.2673
   1.2494E-03   1.2694E-03   7.0035E-01  0.2673
   1.2694E-03   1.2894E-03   8.0040E-01  0.2500
   1.2894E-03   1.3093E-03   8.5043E-01  0.2425
   1.3093E-03   1.3293E-03   8.0040E-01  0.2500
   1.3293E-03   1.3493E-03   7.0035E-01  0.2673
   1.3493E-03   1.3693E-03   9.5048E-01  0.2294
   1.3693E-03   1.3893E-03   1.0005E+00  0.2236
   1.3893E-03   1.4093E-03   7.5038E-01  0.2582
   1.4093E-03   1.4293E-03   6.5033E-01  0.2773
   1.4293E-03   1.4493E-03   7.5038E-01  0.2582
   1.4493E-03   1.4693E-03   5.5028E-01  0.3015
   1.4693E-03   1.4893E-03   4.5023E-01  0.3333
   1.4893E-03   1.5092E-03   7.0035E-01  0.2673
   1.5092E-03   1.5292E-03   5.5028E-01  0.3015
   1.5292E-03   1.5492E-03   7.0035E-01  0.2673
   1.5492E-03   1.5692E-03   4.5023E-01  0.3333
   1.5692E-03   1.5892E-03   5.5028E-01  0.3015
   1.5892E-03   1.6092E-03   4.5023E-01  0.3333
   1.6092E-03   1.6292E-03   5.5028E-01  0.3015
   1.6292E-03   1.6492E-03   7.5038E-01  0.2582
   1.6492E-03   1.6692E-03   6.0030E-01  0.2887
   1.6692E-03   1.6892E-03   3.5018E-01  0.3780
   1.6892E-03   1.7091E-03   1.0505E+00  0.2182
   1.7091E-03   1.7291E-03   4.0020E-01  0.3536
   1.7291E-03   1.7491E-03   4.5023E-01  0.3333
   1.7491E-03   1.7691E-03   9.5048E-01  0.2294
   1.7691E-03   1.7891E-03   1.0005E+00  0.2236
   1.7891E-03   1.8091E-03   1.3007E+00  0.1961
   1.8091E-03   1.8291E-03   1.3007E+00  0.1961
   1.8291E-03   1.8491E-03   2.2011E+00  0.1508
   1.8491E-03   1.8691E-03   3.0015E+00  0.1291
   1.8691E-03   1.8891E-03   3.2016E+00  0.1250
   1.8891E-03   1.9091E-03   4.6523E+00  0.1037
   1.9091E-03   1.9290E-03   5.7529E+00  0.0932
   1.9290E-03   1.9490E-03   5.6528E+00  0.0941
   1.9490E-03   1.9690E-03   4.7524E+00  0.1026
   1.9690E-03   1.9890E-03   4.6523E+00  0.1037
   1.9890E-03   2.0090E-03   2.8514E+00  0.1324
   2.0090E-03   2.0290E-03   9.5048E-01  0.2294
   2.0290E-03   2.0490E-03   4.5023E-01  0.3333
   2.0490E-03   2.0690E-03   5.0025E-01  0.3162
   2.0690E-03   2.0890E-03   8.5043E-01  0.2425
   2.0890E-03   2.1090E-03   9.5048E-01  0.2294
   2.1090E-03   2.1289E-03   6.5033E-01  0.2773
   2.1289E-03   2.1489E-03   8.5043E-01  0.2425
   2.1489E-03   2.1689E-03   6.0030E-01  0.2887
   2.1689E-03   2.1889E-03   1.0505E+00  0.2182
   2.1889E-03   2.2089E-03   1.0505E+00  0.2182
   2.2089E-03   2.2289E-03   7.0035E-01  0.2673
   2.2289E-03   2.2489E-03   6.0030E-01  0.2887
   2.2489E-03   2.2689E-03   5.0025E-01  0.3162
   2.2689E-03   2.2889E-03   5.5028E-01  0.3015
   2.2889E-03   2.3088E-03   6.5033E-01  0.2773
   2.3088E-03   2.3288E-03   9.0045E-01  0.2357
   2.3288E-03   2.3488E-03   3.5018E-01  0.3780
   2.3488E-03   2.3688E-03   9.5048E-01  0.2294
   2.3688E-03   2.3888E-03   1.6008E+00  0.1768
   2.3888E-03   2.4088E-03   1.5508E+00  0.1796
   2.4088E-03   2.4288E-03   2.7014E+00  0.1361
   2.4288E-03   2.4488E-03   2.3512E+00  0.1459
   2.4488E-03   2.4688E-03   2.5513E+00  0.1400
   2.4688E-03   2.4888E-03   2.6513E+00  0.1374
   2.4888E-03   2.5088E-03   2.4012E+00  0.1443
   2.5088E-03   2.5287E-03   1.3007E+00  0.1961
   2.5287E-03   2.5487E-03   7.0035E-01  0.2673
   2.5487E-03   2.5687E-03   1.1506E+00  0.2085
   2.5687E-03   2.5887E-03   7.5038E-01  0.2582
   2.5887E-03   2.6087E-03   1.0505E+00  0.2182
   2.6087E-03   2.6287E-03   7.0035E-01  0.2673
   2.6287E-03   2.6487E-03   2.5013E-01  0.4472
   2.6487E-03   2.6687E-03   2.0010E-01  0.5000
   2.6687E-03   2.6887E-03   7.5038E-01  0.2582
   2.6887E-03   2.7086E-03   6.0030E-01  0.2887
   2.7086E-03   2.7286E-03   6.5033E-01  0.2773
   2.7286E-03   2.7486E-03   7.0035E-01  0.2673
   2.7486E-03   2.7686E-03   5.0025E-01  0.3162
   2.7686E-03   2.7886E-03   1.0505E+00  0.2182
   2.7886E-03   2.8086E-03   7.5038E-01  0.2582
   2.8086E-03   2.8286E-03   7.5038E-01  0.2582
   2.8286E-03   2.8486E-03   4.5023E-01  0.3333
   2.8486E-03   2.8686E-03   5.0025E-01  0.3162
   2.8686E-03   2.8886E-03   7.0035E-01  0.2673
   2.8886E-03   2.9086E-03   4.0020E-01  0.3536
   2.9086E-03   2.9285E-03   5.5028E-01  0.3015
   2.9285E-03   2.9485E-03   5.0025E-01  0.3162
   2.9485E-03   2.9685E-03   5.5028E-01  0.3015
   2.9685E-03   2.9885E-03   4.5023E-01  0.3333
   2.9885E-03   3.0085E-03   5.0025E-01  0.3162
   3.0085E-03   3.0285E-03   4.0020E-01  0.3536
   3.0285E-03   3.0485E-03   5.5028E-01  0.3015
   3.0485E-03   3.0685E-03   5.0025E-01  0.3162
   3.0685E-03   3.0885E-03   4.5023E-01  0.3333
   3.0885E-03   3.1085E-03   5.5028E-01  0.3015
   3.1085E-03   3.1284E-03   4.5023E-01  0.3333
   3.1284E-03   3.1484E-03   4.5023E-01  0.3333
   3.1484E-03   3.1684E-03   1.0005E+00  0.2236
   3.1684E-03   3.1884E-03   6.5033E-01  0.2773
   3.1884E-03   3.2084E-03   5.0025E-01  0.3162
   3.2084E-03   3.2284E-03   4.5023E-01  0.3333
   3.2284E-03   3.2484E-03   5.5028E-01  0.3015
   3.2484E-03   3.2684E-03   6.0030E-01  0.2887
   3.2684E-03   3.2884E-03   5.0025E-01  0.3162
   3.2884E-03   3.3083E-03   4.5023E-01  0.3333
   3.3083E-03   3.3283E-03   5.0025E-01  0.3162
   3.3283E-03   3.3483E-03   5.5028E-01  0.3015
   3.3483E-03   3.3683E-03   5.0025E-01  0.3162
   3.3683E-03   3.3883E-03   4.0020E-01  0.3536
   3.3883E-03   3.4083E-03   1.0005E-01  0.7071
   3.4083E-03   3.4283E-03   5.0025E-01  0.3162
   3.4283E-03   3.4483E-03   4.5023E-01  0.3333
   3.4483E-03   3.4683E-03   2.5013E-01  0.4472
   3.4683E-03   3.4883E-03   4.5023E-01  0.3333
   3.4883E-03   3.5083E-03   3.0015E-01  0.4082
   3.5083E-03   3.5282E-03   4.5023E-01  0.3333
   3.5282E-03   3.5482E-03   5.5028E-01  0.3015
   3.5482E-03   3.5682E-03   5.5028E-01  0.3015
   3.5682E-03   3.5882E-03   4.5023E-01  0.3333
   3.5882E-03   3.6082E-03   2.0010E-01  0.5000
   3.6082E-03   3.6282E-03   2.0010E-01  0.5000
   3.6282E-03   3.6482E-03   7.0035E-01  0.2673
   3.6482E-03   3.6682E-03   5.5028E-01  0.3015
   3.6682E-03   3.6882E-03   1.0005E+00  0.2236
   3.6882E-03   3.7081E-03   1.0005E+00  0.2236
   3.7081E-03   3.7281E-03   1.2006E+00  0.2041
   3.7281E-03   3.7481E-03   9.5048E-01  0.2294
   3.7481E-03   3.7681E-03   1.2506E+00  0.2000
   3.7681E-03   3.7881E-03   9.0045E-01  0.2357
   3.7881E-03   3.8081E-03   1.0005E+00  0.2236
   3.8081E-03   3.8281E-03   1.0005E+00  0.2236
   3.8281E-03   3.8481E-03   8.5043E-01  0.2425
   3.8481E-03   3.8681E-03   8.5043E-01  0.2425
   3.8681E-03   3.8881E-03   8.0040E-01  0.2500
   3.8881E-03   3.9080E-03   2.5013E-01  0.4472
   3.9080E-03   3.9280E-03   2.5013E-01  0.4472
   3.9280E-03   3.9480E-03   6.0030E-01  0.2887
   3.9480E-03   3.9680E-03   3.0015E-01  0.4082
   3.9680E-03   3.9880E-03   4.5023E-01  0.3333
   3.9880E-03   4.0080E-03   3.5018E-01  0.3780
   4.0080E-03   4.0280E-03   7.5038E-01  0.2582
   4.0280E-03   4.0480E-03   1.5008E-01  0.5773
   4.0480E-03   4.0680E-03   2.0010E-01  0.5000
   4.0680E-03   4.0880E-03   6.0030E-01  0.2887
   4.0880E-03   4.1079E-03   3.5018E-01  0.3780
   4.1079E-03   4.1279E-03   5.0025E-01  0.3162
   4.1279E-03   4.1479E-03   5.0025E-01  0.3162
   4.1479E-03   4.1679E-03   6.5033E-01  0.2773
   4.1679E-03   4.1879E-03   7.5038E-01  0.2582
   4.1879E-03   4.2079E-03   8.0040E-01  0.2500
   4.2079E-03   4.2279E-03   6.5033E-01  0.2773
   4.2279E-03   4.2479E-03   8.0040E-01  0.2500
   4.2479E-03   4.2679E-03   9.0045E-01  0.2357
   4.2679E-03   4.2879E-03   1.6008E+00  0.1768
   4.2879E-03   4.3078E-03   3.5018E-01  0.3780
   4.3078E-03   4.3278E-03   1.3007E+00  0.1961
   4.3278E-03   4.3478E-03   7.0035E-01  0.2673
   4.3478E-03   4.3678E-03   6.5033E-01  0.2773
   4.3678E-03   4.3878E-03   5.5028E-01  0.3015
   4.3878E-03   4.4078E-03   3.0015E-01  0.4082
   4.4078E-03   4.4278E-03   1.0505E+00  0.2182
   4.4278E-03   4.4478E-03   8.5043E-01  0.2425
   4.4478E-03   4.4678E-03   4.5023E-01  0.3333
   4.4678E-03   4.4878E-03   3.5018E-01  0.3780
   4.4878E-03   4.5077E-03   4.0020E-01  0.3536
   4.5077E-03   4.5277E-03   5.0025E-01  0.3162
   4.5277E-03   4.5477E-03   3.5018E-01  0.3780
   4.5477E-03   4.5677E-03   7.0035E-01  0.2673
   4.5677E-03   4.5877E-03   1.0505E+00  0.2182
   4.5877E-03   4.6077E-03   9.0045E-01  0.2357
   4.6077E-03   4.6277E-03   9.0045E-01  0.2357
   4.6277E-03   4.6477E-03   7.0035E-01  0.2673
   4.6477E-03   4.6677E-03   8.5043E-01  0.2425
   4.6677E-03   4.6877E-03   1.1006E+00  0.2132
   4.6877E-03   4.7076E-03   7.5038E-01  0.2582
   4.7076E-03   4.7276E-03   6.5033E-01  0.2773
   4.7276E-03   4.7476E-03   7.0035E-01  0.2673
   4.7476E-03   4.7676E-03   7.5038E-01  0.2582
   4.7676E-03   4.7876E-03   6.0030E-01  0.2887
   4.7876E-03   4.8076E-03   8.0040E-01  0.2500
   4.8076E-03   4.8276E-03   5.0025E-01  0.3162
   4.8276E-03   4.8476E-03   5.0025E-01  0.3162
   4.8476E-03   4.8676E-03   4.0020E-01  0.3536
   4.8676E-03   4.8876E-03   4.5023E-01  0.3333
   4.8876E-03   4.9075E-03   6.0030E-01  0.2887
   4.9075E-03   4.9275E-03   8.0040E-01  0.2500
   4.9275E-03   4.9475E-03   4.0020E-01  0.3536
   4.9475E-03   4.9675E-03   3.5018E-01  0.3780
   4.9675E-03   4.9875E-03   3.0015E-01  0.4082
   4.9875E-03   5.0075E-03   3.5018E-01  0.3780
   5.0075E-03   5.0275E-03   6.5033E-01  0.2773
   5.0275E-03   5.0475E-03   7.0035E-01  0.2673
   5.0475E-03   5.0675E-03   1.1506E+00  0.2085
   5.0675E-03   5.0875E-03   1.6008E+00  0.1768
   5.0875E-03   5.1074E-03   1.6508E+00  0.1741
   5.1074E-03   5.1274E-03   2.3512E+00  0.1459
   5.1274E-03   5.1474E-03   2.0010E+00  0.1581
   5.1474E-03   5.1674E-03   1.6008E+00  0.1768
   5.1674E-03   5.1874E-03   1.7509E+00  0.1690
   5.1874E-03   5.2074E-03   1.7509E+00  0.1690
   5.2074E-03   5.2274E-03   1.6008E+00  0.1768
   5.2274E-03   5.2474E-03   1.1506E+00  0.2085
   5.2474E-03   5.2674E-03   1.4507E+00  0.1857
   5.2674E-03   5.2874E-03   8.0040E-01  0.2500
   5.2874E-03   5.3073E-03   1.1506E+00  0.2085
   5.3073E-03   5.3273E-03   1.2506E+00  0.2000
   5.3273E-03   5.3473E-03   7.0035E-01  0.2673
   5.3473E-03   5.3673E-03   6.0030E-01  0.2887
   5.3673E-03   5.3873E-03   5.5028E-01  0.3015
   5.3873E-03   5.4073E-03   1.5008E-01  0.5773
   5.4073E-03   5.4273E-03   2.0010E-01  0.5000
   5.4273E-03   5.4473E-03   4.0020E-01  0.3536
   5.4473E-03   5.4673E-03   6.5033E-01  0.2773
   5.4673E-03   5.4873E-03   3.5018E-01  0.3780
   5.4873E-03   5.5072E-03   7.5038E-01  0.2582
   5.5072E-03   5.5272E-03   1.2006E+00  0.2041
   5.5272E-03   5.5472E-03   7.0035E-01  0.2673
   5.5472E-03   5.5672E-03   5.5028E-01  0.3015
   5.5672E-03   5.5872E-03   7.5038E-01  0.2582
   5.5872E-03   5.6072E-03   5.0025E-01  0.3162
   5.6072E-03   5.6272E-03   7.0035E-01  0.2673
   5.6272E-03   5.6472E-03   6.0030E-01  0.2887
   5.6472E-03   5.6672E-03   7.5038E-01  0.2582
   5.6672E-03   5.6872E-03   4.0020E-01  0.3536
   5.6872E-03   5.7071E-03   7.0035E-01  0.2673
   5.7071E-03   5.7271E-03   6.5033E-01  0.2773
   5.7271E-03   5.7471E-03   6.0030E-01  0.2887
   5.7471E-03   5.7671E-03   4.5023E-01  0.3333
   5.7671E-03   5.7871E-03   5.5028E-01  0.3015
   5.7871E-03   5.8071E-03   6.0030E-01  0.2887
   5.8071E-03   5.8271E-03   4.0020E-01  0.3536
   5.8271E-03   5.8471E-03   3.5018E-01  0.3780
   5.8471E-03   5.8671E-03   3.5018E-01  0.3780
   5.8671E-03   5.8871E-03   1.5008E-01  0.5773
   5.8871E-03   5.9070E-03   2.5013E-01  0.4472
   5.9070E-03   5.9270E-03   4.5023E-01  0.3333
   5.9270E-03   5.9470E-03   4.5023E-01  0.3333
   5.9470E-03   5.9670E-03   3.0015E-01  0.4082
   5.9670E-03   5.9870E-03   4.0020E-01  0.3536
   5.9870E-03   6.0070E-03   5.0025E-01  0.3162
   6.0070E-03   6.0270E-03   4.0020E-01  0.3536
   6.0270E-03   6.0470E-03   5.0025E-01  0.3162
   6.0470E-03   6.0670E-03   3.5018E-01  0.3780
   6.0670E-03   6.0870E-03   5.5028E-01  0.3015
   6.0870E-03   6.1069E-03   7.5038E-01  0.2582
   6.1069E-03   6.1269E-03   6.5033E-01  0.2773
   6.1269E-03   6.1469E-03   1.2006E+00  0.2041
   6.1469E-03   6.1669E-03   1.0005E+00  0.2236
   6.1669E-03   6.1869E-03   7.5038E-01  0.2582
   6.1869E-03   6.2069E-03   1.0505E+00  0.2182
   6.2069E-03   6.2269E-03   9.0045E-01  0.2357
   6.2269E-03   6.2469E-03   6.5033E-01  0.2773
   6.2469E-03   6.2669E-03   6.5033E-01  0.2773
   6.2669E-03   6.2869E-03   6.0030E-01  0.2887
   6.2869E-03   6.3068E-03   8.0040E-01  0.2500
   6.3068E-03   6.3268E-03   6.5033E-01  0.2773
   6.3268E-03   6.3468E-03   5.5028E-01  0.3015
   6.3468E-03   6.3668E-03   3.0015E-01  0.4082
   6.3668E-03   6.3868E-03   9.5048E-01  0.2294
   6.3868E-03   6.4068E-03   7.0035E-01  0.2673
   6.4068E-03   6.4268E-03   5.0025E-01  0.3162
   6.4268E-03   6.4468E-03   3.0015E-01  0.4082
   6.4468E-03   6.4668E-03   2.0010E-01  0.5000
   6.4668E-03   6.4868E-03   3.0015E-01  0.4082
   6.4868E-03   6.5067E-03   2.0010E-01  0.5000
   6.5067E-03   6.5267E-03   3.5018E-01  0.3780
   6.5267E-03   6.5467E-03   5.0025E-01  0.3162
   6.5467E-03   6.5667E-03   4.0020E-01  0.3536
   6.5667E-03   6.5867E-03   4.5023E-01  0.3333
   6.5867E-03   6.6067E-03   3.5018E-01  0.3780
   6.6067E-03   6.6267E-03   5.0025E-01  0.3162
   6.6267E-03   6.6467E-03   3.5018E-01  0.3780
   6.6467E-03   6.6667E-03   2.0010E-01  0.5000
   6.6667E-03   6.6867E-03   2.0010E-01  0.5000
   6.6867E-03   6.7066E-03   2.5013E-01  0.4472
   6.7066E-03   6.7266E-03   4.0020E-01  0.3536
   6.7266E-03   6.7466E-03   2.0010E-01  0.5000
   6.7466E-03   6.7666E-03   2.5013E-01  0.4472
   6.7666E-03   6.7866E-03   4.0020E-01  0.3536
   6.7866E-03   6.8066E-03   2.5013E-01  0.4472
   6.8066E-03   6.8266E-03   3.5018E-01  0.3780
   6.8266E-03   6.8466E-03   2.5013E-01  0.4472
   6.8466E-03   6.8666E-03   4.5023E-01  0.3333
   6.8666E-03   6.8866E-03   3.0015E-01  0.4082
   6.8866E-03   6.9066E-03   3.0015E-01  0.4082
   6.9066E-03   6.9265E-03   4.5023E-01  0.3333
   6.9265E-03   6.9465E-03   2.0010E-01  0.5000
   6.9465E-03   6.9665E-03   2.0010E-01  0.5000
   6.9665E-03   6.9865E-03   2.5013E-01  0.4472
   6.9865E-03   7.0065E-03   1.0005E-01  0.7071
   7.0065E-03   7.0265E-03   1.5008E-01  0.5773
   7.0265E-03   7.0465E-03   5.0025E-02  1.0000
   7.0465E-03   7.0665E-03   2.5013E-01  0.4472
   7.0665E-03   7.0865E-03   1.0005E-01  0.7071
   7.0865E-03   7.1064E-03   2.0010E-01  0.5000
   7.1064E-03   7.1264E-03   6.0030E-01  0.2887
   7.1264E-03   7.1464E-03   5.0025E-01  0.3162
   7.1464E-03   7.1664E-03   7.5038E-01  0.2582
   7.1664E-03   7.1864E-03   7.0035E-01  0.2673
   7.1864E-03   7.2064E-03   6.5033E-01  0.2773
   7.2064E-03   7.2264E-03   1.2006E+00  0.2041
   7.2264E-03   7.2464E-03   1.0005E+00  0.2236
   7.2464E-03   7.2664E-03   1.0005E+00  0.2236
   7.2664E-03   7.2864E-03   9.5048E-01  0.2294
   7.2864E-03   7.3063E-03   7.0035E-01  0.2673
   7.3063E-03   7.3263E-03   1.1006E+00  0.2132
   7.3263E-03   7.3463E-03   1.4507E+00  0.1857
   7.3463E-03   7.3663E-03   9.0045E-01  0.2357
   7.3663E-03   7.3863E-03   1.2006E+00  0.2041
   7.3863E-03   7.4063E-03   1.3007E+00  0.1961
   7.4063E-03   7.4263E-03   1.8009E+00  0.1667
   7.4263E-03   7.4463E-03   1.4007E+00  0.1890
   7.4463E-03   7.4663E-03   2.0510E+00  0.1562
   7.4663E-03   7.4863E-03   2.2511E+00  0.1491
   7.4863E-03   7.5062E-03   1.8009E+00  0.1667
   7.5062E-03   7.5262E-03   2.5013E+00  0.1414
   7.5262E-03   7.5462E-03   2.4512E+00  0.1429
   7.5462E-03   7.5662E-03   2.5013E+00  0.1414
   7.5662E-03   7.5862E-03   1.5508E+00  0.1796
   7.5862E-03   7.6062E-03   2.0010E+00  0.1581
   7.6062E-03   7.6262E-03   2.1011E+00  0.1543
   7.6262E-03   7.6462E-03   1.6508E+00  0.1741
   7.6462E-03   7.6662E-03   1.6008E+00  0.1768
   7.6662E-03   7.6862E-03   2.2511E+00  0.1491
   7.6862E-03   7.7061E-03   2.3012E+00  0.1474
   7.7061E-03   7.7261E-03   1.9510E+00  0.1601
   7.7261E-03   7.7461E-03   2.4512E+00  0.1429
   7.7461E-03   7.7661E-03   2.4012E+00  0.1443
   7.7661E-03   7.7861E-03   2.1511E+00  0.1525
   7.7861E-03   7.8061E-03   1.8509E+00  0.1644
   7.8061E-03   7.8261E-03   1.4507E+00  0.1857
   7.8261E-03   7.8461E-03   1.1006E+00  0.2132
   7.8461E-03   7.8661E-03   1.3507E+00  0.1924
   7.8661E-03   7.8861E-03   9.0045E-01  0.2357
   7.8861E-03   7.9060E-03   7.5038E-01  0.2582
   7.9060E-03   7.9260E-03   5.5028E-01  0.3015
   7.9260E-03   7.9460E-03   2.5013E-01  0.4472
   7.9460E-03   7.9660E-03   3.0015E-01  0.4082
   7.9660E-03   7.9860E-03   1.0005E-01  0.7071
   7.9860E-03   8.0060E-03   5.5028E-01  0.3015
   8.0060E-03   8.0260E-03   4.0020E-01  0.3536
   8.0260E-03   8.0460E-03   5.0025E-01  0.3162
   8.0460E-03   8.0660E-03   8.0040E-01  0.2500
   8.0660E-03   8.0860E-03   4.5023E-01  0.3333
   8.0860E-03   8.1059E-03   6.0030E-01  0.2887
   8.1059E-03   8.1259E-03   5.0025E-01  0.3162
   8.1259E-03   8.1459E-03   9.0045E-01  0.2357
   8.1459E-03   8.1659E-03   8.0040E-01  0.2500
   8.1659E-03   8.1859E-03   5.5028E-01  0.3015
   8.1859E-03   8.2059E-03   6.0030E-01  0.2887
   8.2059E-03   8.2259E-03   4.5023E-01  0.3333
   8.2259E-03   8.2459E-03   5.5028E-01  0.3015
   8.2459E-03   8.2659E-03   5.0025E-01  0.3162
   8.2659E-03   8.2859E-03   4.5023E-01  0.3333
   8.2859E-03   8.3059E-03   4.0020E-01  0.3536
   8.3059E-03   8.3258E-03   6.5033E-01  0.2773
   8.3258E-03   8.3458E-03   2.5013E-01  0.4472
   8.3458E-03   8.3658E-03   4.5023E-01  0.3333
   8.3658E-03   8.3858E-03   3.0015E-01  0.4082
   8.3858E-03   8.4058E-03   3.5018E-01  0.3780
   8.4058E-03   8.4258E-03   4.5023E-01  0.3333
   8.4258E-03   8.4458E-03   8.5043E-01  0.2425
   8.4458E-03   8.4658E-03   2.5013E-01  0.4472
   8.4658E-03   8.4858E-03   4.5023E-01  0.3333
   8.4858E-03   8.5057E-03   5.0025E-01  0.3162
   8.5057E-03   8.5257E-03   5.5028E-01  0.3015
   8.5257E-03   8.5457E-03   5.0025E-01  0.3162
   8.5457E-03   8.5657E-03   4.0020E-01  0.3536
   8.5657E-03   8.5857E-03   5.5028E-01  0.3015
   8.5857E-03   8.6057E-03   4.5023E-01  0.3333
   8.6057E-03   8.6257E-03   5.0025E-01  0.3162
   8.6257E-03   8.6457E-03   6.0030E-01  0.2887
   8.6457E-03   8.6657E-03   1.1006E+00  0.2132
   8.6657E-03   8.6857E-03   9.5048E-01  0.2294
   8.6857E-03   8.7056E-03   1.1006E+00  0.2132
   8.7056E-03   8.7256E-03   1.2506E+00  0.2000
   8.7256E-03   8.7456E-03   9.0045E-01  0.2357
   8.7456E-03   8.7656E-03   1.5008E+00  0.1826
   8.7656E-03   8.7856E-03   1.7009E+00  0.1715
   8.7856E-03   8.8056E-03   1.2006E+00  0.2041
   8.8056E-03   8.8256E-03   1.3507E+00  0.1924
   8.8256E-03   8.8456E-03   1.4507E+00  0.1857
   8.8456E-03   8.8656E-03   1.3007E+00  0.1961
   8.8656E-03   8.8856E-03   1.4507E+00  0.1857
   8.8856E-03   8.9055E-03   1.3007E+00  0.1961
   8.9055E-03   8.9255E-03   1.0505E+00  0.2182
   8.9255E-03   8.9455E-03   1.3007E+00  0.1961
   8.9455E-03   8.9655E-03   1.4007E+00  0.1890
   8.9655E-03   8.9855E-03   9.0045E-01  0.2357
   8.9855E-03   9.0055E-03   1.1506E+00  0.2085
   9.0055E-03   9.0255E-03   1.0005E+00  0.2236
   9.0255E-03   9.0455E-03   1.2506E+00  0.2000
   9.0455E-03   9.0655E-03   8.5043E-01  0.2425
   9.0655E-03   9.0855E-03   1.0005E+00  0.2236
   9.0855E-03   9.1054E-03   1.1506E+00  0.2085
   9.1054E-03   9.1254E-03   7.5038E-01  0.2582
   9.1254E-03   9.1454E-03   8.0040E-01  0.2500
   9.1454E-03   9.1654E-03   5.5028E-01  0.3015
   9.1654E-03   9.1854E-03   5.0025E-01  0.3162
   9.1854E-03   9.2054E-03   3.5018E-01  0.3780
   9.2054E-03   9.2254E-03   4.5023E-01  0.3333
   9.2254E-03   9.2454E-03   2.5013E-01  0.4472
   9.2454E-03   9.2654E-03   5.0025E-01  0.3162
   9.2654E-03   9.2854E-03   5.5028E-01  0.3015
   9.2854E-03   9.3054E-03   1.1506E+00  0.2085
   9.3054E-03   9.3253E-03   9.0045E-01  0.2357
   9.3253E-03   9.3453E-03   1.4007E+00  0.1890
   9.3453E-03   9.3653E-03   1.6008E+00  0.1768
   9.3653E-03   9.3853E-03   1.4507E+00  0.1857
   9.3853E-03   9.4053E-03   1.6508E+00  0.1741
   9.4053E-03   9.4253E-03   1.5008E+00  0.1826
   9.4253E-03   9.4453E-03   1.1006E+00  0.2132
   9.4453E-03   9.4653E-03   1.2006E+00  0.2041
   9.4653E-03   9.4853E-03   1.4507E+00  0.1857
   9.4853E-03   9.5052E-03   1.7009E+00  0.1715
   9.5052E-03   9.5252E-03   1.6008E+00  0.1768
   9.5252E-03   9.5452E-03   1.5008E+00  0.1826
   9.5452E-03   9.5652E-03   1.2006E+00  0.2041
   9.5652E-03   9.5852E-03   1.7009E+00  0.1715
   9.5852E-03   9.6052E-03   1.2506E+00  0.2000
   9.6052E-03   9.6252E-03   1.9010E+00  0.1622
   9.6252E-03   9.6452E-03   1.3507E+00  0.1924
   9.6452E-03   9.6652E-03   1.6508E+00  0.1741
   9.6652E-03   9.6852E-03   1.6008E+00  0.1768
   9.6852E-03   9.7051E-03   1.2006E+00  0.2041
   9.7051E-03   9.7251E-03   1.2006E+00  0.2041
   9.7251E-03   9.7451E-03   1.3007E+00  0.1961
   9.7451E-03   9.7651E-03   8.0040E-01  0.2500
   9.7651E-03   9.7851E-03   6.0030E-01  0.2887
   9.7851E-03   9.8051E-03   9.0045E-01  0.2357
   9.8051E-03   9.8251E-03   1.1006E+00  0.2132
   9.8251E-03   9.8451E-03   8.5043E-01  0.2425
   9.8451E-03   9.8651E-03   7.0035E-01  0.2673
   9.8651E-03   9.8851E-03   7.0035E-01  0.2673
   9.8851E-03   9.9051E-03   6.5033E-01  0.2773
   9.9051E-03   9.9250E-03   4.5023E-01  0.3333
   9.9250E-03   9.9450E-03   3.5018E-01  0.3780
   9.9450E-03   9.9650E-03   6.0030E-01  0.2887
   9.9650E-03   9.9850E-03   3.5018E-01  0.3780
   9.9850E-03   1.0005E-02   5.5028E-01  0.3015
   1.0005E-02   1.0025E-02   6.0030E-01  0.2887
   1.0025E-02   1.0045E-02   2.8514E+00  0.1324
   1.0045E-02   1.0065E-02   5.4027E+00  0.0962
   1.0065E-02   1.0085E-02   5.7029E+00  0.0937
   1.0085E-02   1.0105E-02   5.2026E+00  0.0981
   1.0105E-02   1.0125E-02   4.4522E+00  0.1060
   1.0125E-02   1.0145E-02   4.7024E+00  0.1031
   1.0145E-02   1.0165E-02   4.7024E+00  0.1031
   1.0165E-02   1.0185E-02   5.6028E+00  0.0945
   1.0185E-02   1.0205E-02   7.5038E+00  0.0816
   1.0205E-02   1.0225E-02   5.8529E+00  0.0924
   1.0225E-02   1.0245E-02   6.3032E+00  0.0891
   1.0245E-02   1.0265E-02   6.2531E+00  0.0894
   1.0265E-02   1.0285E-02   6.1031E+00  0.0905
   1.0285E-02   1.0305E-02   5.9530E+00  0.0917
   1.0305E-02   1.0325E-02   6.0530E+00  0.0909
   1.0325E-02   1.0345E-02   6.7034E+00  0.0864
   1.0345E-02   1.0365E-02   6.3532E+00  0.0887
   1.0365E-02   1.0385E-02   7.1036E+00  0.0839
   1.0385E-02   1.0405E-02   5.4527E+00  0.0958
   1.0405E-02   1.0425E-02   6.4032E+00  0.0884
   1.0425E-02   1.0445E-02   5.9030E+00  0.0921
   1.0445E-02   1.0465E-02   6.5033E+00  0.0877
   1.0465E-02   1.0485E-02   5.5528E+00  0.0949
   1.0485E-02   1.0505E-02   6.9535E+00  0.0848
   1.0505E-02   1.0525E-02   5.8529E+00  0.0924
   1.0525E-02   1.0545E-02   6.2531E+00  0.0894
   1.0545E-02   1.0565E-02   5.5528E+00  0.0949
   1.0565E-02   1.0585E-02   6.5033E+00  0.0877
   1.0585E-02   1.0605E-02   5.0525E+00  0.0995
   1.0605E-02   1.0625E-02   5.3027E+00  0.0971
   1.0625E-02   1.0645E-02   5.9530E+00  0.0917
   1.0645E-02   1.0665E-02   6.3032E+00  0.0891
   1.0665E-02   1.0685E-02   5.8529E+00  0.0924
   1.0685E-02   1.0705E-02   4.5523E+00  0.1048
   1.0705E-02   1.0725E-02   6.0530E+00  0.0909
   1.0725E-02   1.0745E-02   5.2526E+00  0.0976
   1.0745E-02   1.0765E-02   5.2526E+00  0.0976
   1.0765E-02   1.0785E-02   5.2526E+00  0.0976
   1.0785E-02   1.0805E-02   6.1031E+00  0.0905
   1.0805E-02   1.0825E-02   5.5028E+00  0.0953
   1.0825E-02   1.0845E-02   5.9030E+00  0.0921
   1.0845E-02   1.0865E-02   5.6028E+00  0.0945
   1.0865E-02   1.0885E-02   5.5028E+00  0.0953
   1.0885E-02   1.0905E-02   5.5528E+00  0.0949
   1.0905E-02   1.0925E-02   5.4527E+00  0.0958
   1.0925E-02   1.0945E-02   5.2526E+00  0.0976
   1.0945E-02   1.0965E-02   5.7529E+00  0.0932
   1.0965E-02   1.0985E-02   6.0030E+00  0.0913
   1.0985E-02   1.1005E-02   5.2526E+00  0.0976
   1.1005E-02   1.1024E-02   5.2026E+00  0.0981
   1.1024E-02   1.1044E-02   5.3027E+00  0.0971
   1.1044E-02   1.1064E-02   4.4522E+00  0.1060
   1.1064E-02   1.1084E-02   6.5033E+00  0.0877
   1.1084E-02   1.1104E-02   5.8529E+00  0.0924
   1.1104E-02   1.1124E-02   5.1526E+00  0.0985
   1.1124E-02   1.1144E-02   5.7529E+00  0.0932
   1.1144E-02   1.1164E-02   5.0025E+00  0.1000
   1.1164E-02   1.1184E-02   4.9525E+00  0.1005
   1.1184E-02   1.1204E-02   5.2026E+00  0.0981
   1.1204E-02   1.1224E-02   5.2026E+00  0.0981
   1.1224E-02   1.1244E-02   5.0525E+00  0.0995
   1.1244E-02   1.1264E-02   5.3527E+00  0.0967
   1.1264E-02   1.1284E-02   4.4022E+00  0.1066
   1.1284E-02   1.1304E-02   4.6523E+00  0.1037
   1.1304E-02   1.1324E-02   4.9525E+00  0.1005
   1.1324E-02   1.1344E-02   5.2026E+00  0.0981
   1.1344E-02   1.1364E-02   5.2526E+00  0.0976
   1.1364E-02   1.1384E-02   5.6528E+00  0.0941
   1.1384E-02   1.1404E-02   5.1526E+00  0.0985
   1.1404E-02   1.1424E-02   5.1026E+00  0.0990
   1.1424E-02   1.1444E-02   5.9530E+00  0.0917
   1.1444E-02   1.1464E-02   4.7024E+00  0.1031
   1.1464E-02   1.1484E-02   5.0025E+00  0.1000
   1.1484E-02   1.1504E-02   4.5023E+00  0.1054
   1.1504E-02   1.1524E-02   5.3527E+00  0.0967
   1.1524E-02   1.1544E-02   4.7524E+00  0.1026
   1.1544E-02   1.1564E-02   5.3527E+00  0.0967
   1.1564E-02   1.1584E-02   5.1026E+00  0.0990
   1.1584E-02   1.1604E-02   5.2526E+00  0.0976
   1.1604E-02   1.1624E-02   4.8024E+00  0.1021
   1.1624E-02   1.1644E-02   5.8029E+00  0.0928
   1.1644E-02   1.1664E-02   5.0025E+00  0.1000
   1.1664E-02   1.1684E-02   5.1526E+00  0.0985
   1.1684E-02   1.1704E-02   4.7024E+00  0.1031
   1.1704E-02   1.1724E-02   5.3527E+00  0.0967
   1.1724E-02   1.1744E-02   5.0025E+00  0.1000
   1.1744E-02   1.1764E-02   5.5028E+00  0.0953
   1.1764E-02   1.1784E-02   5.7529E+00  0.0932
   1.1784E-02   1.1804E-02   5.6028E+00  0.0945
   1.1804E-02   1.1824E-02   5.5528E+00  0.0949
   1.1824E-02   1.1844E-02   4.6523E+00  0.1037
   1.1844E-02   1.1864E-02   5.0525E+00  0.0995
   1.1864E-02   1.1884E-02   6.1531E+00  0.0902
   1.1884E-02   1.1904E-02   4.4022E+00  0.1066
   1.1904E-02   1.1924E-02   5.2026E+00  0.0981
   1.1924E-02   1.1944E-02   4.4022E+00  0.1066
   1.1944E-02   1.1964E-02   4.6523E+00  0.1037
   1.1964E-02   1.1984E-02   5.5028E+00  0.0953
   1.1984E-02   1.2004E-02   5.2526E+00  0.0976
   1.2004E-02   1.2024E-02   4.9525E+00  0.1005
   1.2024E-02   1.2044E-02   4.6023E+00  0.1043
   1.2044E-02   1.2064E-02   5.3027E+00  0.0971
   1.2064E-02   1.2084E-02   5.3527E+00  0.0967
   1.2084E-02   1.2104E-02   5.7529E+00  0.0932
   1.2104E-02   1.2124E-02   5.4027E+00  0.0962
   1.2124E-02   1.2144E-02   5.2026E+00  0.0981
   1.2144E-02   1.2164E-02   4.2021E+00  0.1091
   1.2164E-02   1.2184E-02   5.8529E+00  0.0924
   1.2184E-02   1.2204E-02   5.5028E+00  0.0953
   1.2204E-02   1.2224E-02   5.4527E+00  0.0958
   1.2224E-02   1.2244E-02   4.7524E+00  0.1026
   1.2244E-02   1.2264E-02   5.8029E+00  0.0928
   1.2264E-02   1.2284E-02   5.4027E+00  0.0962
   1.2284E-02   1.2304E-02   5.2026E+00  0.0981
   1.2304E-02   1.2324E-02   5.2526E+00  0.0976
   1.2324E-02   1.2344E-02   5.9530E+00  0.0917
   1.2344E-02   1.2364E-02   5.0525E+00  0.0995
   1.2364E-02   1.2384E-02   6.4032E+00  0.0884
   1.2384E-02   1.2404E-02   6.0530E+00  0.0909
   1.2404E-02   1.2424E-02   6.6033E+00  0.0870
   1.2424E-02   1.2444E-02   5.4027E+00  0.0962
   1.2444E-02   1.2464E-02   6.0030E+00  0.0913
   1.2464E-02   1.2484E-02   5.2526E+00  0.0976
   1.2484E-02   1.2504E-02   6.9535E+00  0.0848
   1.2504E-02   1.2524E-02   5.9530E+00  0.0917
   1.2524E-02   1.2544E-02   5.1026E+00  0.0990
   1.2544E-02   1.2564E-02   6.2531E+00  0.0894
   1.2564E-02   1.2584E-02   6.5033E+00  0.0877
   1.2584E-02   1.2604E-02   6.2031E+00  0.0898
   1.2604E-02   1.2624E-02   5.1526E+00  0.0985
   1.2624E-02   1.2644E-02   6.7034E+00  0.0864
   1.2644E-02   1.2664E-02   6.7534E+00  0.0861
   1.2664E-02   1.2684E-02   6.5533E+00  0.0874
   1.2684E-02   1.2704E-02   6.7534E+00  0.0861
   1.2704E-02   1.2724E-02   6.8534E+00  0.0854
   1.2724E-02   1.2744E-02   5.2526E+00  0.0976
   1.2744E-02   1.2764E-02   6.1031E+00  0.0905
   1.2764E-02   1.2784E-02   5.7029E+00  0.0937
   1.2784E-02   1.2804E-02   6.5533E+00  0.0874
   1.2804E-02   1.2824E-02   6.4532E+00  0.0880
   1.2824E-02   1.2844E-02   6.4532E+00  0.0880
   1.2844E-02   1.2864E-02   5.6028E+00  0.0945
   1.2864E-02   1.2884E-02   6.3032E+00  0.0891
   1.2884E-02   1.2904E-02   6.2531E+00  0.0894
   1.2904E-02   1.2924E-02   5.7529E+00  0.0932
   1.2924E-02   1.2944E-02   5.2526E+00  0.0976
   1.2944E-02   1.2964E-02   6.0030E+00  0.0913
   1.2964E-02   1.2984E-02   5.9530E+00  0.0917
   1.2984E-02   1.3003E-02   5.5028E+00  0.0953
   1.3003E-02   1.3023E-02   6.2531E+00  0.0894
   1.3023E-02   1.3043E-02   5.6028E+00  0.0945
   1.3043E-02   1.3063E-02   5.5028E+00  0.0953
   1.3063E-02   1.3083E-02   6.7534E+00  0.0861
   1.3083E-02   1.3103E-02   5.8029E+00  0.0928
   1.3103E-02   1.3123E-02   5.4027E+00  0.0962
   1.3123E-02   1.3143E-02   5.5528E+00  0.0949
   1.3143E-02   1.3163E-02   5.7529E+00  0.0932
   1.3163E-02   1.3183E-02   5.7029E+00  0.0937
   1.3183E-02   1.3203E-02   5.9530E+00  0.0917
   1.3203E-02   1.3223E-02   5.1026E+00  0.0990
   1.3223E-02   1.3243E-02   5.0025E+00  0.1000
   1.3243E-02   1.3263E-02   4.5523E+00  0.1048
   1.3263E-02   1.3283E-02   4.2521E+00  0.1085
   1.3283E-02   1.3303E-02   5.8529E+00  0.0924
   1.3303E-02   1.3323E-02   5.3527E+00  0.0967
   1.3323E-02   1.3343E-02   5.2026E+00  0.0981
   1.3343E-02   1.3363E-02   5.1526E+00  0.0985
   1.3363E-02   1.3383E-02   4.8524E+00  0.1015
   1.3383E-02   1.3403E-02   5.4527E+00  0.0958
   1.3403E-02   1.3423E-02   4.9525E+00  0.1005
   1.3423E-02   1.3443E-02   5.3527E+00  0.0967
   1.3443E-02   1.3463E-02   5.5528E+00  0.0949
   1.3463E-02   1.3483E-02   4.8524E+00  0.1015
   1.3483E-02   1.3503E-02   5.5528E+00  0.0949
   1.3503E-02   1.3523E-02   6.2531E+00  0.0894
   1.3523E-02   1.3543E-02   6.0030E+00  0.0913
   1.3543E-02   1.3563E-02   6.1531E+00  0.0902
   1.3563E-02   1.3583E-02   5.6028E+00  0.0945
   1.3583E-02   1.3603E-02   4.8524E+00  0.1015
   1.3603E-02   1.3623E-02   5.3027E+00  0.0971
   1.3623E-02   1.3643E-02   5.2526E+00  0.0976
   1.3643E-02   1.3663E-02   4.7524E+00  0.1026
   1.3663E-02   1.3683E-02   5.5028E+00  0.0953
   1.3683E-02   1.3703E-02   4.7524E+00  0.1026
   1.3703E-02   1.3723E-02   5.5028E+00  0.0953
   1.3723E-02   1.3743E-02   5.5528E+00  0.0949
   1.3743E-02   1.3763E-02   5.5028E+00  0.0953
   1.3763E-02   1.3783E-02   4.7524E+00  0.1026
   1.3783E-02   1.3803E-02   5.2526E+00  0.0976
   1.3803E-02   1.3823E-02   4.8524E+00  0.1015
   1.3823E-02   1.3843E-02   5.3027E+00  0.0971
   1.3843E-02   1.3863E-02   5.4527E+00  0.0958
   1.3863E-02   1.3883E-02   4.8524E+00  0.1015
   1.3883E-02   1.3903E-02   5.4527E+00  0.0958
   1.3903E-02   1.3923E-02   5.3527E+00  0.0967
   1.3923E-02   1.3943E-02   4.9525E+00  0.1005
   1.3943E-02   1.3963E-02   5.9530E+00  0.0917
   1.3963E-02   1.3983E-02   6.3032E+00  0.0891
   1.3983E-02   1.4003E-02   5.8529E+00  0.0924
   1.4003E-02   1.4023E-02   5.0025E+00  0.1000
   1.4023E-02   1.4043E-02   5.0525E+00  0.0995
   1.4043E-02   1.4063E-02   4.7024E+00  0.1031
   1.4063E-02   1.4083E-02   5.5028E+00  0.0953
   1.4083E-02   1.4103E-02   5.3527E+00  0.0967
   1.4103E-02   1.4123E-02   4.9025E+00  0.1010
   1.4123E-02   1.4143E-02   4.6523E+00  0.1037
   1.4143E-02   1.4163E-02   5.1026E+00  0.0990
   1.4163E-02   1.4183E-02   5.7029E+00  0.0937
   1.4183E-02   1.4203E-02   5.7529E+00  0.0932
   1.4203E-02   1.4223E-02   5.3027E+00  0.0971
   1.4223E-02   1.4243E-02   4.6023E+00  0.1043
   1.4243E-02   1.4263E-02   4.3522E+00  0.1072
   1.4263E-02   1.4283E-02   5.3527E+00  0.0967
   1.4283E-02   1.4303E-02   6.3032E+00  0.0891
   1.4303E-02   1.4323E-02   5.0525E+00  0.0995
   1.4323E-02   1.4343E-02   4.5523E+00  0.1048
   1.4343E-02   1.4363E-02   5.9030E+00  0.0921
   1.4363E-02   1.4383E-02   5.3527E+00  0.0967
   1.4383E-02   1.4403E-02   5.1026E+00  0.0990
   1.4403E-02   1.4423E-02   6.0530E+00  0.0909
   1.4423E-02   1.4443E-02   5.2526E+00  0.0976
   1.4443E-02   1.4463E-02   4.7524E+00  0.1026
   1.4463E-02   1.4483E-02   5.8029E+00  0.0928
   1.4483E-02   1.4503E-02   6.0530E+00  0.0909
   1.4503E-02   1.4523E-02   5.4027E+00  0.0962
   1.4523E-02   1.4543E-02   4.9525E+00  0.1005
   1.4543E-02   1.4563E-02   5.2026E+00  0.0981
   1.4563E-02   1.4583E-02   4.6523E+00  0.1037
   1.4583E-02   1.4603E-02   4.7524E+00  0.1026
   1.4603E-02   1.4623E-02   5.1526E+00  0.0985
   1.4623E-02   1.4643E-02   5.2026E+00  0.0981
   1.4643E-02   1.4663E-02   5.2526E+00  0.0976
   1.4663E-02   1.4683E-02   6.4532E+00  0.0880
   1.4683E-02   1.4703E-02   4.8024E+00  0.1021
   1.4703E-02   1.4723E-02   5.5028E+00  0.0953
   1.4723E-02   1.4743E-02   6.3532E+00  0.0887
   1.4743E-02   1.4763E-02   4.9025E+00  0.1010
   1.4763E-02   1.4783E-02   5.1526E+00  0.0985
   1.4783E-02   1.4803E-02   4.8524E+00  0.1015
   1.4803E-02   1.4823E-02   4.2521E+00  0.1085
   1.4823E-02   1.4843E-02   4.6023E+00  0.1043
   1.4843E-02   1.4863E-02   5.2026E+00  0.0981
   1.4863E-02   1.4883E-02   5.0025E+00  0.1000
   1.4883E-02   1.4903E-02   4.8524E+00  0.1015
   1.4903E-02   1.4923E-02   6.1531E+00  0.0902
   1.4923E-02   1.4943E-02   3.9520E+00  0.1125
   1.4943E-02   1.4963E-02   5.3527E+00  0.0967
   1.4963E-02   1.4983E-02   5.2526E+00  0.0976
   1.4983E-02   1.5003E-02   5.9030E+00  0.0921
   1.5003E-02   1.5022E-02   5.7529E+00  0.0932
   1.5022E-02   1.5042E-02   5.7529E+00  0.0932
   1.5042E-02   1.5062E-02   4.7024E+00  0.1031
   1.5062E-02   1.5082E-02   4.7524E+00  0.1026
   1.5082E-02   1.5102E-02   5.3027E+00  0.0971
   1.5102E-02   1.5122E-02   5.1526E+00  0.0985
   1.5122E-02   1.5142E-02   5.0525E+00  0.0995
   1.5142E-02   1.5162E-02   5.1526E+00  0.0985
   1.5162E-02   1.5182E-02   5.7029E+00  0.0937
   1.5182E-02   1.5202E-02   5.1026E+00  0.0990
   1.5202E-02   1.5222E-02   5.2026E+00  0.0981
   1.5222E-02   1.5242E-02   5.5528E+00  0.0949
   1.5242E-02   1.5262E-02   5.0525E+00  0.0995
   1.5262E-02   1.5282E-02   5.9030E+00  0.0921
   1.5282E-02   1.5302E-02   5.2526E+00  0.0976
   1.5302E-02   1.5322E-02   5.3027E+00  0.0971
   1.5322E-02   1.5342E-02   5.2526E+00  0.0976
   1.5342E-02   1.5362E-02   6.1531E+00  0.0902
   1.5362E-02   1.5382E-02   5.2526E+00  0.0976
   1.5382E-02   1.5402E-02   5.1526E+00  0.0985
   1.5402E-02   1.5422E-02   4.9025E+00  0.1010
   1.5422E-02   1.5442E-02   5.3527E+00  0.0967
   1.5442E-02   1.5462E-02   4.6523E+00  0.1037
   1.5462E-02   1.5482E-02   6.2531E+00  0.0894
   1.5482E-02   1.5502E-02   6.1531E+00  0.0902
   1.5502E-02   1.5522E-02   5.0525E+00  0.0995
   1.5522E-02   1.5542E-02   5.8029E+00  0.0928
   1.5542E-02   1.5562E-02   5.2026E+00  0.0981
   1.5562E-02   1.5582E-02   4.6523E+00  0.1037
   1.5582E-02   1.5602E-02   5.5528E+00  0.0949
   1.5602E-02   1.5622E-02   5.5028E+00  0.0953
   1.5622E-02   1.5642E-02   5.2526E+00  0.0976
   1.5642E-02   1.5662E-02   4.8024E+00  0.1021
   1.5662E-02   1.5682E-02   4.9525E+00  0.1005
   1.5682E-02   1.5702E-02   5.1026E+00  0.0990
   1.5702E-02   1.5722E-02   5.4527E+00  0.0958
   1.5722E-02   1.5742E-02   5.1026E+00  0.0990
   1.5742E-02   1.5762E-02   5.4527E+00  0.0958
   1.5762E-02   1.5782E-02   5.9530E+00  0.0917
   1.5782E-02   1.5802E-02   4.4022E+00  0.1066
   1.5802E-02   1.5822E-02   4.9025E+00  0.1010
   1.5822E-02   1.5842E-02   4.9025E+00  0.1010
   1.5842E-02   1.5862E-02   4.7524E+00  0.1026
   1.5862E-02   1.5882E-02   5.5028E+00  0.0953
   1.5882E-02   1.5902E-02   4.8524E+00  0.1015
   1.5902E-02   1.5922E-02   5.4027E+00  0.0962
   1.5922E-02   1.5942E-02   6.1531E+00  0.0902
   1.5942E-02   1.5962E-02   5.3027E+00  0.0971
   1.5962E-02   1.5982E-02   5.8529E+00  0.0924
   1.5982E-02   1.6002E-02   5.3027E+00  0.0971
   1.6002E-02   1.6022E-02   5.9030E+00  0.0921
   1.6022E-02   1.6042E-02   5.6528E+00  0.0941
   1.6042E-02   1.6062E-02   5.3027E+00  0.0971
   1.6062E-02   1.6082E-02   4.6523E+00  0.1037
   1.6082E-02   1.6102E-02   4.9525E+00  0.1005
   1.6102E-02   1.6122E-02   4.1521E+00  0.1098
   1.6122E-02   1.6142E-02   4.7024E+00  0.1031
   1.6142E-02   1.6162E-02   5.3527E+00  0.0967
   1.6162E-02   1.6182E-02   4.8524E+00  0.1015
   1.6182E-02   1.6202E-02   5.1026E+00  0.0990
   1.6202E-02   1.6222E-02   4.6523E+00  0.1037
   1.6222E-02   1.6242E-02   4.3022E+00  0.1078
   1.6242E-02   1.6262E-02   5.0525E+00  0.0995
   1.6262E-02   1.6282E-02   4.4522E+00  0.1060
   1.6282E-02   1.6302E-02   4.8524E+00  0.1015
   1.6302E-02   1.6322E-02   4.8024E+00  0.1021
   1.6322E-02   1.6342E-02   5.0025E+00  0.1000
   1.6342E-02   1.6362E-02   6.0030E+00  0.0913
   1.6362E-02   1.6382E-02   5.3527E+00  0.0967
   1.6382E-02   1.6402E-02   4.5023E+00  0.1054
   1.6402E-02   1.6422E-02   4.5023E+00  0.1054
   1.6422E-02   1.6442E-02   4.7024E+00  0.1031
   1.6442E-02   1.6462E-02   5.5528E+00  0.0949
   1.6462E-02   1.6482E-02   5.4027E+00  0.0962
   1.6482E-02   1.6502E-02   4.8024E+00  0.1021
   1.6502E-02   1.6522E-02   4.7024E+00  0.1031
   1.6522E-02   1.6542E-02   4.3022E+00  0.1078
   1.6542E-02   1.6562E-02   5.8529E+00  0.0924
   1.6562E-02   1.6582E-02   5.4027E+00  0.0962
   1.6582E-02   1.6602E-02   5.1026E+00  0.0990
   1.6602E-02   1.6622E-02   4.6523E+00  0.1037
   1.6622E-02   1.6642E-02   5.1026E+00  0.0990
   1.6642E-02   1.6662E-02   4.9525E+00  0.1005
   1.6662E-02   1.6682E-02   4.6523E+00  0.1037
   1.6682E-02   1.6702E-02   5.6028E+00  0.0945
   1.6702E-02   1.6722E-02   5.4027E+00  0.0962
   1.6722E-02   1.6742E-02   5.1026E+00  0.0990
   1.6742E-02   1.6762E-02   5.1526E+00  0.0985
   1.6762E-02   1.6782E-02   5.7529E+00  0.0932
   1.6782E-02   1.6802E-02   6.2031E+00  0.0898
   1.6802E-02   1.6822E-02   5.3527E+00  0.0967
   1.6822E-02   1.6842E-02   5.7029E+00  0.0937
   1.6842E-02   1.6862E-02   5.0525E+00  0.0995
   1.6862E-02   1.6882E-02   6.4032E+00  0.0884
   1.6882E-02   1.6902E-02   5.2026E+00  0.0981
   1.6902E-02   1.6922E-02   6.4532E+00  0.0880
   1.6922E-02   1.6942E-02   5.8529E+00  0.0924
   1.6942E-02   1.6962E-02   6.1531E+00  0.0902
   1.6962E-02   1.6982E-02   5.6028E+00  0.0945
   1.6982E-02   1.7001E-02   7.1036E+00  0.0839
   1.7001E-02   1.7021E-02   7.4537E+00  0.0819
   1.7021E-02   1.7041E-02   5.9530E+00  0.0917
   1.7041E-02   1.7061E-02   5.6528E+00  0.0941
   1.7061E-02   1.7081E-02   7.1036E+00  0.0839
   1.7081E-02   1.7101E-02   5.6528E+00  0.0941
   1.7101E-02   1.7121E-02   6.2531E+00  0.0894
   1.7121E-02   1.7141E-02   6.7534E+00  0.0861
   1.7141E-02   1.7161E-02   6.6533E+00  0.0867
   1.7161E-02   1.7181E-02   6.0530E+00  0.0909
   1.7181E-02   1.7201E-02   6.4532E+00  0.0880
   1.7201E-02   1.7221E-02   5.6528E+00  0.0941
   1.7221E-02   1.7241E-02   6.1531E+00  0.0902
   1.7241E-02   1.7261E-02   6.1531E+00  0.0902
   1.7261E-02   1.7281E-02   6.1531E+00  0.0902
   1.7281E-02   1.7301E-02   5.9530E+00  0.0917
   1.7301E-02   1.7321E-02   6.7534E+00  0.0861
   1.7321E-02   1.7341E-02   5.8529E+00  0.0924
   1.7341E-02   1.7361E-02   5.4527E+00  0.0958
   1.7361E-02   1.7381E-02   5.7029E+00  0.0937
   1.7381E-02   1.7401E-02   6.0030E+00  0.0913
   1.7401E-02   1.7421E-02   7.1536E+00  0.0836
   1.7421E-02   1.7441E-02   5.0025E+00  0.1000
   1.7441E-02   1.7461E-02   7.2536E+00  0.0830
   1.7461E-02   1.7481E-02   5.9030E+00  0.0921
   1.7481E-02   1.7501E-02   6.4032E+00  0.0884
   1.7501E-02   1.7521E-02   5.2526E+00  0.0976
   1.7521E-02   1.7541E-02   6.2531E+00  0.0894
   1.7541E-02   1.7561E-02   5.2526E+00  0.0976
   1.7561E-02   1.7581E-02   6.0530E+00  0.0909
   1.7581E-02   1.7601E-02   6.5533E+00  0.0874
   1.7601E-02   1.7621E-02   6.7534E+00  0.0861
   1.7621E-02   1.7641E-02   6.1531E+00  0.0902
   1.7641E-02   1.7661E-02   5.8029E+00  0.0928
   1.7661E-02   1.7681E-02   6.2031E+00  0.0898
   1.7681E-02   1.7701E-02   6.3032E+00  0.0891
   1.7701E-02   1.7721E-02   5.8529E+00  0.0924
   1.7721E-02   1.7741E-02   5.5528E+00  0.0949
   1.7741E-02   1.7761E-02   4.5023E+00  0.1054
   1.7761E-02   1.7781E-02   6.2531E+00  0.0894
   1.7781E-02   1.7801E-02   5.7529E+00  0.0932
   1.7801E-02   1.7821E-02   4.7024E+00  0.1031
   1.7821E-02   1.7841E-02   4.3522E+00  0.1072
   1.7841E-02   1.7861E-02   4.8024E+00  0.1021
   1.7861E-02   1.7881E-02   5.5028E+00  0.0953
   1.7881E-02   1.7901E-02   5.8529E+00  0.0924
   1.7901E-02   1.7921E-02   6.9535E+00  0.0848
   1.7921E-02   1.7941E-02   5.2526E+00  0.0976
   1.7941E-02   1.7961E-02   5.0025E+00  0.1000
   1.7961E-02   1.7981E-02   5.8529E+00  0.0924
   1.7981E-02   1.8001E-02   4.1021E+00  0.1104
   1.8001E-02   1.8021E-02   5.5528E+00  0.0949
   1.8021E-02   1.8041E-02   4.6523E+00  0.1037
   1.8041E-02   1.8061E-02   4.8524E+00  0.1015
   1.8061E-02   1.8081E-02   5.1526E+00  0.0985
   1.8081E-02   1.8101E-02   6.0530E+00  0.0909
   1.8101E-02   1.8121E-02   4.9025E+00  0.1010
   1.8121E-02   1.8141E-02   4.7524E+00  0.1026
   1.8141E-02   1.8161E-02   5.1026E+00  0.0990
   1.8161E-02   1.8181E-02   5.5528E+00  0.0949
   1.8181E-02   1.8201E-02   5.2526E+00  0.0976
   1.8201E-02   1.8221E-02   4.3022E+00  0.1078
   1.8221E-02   1.8241E-02   4.7024E+00  0.1031
   1.8241E-02   1.8261E-02   5.1526E+00  0.0985
   1.8261E-02   1.8281E-02   4.7524E+00  0.1026
   1.8281E-02   1.8301E-02   5.6028E+00  0.0945
   1.8301E-02   1.8321E-02   5.2526E+00  0.0976
   1.8321E-02   1.8341E-02   4.5523E+00  0.1048
   1.8341E-02   1.8361E-02   5.5528E+00  0.0949
   1.8361E-02   1.8381E-02   5.1026E+00  0.0990
   1.8381E-02   1.8401E-02   5.9030E+00  0.0921
   1.8401E-02   1.8421E-02   5.9030E+00  0.0921
   1.8421E-02   1.8441E-02   5.1026E+00  0.0990
   1.8441E-02   1.8461E-02   6.0530E+00  0.0909
   1.8461E-02   1.8481E-02   4.7524E+00  0.1026
   1.8481E-02   1.8501E-02   4.8524E+00  0.1015
   1.8501E-02   1.8521E-02   5.2526E+00  0.0976
   1.8521E-02   1.8541E-02   5.6528E+00  0.0941
   1.8541E-02   1.8561E-02   5.0525E+00  0.0995
   1.8561E-02   1.8581E-02   4.2521E+00  0.1085
   1.8581E-02   1.8601E-02   5.1526E+00  0.0985
   1.8601E-02   1.8621E-02   4.3022E+00  0.1078
   1.8621E-02   1.8641E-02   4.7024E+00  0.1031
   1.8641E-02   1.8661E-02   4.6023E+00  0.1043
   1.8661E-02   1.8681E-02   5.4527E+00  0.0958
   1.8681E-02   1.8701E-02   3.9520E+00  0.1125
   1.8701E-02   1.8721E-02   4.8024E+00  0.1021
   1.8721E-02   1.8741E-02   5.1026E+00  0.0990
   1.8741E-02   1.8761E-02   5.4527E+00  0.0958
   1.8761E-02   1.8781E-02   5.0525E+00  0.0995
   1.8781E-02   1.8801E-02   5.2026E+00  0.0981
   1.8801E-02   1.8821E-02   5.2026E+00  0.0981
   1.8821E-02   1.8841E-02   5.3027E+00  0.0971
   1.8841E-02   1.8861E-02   4.5523E+00  0.1048
   1.8861E-02   1.8881E-02   5.3527E+00  0.0967
   1.8881E-02   1.8901E-02   5.2026E+00  0.0981
   1.8901E-02   1.8921E-02   4.9525E+00  0.1005
   1.8921E-02   1.8941E-02   6.1531E+00  0.0902
   1.8941E-02   1.8961E-02   5.6028E+00  0.0945
   1.8961E-02   1.8981E-02   4.6023E+00  0.1043
   1.8981E-02   1.9001E-02   5.4527E+00  0.0958
   1.9001E-02   1.9020E-02   5.4527E+00  0.0958
   1.9020E-02   1.9040E-02   5.4527E+00  0.0958
   1.9040E-02   1.9060E-02   4.6523E+00  0.1037
   1.9060E-02   1.9080E-02   5.0025E+00  0.1000
   1.9080E-02   1.9100E-02   4.1021E+00  0.1104
   1.9100E-02   1.9120E-02   5.5528E+00  0.0949
   1.9120E-02   1.9140E-02   4.8024E+00  0.1021
   1.9140E-02   1.9160E-02   6.0030E+00  0.0913
   1.9160E-02   1.9180E-02   5.6028E+00  0.0945
   1.9180E-02   1.9200E-02   5.3527E+00  0.0967
   1.9200E-02   1.9220E-02   5.2026E+00  0.0981
   1.9220E-02   1.9240E-02   5.8029E+00  0.0928
   1.9240E-02   1.9260E-02   5.9030E+00  0.0921
   1.9260E-02   1.9280E-02   6.6033E+00  0.0870
   1.9280E-02   1.9300E-02   5.7029E+00  0.0937
   1.9300E-02   1.9320E-02   4.8524E+00  0.1015
   1.9320E-02   1.9340E-02   5.7029E+00  0.0937
   1.9340E-02   1.9360E-02   5.2026E+00  0.0981
   1.9360E-02   1.9380E-02   5.6528E+00  0.0941
   1.9380E-02   1.9400E-02   6.5033E+00  0.0877
   1.9400E-02   1.9420E-02   4.8524E+00  0.1015
   1.9420E-02   1.9440E-02   5.1026E+00  0.0990
   1.9440E-02   1.9460E-02   4.9525E+00  0.1005
   1.9460E-02   1.9480E-02   6.1531E+00  0.0902
   1.9480E-02   1.9500E-02   5.2526E+00  0.0976
   1.9500E-02   1.9520E-02   5.4527E+00  0.0958
   1.9520E-02   1.9540E-02   6.5533E+00  0.0874
   1.9540E-02   1.9560E-02   5.4027E+00  0.0962
   1.9560E-02   1.9580E-02   5.3527E+00  0.0967
   1.9580E-02   1.9600E-02   5.5028E+00  0.0953
   1.9600E-02   1.9620E-02   5.2526E+00  0.0976
   1.9620E-02   1.9640E-02   4.6523E+00  0.1037
   1.9640E-02   1.9660E-02   5.9530E+00  0.0917
   1.9660E-02   1.9680E-02   5.5528E+00  0.0949
   1.9680E-02   1.9700E-02   5.3527E+00  0.0967
   1.9700E-02   1.9720E-02   5.3027E+00  0.0971
   1.9720E-02   1.9740E-02   6.6033E+00  0.0870
   1.9740E-02   1.9760E-02   5.1526E+00  0.0985
   1.9760E-02   1.9780E-02   5.4527E+00  0.0958
   1.9780E-02   1.9800E-02   5.4527E+00  0.0958
   1.9800E-02   1.9820E-02   4.8024E+00  0.1021
   1.9820E-02   1.9840E-02   5.3527E+00  0.0967
   1.9840E-02   1.9860E-02   6.0030E+00  0.0913
   1.9860E-02   1.9880E-02   4.9025E+00  0.1010
   1.9880E-02   1.9900E-02   6.0530E+00  0.0909
   1.9900E-02   1.9920E-02   5.6528E+00  0.0941
   1.9920E-02   1.9940E-02   6.4532E+00  0.0880
   1.9940E-02   1.9960E-02   6.1031E+00  0.0905
   1.9960E-02   1.9980E-02   6.8534E+00  0.0854
   1.9980E-02   2.0000E-02   6.2531E+00  0.0894

#   sum over                 3.2064E+00
'no. =    3   reg = 103 - 104'
msuc: {\huge Source n beam}
msdr: {\it plotted by \ANGEL \version}
msdl: {\it calculated by \PHITS  3.28}
wt: s(0.7)
\vspace{-3}
  region surface crossing
  area  &=&   1.0000E+00 [cm^2]
e:

#------------------------------------------------------------------------------
 newpage:
#   no. =    4   reg = 103 - 105

x: Energy [MeV]
y: Current [1/cm^2/MeV/source]             
p: xlin ylog afac(0.8) form(0.9)
h: n            x            y1(neutron ),hh0l   ny2 dy1=[y1*y2] 
#  e-lower      e-upper      neutron     r.err 
   1.0000E-05   2.9990E-05   7.9640E+01  0.0251
   2.9990E-05   4.9980E-05   5.1726E+01  0.0311
   4.9980E-05   6.9970E-05   4.5823E+01  0.0330
   6.9970E-05   8.9960E-05   3.7519E+01  0.0365
   8.9960E-05   1.0995E-04   3.3067E+01  0.0389
   1.0995E-04   1.2994E-04   3.1816E+01  0.0396
   1.2994E-04   1.4993E-04   2.9365E+01  0.0413
   1.4993E-04   1.6992E-04   2.5613E+01  0.0442
   1.6992E-04   1.8991E-04   2.5113E+01  0.0446
   1.8991E-04   2.0990E-04   2.3462E+01  0.0462
   2.0990E-04   2.2989E-04   2.1111E+01  0.0487
   2.2989E-04   2.4988E-04   2.2311E+01  0.0473
   2.4988E-04   2.6987E-04   2.1011E+01  0.0488
   2.6987E-04   2.8986E-04   2.0960E+01  0.0488
   2.8986E-04   3.0985E-04   2.0610E+01  0.0493
   3.0985E-04   3.2984E-04   1.7759E+01  0.0531
   3.2984E-04   3.4983E-04   1.7109E+01  0.0541
   3.4983E-04   3.6982E-04   1.7559E+01  0.0534
   3.6982E-04   3.8981E-04   1.5958E+01  0.0560
   3.8981E-04   4.0980E-04   1.6358E+01  0.0553
   4.0980E-04   4.2979E-04   1.5708E+01  0.0564
   4.2979E-04   4.4978E-04   1.3707E+01  0.0604
   4.4978E-04   4.6977E-04   1.4407E+01  0.0589
   4.6977E-04   4.8976E-04   1.4657E+01  0.0584
   4.8976E-04   5.0975E-04   1.2856E+01  0.0624
   5.0975E-04   5.2974E-04   1.3957E+01  0.0599
   5.2974E-04   5.4973E-04   1.3107E+01  0.0618
   5.4973E-04   5.6972E-04   1.4057E+01  0.0596
   5.6972E-04   5.8971E-04   1.3857E+01  0.0601
   5.8971E-04   6.0970E-04   1.3157E+01  0.0617
   6.0970E-04   6.2969E-04   1.1906E+01  0.0648
   6.2969E-04   6.4968E-04   1.1506E+01  0.0659
   6.4968E-04   6.6967E-04   1.3257E+01  0.0614
   6.6967E-04   6.8966E-04   1.3257E+01  0.0614
   6.8966E-04   7.0965E-04   1.2956E+01  0.0621
   7.0965E-04   7.2964E-04   1.0255E+01  0.0698
   7.2964E-04   7.4963E-04   1.2306E+01  0.0637
   7.4963E-04   7.6962E-04   1.2606E+01  0.0630
   7.6962E-04   7.8961E-04   1.0855E+01  0.0679
   7.8961E-04   8.0960E-04   1.0755E+01  0.0682
   8.0960E-04   8.2959E-04   1.1206E+01  0.0668
   8.2959E-04   8.4958E-04   1.1606E+01  0.0656
   8.4958E-04   8.6957E-04   1.0305E+01  0.0697
   8.6957E-04   8.8956E-04   1.1006E+01  0.0674
   8.8956E-04   9.0955E-04   1.0755E+01  0.0682
   9.0955E-04   9.2954E-04   9.7549E+00  0.0716
   9.2954E-04   9.4953E-04   1.1206E+01  0.0668
   9.4953E-04   9.6952E-04   1.1406E+01  0.0662
   9.6952E-04   9.8951E-04   9.8049E+00  0.0714
   9.8951E-04   1.0095E-03   1.0805E+01  0.0680
   1.0095E-03   1.0295E-03   9.9550E+00  0.0709
   1.0295E-03   1.0495E-03   9.9050E+00  0.0711
   1.0495E-03   1.0695E-03   1.0755E+01  0.0682
   1.0695E-03   1.0895E-03   9.5548E+00  0.0724
   1.0895E-03   1.1095E-03   9.9550E+00  0.0709
   1.1095E-03   1.1294E-03   8.9045E+00  0.0749
   1.1294E-03   1.1494E-03   9.5048E+00  0.0725
   1.1494E-03   1.1694E-03   1.0705E+01  0.0684
   1.1694E-03   1.1894E-03   8.6543E+00  0.0760
   1.1894E-03   1.2094E-03   8.5543E+00  0.0765
   1.2094E-03   1.2294E-03   8.2041E+00  0.0781
   1.2294E-03   1.2494E-03   8.4542E+00  0.0769
   1.2494E-03   1.2694E-03   9.0545E+00  0.0743
   1.2694E-03   1.2894E-03   9.1546E+00  0.0739
   1.2894E-03   1.3093E-03   9.3047E+00  0.0733
   1.3093E-03   1.3293E-03   9.0545E+00  0.0743
   1.3293E-03   1.3493E-03   8.6043E+00  0.0762
   1.3493E-03   1.3693E-03   8.7044E+00  0.0758
   1.3693E-03   1.3893E-03   8.2041E+00  0.0781
   1.3893E-03   1.4093E-03   9.1046E+00  0.0741
   1.4093E-03   1.4293E-03   7.7539E+00  0.0803
   1.4293E-03   1.4493E-03   8.1041E+00  0.0786
   1.4493E-03   1.4693E-03   8.5543E+00  0.0765
   1.4693E-03   1.4893E-03   7.9040E+00  0.0795
   1.4893E-03   1.5092E-03   8.4542E+00  0.0769
   1.5092E-03   1.5292E-03   8.0540E+00  0.0788
   1.5292E-03   1.5492E-03   8.7544E+00  0.0756
   1.5492E-03   1.5692E-03   7.4537E+00  0.0819
   1.5692E-03   1.5892E-03   7.5038E+00  0.0816
   1.5892E-03   1.6092E-03   8.1041E+00  0.0786
   1.6092E-03   1.6292E-03   8.4542E+00  0.0769
   1.6292E-03   1.6492E-03   7.8539E+00  0.0798
   1.6492E-03   1.6692E-03   8.4042E+00  0.0771
   1.6692E-03   1.6892E-03   9.0545E+00  0.0743
   1.6892E-03   1.7091E-03   7.8539E+00  0.0798
   1.7091E-03   1.7291E-03   7.5538E+00  0.0814
   1.7291E-03   1.7491E-03   7.1036E+00  0.0839
   1.7491E-03   1.7691E-03   9.1546E+00  0.0739
   1.7691E-03   1.7891E-03   6.8034E+00  0.0857
   1.7891E-03   1.8091E-03   8.0040E+00  0.0791
   1.8091E-03   1.8291E-03   7.0035E+00  0.0845
   1.8291E-03   1.8491E-03   7.6038E+00  0.0811
   1.8491E-03   1.8691E-03   6.5533E+00  0.0874
   1.8691E-03   1.8891E-03   7.9040E+00  0.0795
   1.8891E-03   1.9091E-03   6.9535E+00  0.0848
   1.9091E-03   1.9290E-03   7.6538E+00  0.0808
   1.9290E-03   1.9490E-03   7.2536E+00  0.0830
   1.9490E-03   1.9690E-03   7.1036E+00  0.0839
   1.9690E-03   1.9890E-03   7.0035E+00  0.0845
   1.9890E-03   2.0090E-03   8.0040E+00  0.0791
   2.0090E-03   2.0290E-03   7.4037E+00  0.0822
   2.0290E-03   2.0490E-03   7.1036E+00  0.0839
   2.0490E-03   2.0690E-03   7.6038E+00  0.0811
   2.0690E-03   2.0890E-03   7.2536E+00  0.0830
   2.0890E-03   2.1090E-03   7.1536E+00  0.0836
   2.1090E-03   2.1289E-03   5.6528E+00  0.0941
   2.1289E-03   2.1489E-03   7.0535E+00  0.0842
   2.1489E-03   2.1689E-03   7.4537E+00  0.0819
   2.1689E-03   2.1889E-03   7.0035E+00  0.0845
   2.1889E-03   2.2089E-03   6.8034E+00  0.0857
   2.2089E-03   2.2289E-03   6.5033E+00  0.0877
   2.2289E-03   2.2489E-03   6.9535E+00  0.0848
   2.2489E-03   2.2689E-03   5.9030E+00  0.0921
   2.2689E-03   2.2889E-03   6.1031E+00  0.0905
   2.2889E-03   2.3088E-03   6.8534E+00  0.0854
   2.3088E-03   2.3288E-03   5.7029E+00  0.0937
   2.3288E-03   2.3488E-03   6.5033E+00  0.0877
   2.3488E-03   2.3688E-03   6.4532E+00  0.0880
   2.3688E-03   2.3888E-03   6.7534E+00  0.0861
   2.3888E-03   2.4088E-03   6.5533E+00  0.0874
   2.4088E-03   2.4288E-03   5.6028E+00  0.0945
   2.4288E-03   2.4488E-03   6.9535E+00  0.0848
   2.4488E-03   2.4688E-03   5.8029E+00  0.0928
   2.4688E-03   2.4888E-03   6.1531E+00  0.0902
   2.4888E-03   2.5088E-03   6.7034E+00  0.0864
   2.5088E-03   2.5287E-03   5.9030E+00  0.0921
   2.5287E-03   2.5487E-03   7.3537E+00  0.0825
   2.5487E-03   2.5687E-03   6.0530E+00  0.0909
   2.5687E-03   2.5887E-03   6.5533E+00  0.0874
   2.5887E-03   2.6087E-03   5.9030E+00  0.0921
   2.6087E-03   2.6287E-03   6.7034E+00  0.0864
   2.6287E-03   2.6487E-03   5.6528E+00  0.0941
   2.6487E-03   2.6687E-03   6.5033E+00  0.0877
   2.6687E-03   2.6887E-03   6.1031E+00  0.0905
   2.6887E-03   2.7086E-03   6.2531E+00  0.0894
   2.7086E-03   2.7286E-03   6.7034E+00  0.0864
   2.7286E-03   2.7486E-03   6.6033E+00  0.0870
   2.7486E-03   2.7686E-03   5.8029E+00  0.0928
   2.7686E-03   2.7886E-03   6.8034E+00  0.0857
   2.7886E-03   2.8086E-03   5.8529E+00  0.0924
   2.8086E-03   2.8286E-03   7.1536E+00  0.0836
   2.8286E-03   2.8486E-03   5.6028E+00  0.0945
   2.8486E-03   2.8686E-03   6.4032E+00  0.0884
   2.8686E-03   2.8886E-03   6.9035E+00  0.0851
   2.8886E-03   2.9086E-03   5.0025E+00  0.1000
   2.9086E-03   2.9285E-03   5.4527E+00  0.0958
   2.9285E-03   2.9485E-03   5.9030E+00  0.0921
   2.9485E-03   2.9685E-03   6.1031E+00  0.0905
   2.9685E-03   2.9885E-03   5.4027E+00  0.0962
   2.9885E-03   3.0085E-03   5.9030E+00  0.0921
   3.0085E-03   3.0285E-03   6.8534E+00  0.0854
   3.0285E-03   3.0485E-03   5.9530E+00  0.0917
   3.0485E-03   3.0685E-03   5.4027E+00  0.0962
   3.0685E-03   3.0885E-03   6.5533E+00  0.0874
   3.0885E-03   3.1085E-03   7.0035E+00  0.0845
   3.1085E-03   3.1284E-03   5.9530E+00  0.0917
   3.1284E-03   3.1484E-03   6.0530E+00  0.0909
   3.1484E-03   3.1684E-03   6.2531E+00  0.0894
   3.1684E-03   3.1884E-03   5.8529E+00  0.0924
   3.1884E-03   3.2084E-03   6.5033E+00  0.0877
   3.2084E-03   3.2284E-03   6.7034E+00  0.0864
   3.2284E-03   3.2484E-03   5.6028E+00  0.0945
   3.2484E-03   3.2684E-03   6.1531E+00  0.0902
   3.2684E-03   3.2884E-03   5.4027E+00  0.0962
   3.2884E-03   3.3083E-03   6.1031E+00  0.0905
   3.3083E-03   3.3283E-03   5.8529E+00  0.0924
   3.3283E-03   3.3483E-03   6.7034E+00  0.0864
   3.3483E-03   3.3683E-03   6.1531E+00  0.0902
   3.3683E-03   3.3883E-03   6.2531E+00  0.0894
   3.3883E-03   3.4083E-03   6.8534E+00  0.0854
   3.4083E-03   3.4283E-03   6.9035E+00  0.0851
   3.4283E-03   3.4483E-03   5.6528E+00  0.0941
   3.4483E-03   3.4683E-03   6.1531E+00  0.0902
   3.4683E-03   3.4883E-03   6.0530E+00  0.0909
   3.4883E-03   3.5083E-03   6.1031E+00  0.0905
   3.5083E-03   3.5282E-03   5.8029E+00  0.0928
   3.5282E-03   3.5482E-03   6.6533E+00  0.0867
   3.5482E-03   3.5682E-03   5.9530E+00  0.0917
   3.5682E-03   3.5882E-03   6.3032E+00  0.0891
   3.5882E-03   3.6082E-03   5.6528E+00  0.0941
   3.6082E-03   3.6282E-03   5.4527E+00  0.0958
   3.6282E-03   3.6482E-03   5.9030E+00  0.0921
   3.6482E-03   3.6682E-03   6.8534E+00  0.0854
   3.6682E-03   3.6882E-03   5.1026E+00  0.0990
   3.6882E-03   3.7081E-03   6.0030E+00  0.0913
   3.7081E-03   3.7281E-03   6.0030E+00  0.0913
   3.7281E-03   3.7481E-03   6.5033E+00  0.0877
   3.7481E-03   3.7681E-03   6.0530E+00  0.0909
   3.7681E-03   3.7881E-03   5.8529E+00  0.0924
   3.7881E-03   3.8081E-03   5.5528E+00  0.0949
   3.8081E-03   3.8281E-03   6.1531E+00  0.0902
   3.8281E-03   3.8481E-03   6.2531E+00  0.0894
   3.8481E-03   3.8681E-03   5.6528E+00  0.0941
   3.8681E-03   3.8881E-03   5.4527E+00  0.0958
   3.8881E-03   3.9080E-03   5.2026E+00  0.0981
   3.9080E-03   3.9280E-03   6.4032E+00  0.0884
   3.9280E-03   3.9480E-03   5.3527E+00  0.0967
   3.9480E-03   3.9680E-03   5.5028E+00  0.0953
   3.9680E-03   3.9880E-03   5.8529E+00  0.0924
   3.9880E-03   4.0080E-03   6.1031E+00  0.0905
   4.0080E-03   4.0280E-03   5.1526E+00  0.0985
   4.0280E-03   4.0480E-03   6.6033E+00  0.0870
   4.0480E-03   4.0680E-03   5.5528E+00  0.0949
   4.0680E-03   4.0880E-03   4.9025E+00  0.1010
   4.0880E-03   4.1079E-03   6.0530E+00  0.0909
   4.1079E-03   4.1279E-03   5.0025E+00  0.1000
   4.1279E-03   4.1479E-03   6.4032E+00  0.0884
   4.1479E-03   4.1679E-03   5.1526E+00  0.0985
   4.1679E-03   4.1879E-03   6.0030E+00  0.0913
   4.1879E-03   4.2079E-03   5.4027E+00  0.0962
   4.2079E-03   4.2279E-03   4.6523E+00  0.1037
   4.2279E-03   4.2479E-03   5.8029E+00  0.0928
   4.2479E-03   4.2679E-03   5.4027E+00  0.0962
   4.2679E-03   4.2879E-03   5.5528E+00  0.0949
   4.2879E-03   4.3078E-03   6.0030E+00  0.0913
   4.3078E-03   4.3278E-03   5.7029E+00  0.0937
   4.3278E-03   4.3478E-03   5.9030E+00  0.0921
   4.3478E-03   4.3678E-03   5.2026E+00  0.0981
   4.3678E-03   4.3878E-03   5.1526E+00  0.0985
   4.3878E-03   4.4078E-03   5.7029E+00  0.0937
   4.4078E-03   4.4278E-03   5.3027E+00  0.0971
   4.4278E-03   4.4478E-03   5.6528E+00  0.0941
   4.4478E-03   4.4678E-03   5.2026E+00  0.0981
   4.4678E-03   4.4878E-03   6.0030E+00  0.0913
   4.4878E-03   4.5077E-03   5.7029E+00  0.0937
   4.5077E-03   4.5277E-03   6.2031E+00  0.0898
   4.5277E-03   4.5477E-03   6.2531E+00  0.0894
   4.5477E-03   4.5677E-03   5.8029E+00  0.0928
   4.5677E-03   4.5877E-03   5.8529E+00  0.0924
   4.5877E-03   4.6077E-03   5.3027E+00  0.0971
   4.6077E-03   4.6277E-03   4.8524E+00  0.1015
   4.6277E-03   4.6477E-03   5.7529E+00  0.0932
   4.6477E-03   4.6677E-03   5.6028E+00  0.0945
   4.6677E-03   4.6877E-03   5.6528E+00  0.0941
   4.6877E-03   4.7076E-03   5.4527E+00  0.0958
   4.7076E-03   4.7276E-03   4.7524E+00  0.1026
   4.7276E-03   4.7476E-03   5.1026E+00  0.0990
   4.7476E-03   4.7676E-03   5.3027E+00  0.0971
   4.7676E-03   4.7876E-03   5.4527E+00  0.0958
   4.7876E-03   4.8076E-03   4.6523E+00  0.1037
   4.8076E-03   4.8276E-03   5.6028E+00  0.0945
   4.8276E-03   4.8476E-03   5.7529E+00  0.0932
   4.8476E-03   4.8676E-03   5.1526E+00  0.0985
   4.8676E-03   4.8876E-03   5.3527E+00  0.0967
   4.8876E-03   4.9075E-03   7.1536E+00  0.0836
   4.9075E-03   4.9275E-03   6.0030E+00  0.0913
   4.9275E-03   4.9475E-03   5.7529E+00  0.0932
   4.9475E-03   4.9675E-03   5.3027E+00  0.0971
   4.9675E-03   4.9875E-03   4.7524E+00  0.1026
   4.9875E-03   5.0075E-03   5.6028E+00  0.0945
   5.0075E-03   5.0275E-03   5.7029E+00  0.0937
   5.0275E-03   5.0475E-03   4.9025E+00  0.1010
   5.0475E-03   5.0675E-03   5.7529E+00  0.0932
   5.0675E-03   5.0875E-03   5.3527E+00  0.0967
   5.0875E-03   5.1074E-03   5.7529E+00  0.0932
   5.1074E-03   5.1274E-03   5.6028E+00  0.0945
   5.1274E-03   5.1474E-03   6.1531E+00  0.0902
   5.1474E-03   5.1674E-03   5.8529E+00  0.0924
   5.1674E-03   5.1874E-03   6.6033E+00  0.0870
   5.1874E-03   5.2074E-03   6.1531E+00  0.0902
   5.2074E-03   5.2274E-03   5.2026E+00  0.0981
   5.2274E-03   5.2474E-03   6.2031E+00  0.0898
   5.2474E-03   5.2674E-03   5.4527E+00  0.0958
   5.2674E-03   5.2874E-03   4.6023E+00  0.1043
   5.2874E-03   5.3073E-03   5.3527E+00  0.0967
   5.3073E-03   5.3273E-03   4.8524E+00  0.1015
   5.3273E-03   5.3473E-03   5.0025E+00  0.1000
   5.3473E-03   5.3673E-03   5.6528E+00  0.0941
   5.3673E-03   5.3873E-03   5.2026E+00  0.0981
   5.3873E-03   5.4073E-03   4.0020E+00  0.1118
   5.4073E-03   5.4273E-03   5.1026E+00  0.0990
   5.4273E-03   5.4473E-03   5.9030E+00  0.0921
   5.4473E-03   5.4673E-03   5.8029E+00  0.0928
   5.4673E-03   5.4873E-03   5.1026E+00  0.0990
   5.4873E-03   5.5072E-03   5.7029E+00  0.0937
   5.5072E-03   5.5272E-03   5.8029E+00  0.0928
   5.5272E-03   5.5472E-03   4.5023E+00  0.1054
   5.5472E-03   5.5672E-03   5.0525E+00  0.0995
   5.5672E-03   5.5872E-03   5.4027E+00  0.0962
   5.5872E-03   5.6072E-03   5.4527E+00  0.0958
   5.6072E-03   5.6272E-03   4.5023E+00  0.1054
   5.6272E-03   5.6472E-03   5.9530E+00  0.0917
   5.6472E-03   5.6672E-03   6.1531E+00  0.0902
   5.6672E-03   5.6872E-03   5.5528E+00  0.0949
   5.6872E-03   5.7071E-03   5.9030E+00  0.0921
   5.7071E-03   5.7271E-03   6.3532E+00  0.0887
   5.7271E-03   5.7471E-03   4.7024E+00  0.1031
   5.7471E-03   5.7671E-03   5.7529E+00  0.0932
   5.7671E-03   5.7871E-03   5.1026E+00  0.0990
   5.7871E-03   5.8071E-03   4.7524E+00  0.1026
   5.8071E-03   5.8271E-03   4.9525E+00  0.1005
   5.8271E-03   5.8471E-03   5.3027E+00  0.0971
   5.8471E-03   5.8671E-03   5.7029E+00  0.0937
   5.8671E-03   5.8871E-03   5.0025E+00  0.1000
   5.8871E-03   5.9070E-03   5.2026E+00  0.0981
   5.9070E-03   5.9270E-03   5.8529E+00  0.0924
   5.9270E-03   5.9470E-03   5.5028E+00  0.0953
   5.9470E-03   5.9670E-03   5.0025E+00  0.1000
   5.9670E-03   5.9870E-03   5.6028E+00  0.0945
   5.9870E-03   6.0070E-03   4.6023E+00  0.1043
   6.0070E-03   6.0270E-03   4.2021E+00  0.1091
   6.0270E-03   6.0470E-03   4.9525E+00  0.1005
   6.0470E-03   6.0670E-03   5.7529E+00  0.0932
   6.0670E-03   6.0870E-03   5.8029E+00  0.0928
   6.0870E-03   6.1069E-03   4.3522E+00  0.1072
   6.1069E-03   6.1269E-03   6.7034E+00  0.0864
   6.1269E-03   6.1469E-03   5.6528E+00  0.0941
   6.1469E-03   6.1669E-03   4.8524E+00  0.1015
   6.1669E-03   6.1869E-03   5.3027E+00  0.0971
   6.1869E-03   6.2069E-03   6.5033E+00  0.0877
   6.2069E-03   6.2269E-03   4.9025E+00  0.1010
   6.2269E-03   6.2469E-03   6.3032E+00  0.0891
   6.2469E-03   6.2669E-03   5.1026E+00  0.0990
   6.2669E-03   6.2869E-03   4.6023E+00  0.1043
   6.2869E-03   6.3068E-03   6.4532E+00  0.0880
   6.3068E-03   6.3268E-03   5.2026E+00  0.0981
   6.3268E-03   6.3468E-03   5.9530E+00  0.0917
   6.3468E-03   6.3668E-03   5.9530E+00  0.0917
   6.3668E-03   6.3868E-03   5.8029E+00  0.0928
   6.3868E-03   6.4068E-03   5.1026E+00  0.0990
   6.4068E-03   6.4268E-03   5.0525E+00  0.0995
   6.4268E-03   6.4468E-03   5.7529E+00  0.0932
   6.4468E-03   6.4668E-03   6.1531E+00  0.0902
   6.4668E-03   6.4868E-03   4.9525E+00  0.1005
   6.4868E-03   6.5067E-03   5.7029E+00  0.0937
   6.5067E-03   6.5267E-03   5.6028E+00  0.0945
   6.5267E-03   6.5467E-03   5.4027E+00  0.0962
   6.5467E-03   6.5667E-03   5.7029E+00  0.0937
   6.5667E-03   6.5867E-03   4.6023E+00  0.1043
   6.5867E-03   6.6067E-03   5.9030E+00  0.0921
   6.6067E-03   6.6267E-03   6.4032E+00  0.0884
   6.6267E-03   6.6467E-03   6.8534E+00  0.0854
   6.6467E-03   6.6667E-03   5.6528E+00  0.0941
   6.6667E-03   6.6867E-03   4.4522E+00  0.1060
   6.6867E-03   6.7066E-03   4.8524E+00  0.1015
   6.7066E-03   6.7266E-03   5.7029E+00  0.0937
   6.7266E-03   6.7466E-03   5.5028E+00  0.0953
   6.7466E-03   6.7666E-03   5.6528E+00  0.0941
   6.7666E-03   6.7866E-03   4.4522E+00  0.1060
   6.7866E-03   6.8066E-03   5.3027E+00  0.0971
   6.8066E-03   6.8266E-03   5.7029E+00  0.0937
   6.8266E-03   6.8466E-03   5.0025E+00  0.1000
   6.8466E-03   6.8666E-03   5.2526E+00  0.0976
   6.8666E-03   6.8866E-03   4.9025E+00  0.1010
   6.8866E-03   6.9066E-03   5.4027E+00  0.0962
   6.9066E-03   6.9265E-03   5.5528E+00  0.0949
   6.9265E-03   6.9465E-03   5.6028E+00  0.0945
   6.9465E-03   6.9665E-03   4.8524E+00  0.1015
   6.9665E-03   6.9865E-03   5.1526E+00  0.0985
   6.9865E-03   7.0065E-03   5.6028E+00  0.0945
   7.0065E-03   7.0265E-03   4.8024E+00  0.1021
   7.0265E-03   7.0465E-03   5.1026E+00  0.0990
   7.0465E-03   7.0665E-03   5.2526E+00  0.0976
   7.0665E-03   7.0865E-03   5.0025E+00  0.1000
   7.0865E-03   7.1064E-03   5.5528E+00  0.0949
   7.1064E-03   7.1264E-03   6.3532E+00  0.0887
   7.1264E-03   7.1464E-03   5.3527E+00  0.0967
   7.1464E-03   7.1664E-03   5.8029E+00  0.0928
   7.1664E-03   7.1864E-03   4.7024E+00  0.1031
   7.1864E-03   7.2064E-03   4.7024E+00  0.1031
   7.2064E-03   7.2264E-03   6.5033E+00  0.0877
   7.2264E-03   7.2464E-03   5.2026E+00  0.0981
   7.2464E-03   7.2664E-03   6.2531E+00  0.0894
   7.2664E-03   7.2864E-03   5.4527E+00  0.0958
   7.2864E-03   7.3063E-03   5.3027E+00  0.0971
   7.3063E-03   7.3263E-03   5.3527E+00  0.0967
   7.3263E-03   7.3463E-03   6.0530E+00  0.0909
   7.3463E-03   7.3663E-03   5.1026E+00  0.0990
   7.3663E-03   7.3863E-03   4.9525E+00  0.1005
   7.3863E-03   7.4063E-03   5.5028E+00  0.0953
   7.4063E-03   7.4263E-03   5.8529E+00  0.0924
   7.4263E-03   7.4463E-03   5.3027E+00  0.0971
   7.4463E-03   7.4663E-03   5.7029E+00  0.0937
   7.4663E-03   7.4863E-03   5.1526E+00  0.0985
   7.4863E-03   7.5062E-03   5.7529E+00  0.0932
   7.5062E-03   7.5262E-03   4.9025E+00  0.1010
   7.5262E-03   7.5462E-03   4.4022E+00  0.1066
   7.5462E-03   7.5662E-03   4.4022E+00  0.1066
   7.5662E-03   7.5862E-03   5.9530E+00  0.0917
   7.5862E-03   7.6062E-03   5.0025E+00  0.1000
   7.6062E-03   7.6262E-03   5.9030E+00  0.0921
   7.6262E-03   7.6462E-03   4.7524E+00  0.1026
   7.6462E-03   7.6662E-03   4.9525E+00  0.1005
   7.6662E-03   7.6862E-03   5.6028E+00  0.0945
   7.6862E-03   7.7061E-03   5.1526E+00  0.0985
   7.7061E-03   7.7261E-03   5.3027E+00  0.0971
   7.7261E-03   7.7461E-03   5.5028E+00  0.0953
   7.7461E-03   7.7661E-03   5.2026E+00  0.0981
   7.7661E-03   7.7861E-03   5.2026E+00  0.0981
   7.7861E-03   7.8061E-03   5.6528E+00  0.0941
   7.8061E-03   7.8261E-03   5.0525E+00  0.0995
   7.8261E-03   7.8461E-03   6.3532E+00  0.0887
   7.8461E-03   7.8661E-03   5.1026E+00  0.0990
   7.8661E-03   7.8861E-03   5.8529E+00  0.0924
   7.8861E-03   7.9060E-03   5.3027E+00  0.0971
   7.9060E-03   7.9260E-03   4.8524E+00  0.1015
   7.9260E-03   7.9460E-03   4.6023E+00  0.1043
   7.9460E-03   7.9660E-03   5.5028E+00  0.0953
   7.9660E-03   7.9860E-03   5.7529E+00  0.0932
   7.9860E-03   8.0060E-03   5.0025E+00  0.1000
   8.0060E-03   8.0260E-03   5.8029E+00  0.0928
   8.0260E-03   8.0460E-03   5.9030E+00  0.0921
   8.0460E-03   8.0660E-03   6.0030E+00  0.0913
   8.0660E-03   8.0860E-03   5.6528E+00  0.0941
   8.0860E-03   8.1059E-03   4.8024E+00  0.1021
   8.1059E-03   8.1259E-03   5.7529E+00  0.0932
   8.1259E-03   8.1459E-03   4.9525E+00  0.1005
   8.1459E-03   8.1659E-03   5.2526E+00  0.0976
   8.1659E-03   8.1859E-03   5.8529E+00  0.0924
   8.1859E-03   8.2059E-03   5.7529E+00  0.0932
   8.2059E-03   8.2259E-03   4.8524E+00  0.1015
   8.2259E-03   8.2459E-03   6.2531E+00  0.0894
   8.2459E-03   8.2659E-03   5.1026E+00  0.0990
   8.2659E-03   8.2859E-03   5.8529E+00  0.0924
   8.2859E-03   8.3059E-03   5.1526E+00  0.0985
   8.3059E-03   8.3258E-03   4.3522E+00  0.1072
   8.3258E-03   8.3458E-03   5.9530E+00  0.0917
   8.3458E-03   8.3658E-03   6.0030E+00  0.0913
   8.3658E-03   8.3858E-03   5.8529E+00  0.0924
   8.3858E-03   8.4058E-03   6.2531E+00  0.0894
   8.4058E-03   8.4258E-03   6.3032E+00  0.0891
   8.4258E-03   8.4458E-03   5.1026E+00  0.0990
   8.4458E-03   8.4658E-03   6.1531E+00  0.0902
   8.4658E-03   8.4858E-03   4.8024E+00  0.1021
   8.4858E-03   8.5057E-03   6.0530E+00  0.0909
   8.5057E-03   8.5257E-03   5.7029E+00  0.0937
   8.5257E-03   8.5457E-03   5.8029E+00  0.0928
   8.5457E-03   8.5657E-03   5.5028E+00  0.0953
   8.5657E-03   8.5857E-03   6.2031E+00  0.0898
   8.5857E-03   8.6057E-03   5.7529E+00  0.0932
   8.6057E-03   8.6257E-03   5.6028E+00  0.0945
   8.6257E-03   8.6457E-03   6.2531E+00  0.0894
   8.6457E-03   8.6657E-03   5.3527E+00  0.0967
   8.6657E-03   8.6857E-03   5.5028E+00  0.0953
   8.6857E-03   8.7056E-03   5.0025E+00  0.1000
   8.7056E-03   8.7256E-03   5.6528E+00  0.0941
   8.7256E-03   8.7456E-03   5.6528E+00  0.0941
   8.7456E-03   8.7656E-03   6.3532E+00  0.0887
   8.7656E-03   8.7856E-03   5.2026E+00  0.0981
   8.7856E-03   8.8056E-03   6.3532E+00  0.0887
   8.8056E-03   8.8256E-03   5.1526E+00  0.0985
   8.8256E-03   8.8456E-03   5.0025E+00  0.1000
   8.8456E-03   8.8656E-03   5.9530E+00  0.0917
   8.8656E-03   8.8856E-03   5.6028E+00  0.0945
   8.8856E-03   8.9055E-03   6.5033E+00  0.0877
   8.9055E-03   8.9255E-03   6.2531E+00  0.0894
   8.9255E-03   8.9455E-03   5.5528E+00  0.0949
   8.9455E-03   8.9655E-03   5.4527E+00  0.0958
   8.9655E-03   8.9855E-03   5.4527E+00  0.0958
   8.9855E-03   9.0055E-03   5.8529E+00  0.0924
   9.0055E-03   9.0255E-03   6.1031E+00  0.0905
   9.0255E-03   9.0455E-03   4.8024E+00  0.1021
   9.0455E-03   9.0655E-03   5.5028E+00  0.0953
   9.0655E-03   9.0855E-03   5.4027E+00  0.0962
   9.0855E-03   9.1054E-03   4.8524E+00  0.1015
   9.1054E-03   9.1254E-03   5.2526E+00  0.0976
   9.1254E-03   9.1454E-03   5.3027E+00  0.0971
   9.1454E-03   9.1654E-03   6.4532E+00  0.0880
   9.1654E-03   9.1854E-03   5.9530E+00  0.0917
   9.1854E-03   9.2054E-03   5.3527E+00  0.0967
   9.2054E-03   9.2254E-03   5.6528E+00  0.0941
   9.2254E-03   9.2454E-03   5.6528E+00  0.0941
   9.2454E-03   9.2654E-03   5.4527E+00  0.0958
   9.2654E-03   9.2854E-03   5.5528E+00  0.0949
   9.2854E-03   9.3054E-03   4.9025E+00  0.1010
   9.3054E-03   9.3253E-03   5.2526E+00  0.0976
   9.3253E-03   9.3453E-03   5.3027E+00  0.0971
   9.3453E-03   9.3653E-03   5.4027E+00  0.0962
   9.3653E-03   9.3853E-03   5.3527E+00  0.0967
   9.3853E-03   9.4053E-03   6.4032E+00  0.0884
   9.4053E-03   9.4253E-03   6.1531E+00  0.0902
   9.4253E-03   9.4453E-03   4.8024E+00  0.1021
   9.4453E-03   9.4653E-03   5.4527E+00  0.0958
   9.4653E-03   9.4853E-03   5.8529E+00  0.0924
   9.4853E-03   9.5052E-03   5.6028E+00  0.0945
   9.5052E-03   9.5252E-03   4.8024E+00  0.1021
   9.5252E-03   9.5452E-03   5.2526E+00  0.0976
   9.5452E-03   9.5652E-03   5.5528E+00  0.0949
   9.5652E-03   9.5852E-03   6.0530E+00  0.0909
   9.5852E-03   9.6052E-03   5.4527E+00  0.0958
   9.6052E-03   9.6252E-03   5.0525E+00  0.0995
   9.6252E-03   9.6452E-03   5.8529E+00  0.0924
   9.6452E-03   9.6652E-03   5.6528E+00  0.0941
   9.6652E-03   9.6852E-03   5.9030E+00  0.0921
   9.6852E-03   9.7051E-03   5.0025E+00  0.1000
   9.7051E-03   9.7251E-03   5.5028E+00  0.0953
   9.7251E-03   9.7451E-03   5.4527E+00  0.0958
   9.7451E-03   9.7651E-03   5.6028E+00  0.0945
   9.7651E-03   9.7851E-03   5.3027E+00  0.0971
   9.7851E-03   9.8051E-03   5.0525E+00  0.0995
   9.8051E-03   9.8251E-03   6.0530E+00  0.0909
   9.8251E-03   9.8451E-03   4.2021E+00  0.1091
   9.8451E-03   9.8651E-03   5.9030E+00  0.0921
   9.8651E-03   9.8851E-03   4.6523E+00  0.1037
   9.8851E-03   9.9051E-03   5.5528E+00  0.0949
   9.9051E-03   9.9250E-03   5.0525E+00  0.0995
   9.9250E-03   9.9450E-03   5.7529E+00  0.0932
   9.9450E-03   9.9650E-03   4.5023E+00  0.1054
   9.9650E-03   9.9850E-03   5.0525E+00  0.0995
   9.9850E-03   1.0005E-02   6.0030E+00  0.0913
   1.0005E-02   1.0025E-02   4.9525E+00  0.1005
   1.0025E-02   1.0045E-02   5.7529E+00  0.0932
   1.0045E-02   1.0065E-02   6.9035E+00  0.0851
   1.0065E-02   1.0085E-02   8.0040E+00  0.0791
   1.0085E-02   1.0105E-02   7.3037E+00  0.0828
   1.0105E-02   1.0125E-02   8.1041E+00  0.0786
   1.0125E-02   1.0145E-02   6.9535E+00  0.0848
   1.0145E-02   1.0165E-02   6.8034E+00  0.0857
   1.0165E-02   1.0185E-02   8.3542E+00  0.0774
   1.0185E-02   1.0205E-02   8.3042E+00  0.0776
   1.0205E-02   1.0225E-02   7.6538E+00  0.0808
   1.0225E-02   1.0245E-02   7.7039E+00  0.0806
   1.0245E-02   1.0265E-02   7.8539E+00  0.0798
   1.0265E-02   1.0285E-02   6.9535E+00  0.0848
   1.0285E-02   1.0305E-02   7.8039E+00  0.0801
   1.0305E-02   1.0325E-02   7.3037E+00  0.0828
   1.0325E-02   1.0345E-02   7.7539E+00  0.0803
   1.0345E-02   1.0365E-02   7.6038E+00  0.0811
   1.0365E-02   1.0385E-02   8.5043E+00  0.0767
   1.0385E-02   1.0405E-02   6.8034E+00  0.0857
   1.0405E-02   1.0425E-02   8.0540E+00  0.0788
   1.0425E-02   1.0445E-02   7.1536E+00  0.0836
   1.0445E-02   1.0465E-02   8.1041E+00  0.0786
   1.0465E-02   1.0485E-02   7.5038E+00  0.0816
   1.0485E-02   1.0505E-02   8.3542E+00  0.0774
   1.0505E-02   1.0525E-02   7.8539E+00  0.0798
   1.0525E-02   1.0545E-02   8.1041E+00  0.0786
   1.0545E-02   1.0565E-02   7.4037E+00  0.0822
   1.0565E-02   1.0585E-02   7.3537E+00  0.0825
   1.0585E-02   1.0605E-02   7.2036E+00  0.0833
   1.0605E-02   1.0625E-02   7.6038E+00  0.0811
   1.0625E-02   1.0645E-02   6.7534E+00  0.0861
   1.0645E-02   1.0665E-02   6.6533E+00  0.0867
   1.0665E-02   1.0685E-02   6.9535E+00  0.0848
   1.0685E-02   1.0705E-02   6.3032E+00  0.0891
   1.0705E-02   1.0725E-02   8.2041E+00  0.0781
   1.0725E-02   1.0745E-02   7.2536E+00  0.0830
   1.0745E-02   1.0765E-02   6.9035E+00  0.0851
   1.0765E-02   1.0785E-02   7.1536E+00  0.0836
   1.0785E-02   1.0805E-02   7.4537E+00  0.0819
   1.0805E-02   1.0825E-02   7.3537E+00  0.0825
   1.0825E-02   1.0845E-02   7.7539E+00  0.0803
   1.0845E-02   1.0865E-02   7.9040E+00  0.0795
   1.0865E-02   1.0885E-02   7.4537E+00  0.0819
   1.0885E-02   1.0905E-02   8.6043E+00  0.0762
   1.0905E-02   1.0925E-02   8.5043E+00  0.0767
   1.0925E-02   1.0945E-02   8.8044E+00  0.0754
   1.0945E-02   1.0965E-02   7.7039E+00  0.0806
   1.0965E-02   1.0985E-02   8.3042E+00  0.0776
   1.0985E-02   1.1005E-02   7.9040E+00  0.0795
   1.1005E-02   1.1024E-02   7.8539E+00  0.0798
   1.1024E-02   1.1044E-02   7.9040E+00  0.0795
   1.1044E-02   1.1064E-02   6.9535E+00  0.0848
   1.1064E-02   1.1084E-02   8.4042E+00  0.0771
   1.1084E-02   1.1104E-02   7.1036E+00  0.0839
   1.1104E-02   1.1124E-02   6.9535E+00  0.0848
   1.1124E-02   1.1144E-02   7.9540E+00  0.0793
   1.1144E-02   1.1164E-02   6.7534E+00  0.0861
   1.1164E-02   1.1184E-02   6.7534E+00  0.0861
   1.1184E-02   1.1204E-02   7.5538E+00  0.0814
   1.1204E-02   1.1224E-02   6.5533E+00  0.0874
   1.1224E-02   1.1244E-02   8.0040E+00  0.0791
   1.1244E-02   1.1264E-02   7.3537E+00  0.0825
   1.1264E-02   1.1284E-02   6.2531E+00  0.0894
   1.1284E-02   1.1304E-02   7.1536E+00  0.0836
   1.1304E-02   1.1324E-02   6.4032E+00  0.0884
   1.1324E-02   1.1344E-02   7.4537E+00  0.0819
   1.1344E-02   1.1364E-02   6.9535E+00  0.0848
   1.1364E-02   1.1384E-02   8.4542E+00  0.0769
   1.1384E-02   1.1404E-02   6.8534E+00  0.0854
   1.1404E-02   1.1424E-02   7.8039E+00  0.0801
   1.1424E-02   1.1444E-02   7.7539E+00  0.0803
   1.1444E-02   1.1464E-02   6.6033E+00  0.0870
   1.1464E-02   1.1484E-02   8.1041E+00  0.0786
   1.1484E-02   1.1504E-02   6.4032E+00  0.0884
   1.1504E-02   1.1524E-02   7.1036E+00  0.0839
   1.1524E-02   1.1544E-02   7.1036E+00  0.0839
   1.1544E-02   1.1564E-02   7.7539E+00  0.0803
   1.1564E-02   1.1584E-02   7.1536E+00  0.0836
   1.1584E-02   1.1604E-02   6.3032E+00  0.0891
   1.1604E-02   1.1624E-02   7.5538E+00  0.0814
   1.1624E-02   1.1644E-02   7.9040E+00  0.0795
   1.1644E-02   1.1664E-02   6.9035E+00  0.0851
   1.1664E-02   1.1684E-02   6.7534E+00  0.0861
   1.1684E-02   1.1704E-02   6.3532E+00  0.0887
   1.1704E-02   1.1724E-02   6.6533E+00  0.0867
   1.1724E-02   1.1744E-02   7.5038E+00  0.0816
   1.1744E-02   1.1764E-02   6.5533E+00  0.0874
   1.1764E-02   1.1784E-02   7.6038E+00  0.0811
   1.1784E-02   1.1804E-02   8.6543E+00  0.0760
   1.1804E-02   1.1824E-02   7.3037E+00  0.0828
   1.1824E-02   1.1844E-02   6.1531E+00  0.0902
   1.1844E-02   1.1864E-02   6.9035E+00  0.0851
   1.1864E-02   1.1884E-02   7.9540E+00  0.0793
   1.1884E-02   1.1904E-02   7.1036E+00  0.0839
   1.1904E-02   1.1924E-02   7.2536E+00  0.0830
   1.1924E-02   1.1944E-02   6.4032E+00  0.0884
   1.1944E-02   1.1964E-02   7.8539E+00  0.0798
   1.1964E-02   1.1984E-02   7.4037E+00  0.0822
   1.1984E-02   1.2004E-02   7.8039E+00  0.0801
   1.2004E-02   1.2024E-02   7.5038E+00  0.0816
   1.2024E-02   1.2044E-02   6.3032E+00  0.0891
   1.2044E-02   1.2064E-02   7.1036E+00  0.0839
   1.2064E-02   1.2084E-02   7.6538E+00  0.0808
   1.2084E-02   1.2104E-02   8.0540E+00  0.0788
   1.2104E-02   1.2124E-02   6.0530E+00  0.0909
   1.2124E-02   1.2144E-02   8.1541E+00  0.0783
   1.2144E-02   1.2164E-02   5.8029E+00  0.0928
   1.2164E-02   1.2184E-02   8.3542E+00  0.0774
   1.2184E-02   1.2204E-02   7.8539E+00  0.0798
   1.2204E-02   1.2224E-02   8.0040E+00  0.0791
   1.2224E-02   1.2244E-02   7.5038E+00  0.0816
   1.2244E-02   1.2264E-02   8.1041E+00  0.0786
   1.2264E-02   1.2284E-02   7.8539E+00  0.0798
   1.2284E-02   1.2304E-02   7.3537E+00  0.0825
   1.2304E-02   1.2324E-02   7.3037E+00  0.0828
   1.2324E-02   1.2344E-02   7.1536E+00  0.0836
   1.2344E-02   1.2364E-02   7.7039E+00  0.0806
   1.2364E-02   1.2384E-02   6.1031E+00  0.0905
   1.2384E-02   1.2404E-02   8.0540E+00  0.0788
   1.2404E-02   1.2424E-02   7.0535E+00  0.0842
   1.2424E-02   1.2444E-02   7.4537E+00  0.0819
   1.2444E-02   1.2464E-02   7.1036E+00  0.0839
   1.2464E-02   1.2484E-02   7.1536E+00  0.0836
   1.2484E-02   1.2504E-02   7.1036E+00  0.0839
   1.2504E-02   1.2524E-02   7.9540E+00  0.0793
   1.2524E-02   1.2544E-02   5.7529E+00  0.0932
   1.2544E-02   1.2564E-02   8.1041E+00  0.0786
   1.2564E-02   1.2584E-02   7.2036E+00  0.0833
   1.2584E-02   1.2604E-02   6.8534E+00  0.0854
   1.2604E-02   1.2624E-02   7.0035E+00  0.0845
   1.2624E-02   1.2644E-02   7.4537E+00  0.0819
   1.2644E-02   1.2664E-02   7.3537E+00  0.0825
   1.2664E-02   1.2684E-02   6.5033E+00  0.0877
   1.2684E-02   1.2704E-02   7.7539E+00  0.0803
   1.2704E-02   1.2724E-02   8.1541E+00  0.0783
   1.2724E-02   1.2744E-02   6.2531E+00  0.0894
   1.2744E-02   1.2764E-02   7.3037E+00  0.0828
   1.2764E-02   1.2784E-02   8.2541E+00  0.0778
   1.2784E-02   1.2804E-02   7.8039E+00  0.0801
   1.2804E-02   1.2824E-02   7.4537E+00  0.0819
   1.2824E-02   1.2844E-02   6.6033E+00  0.0870
   1.2844E-02   1.2864E-02   6.7034E+00  0.0864
   1.2864E-02   1.2884E-02   6.5033E+00  0.0877
   1.2884E-02   1.2904E-02   7.2036E+00  0.0833
   1.2904E-02   1.2924E-02   6.9035E+00  0.0851
   1.2924E-02   1.2944E-02   6.5533E+00  0.0874
   1.2944E-02   1.2964E-02   7.0035E+00  0.0845
   1.2964E-02   1.2984E-02   7.7539E+00  0.0803
   1.2984E-02   1.3003E-02   7.3537E+00  0.0825
   1.3003E-02   1.3023E-02   8.0540E+00  0.0788
   1.3023E-02   1.3043E-02   7.0535E+00  0.0842
   1.3043E-02   1.3063E-02   7.5538E+00  0.0814
   1.3063E-02   1.3083E-02   8.3042E+00  0.0776
   1.3083E-02   1.3103E-02   6.8534E+00  0.0854
   1.3103E-02   1.3123E-02   7.9540E+00  0.0793
   1.3123E-02   1.3143E-02   6.9035E+00  0.0851
   1.3143E-02   1.3163E-02   7.6038E+00  0.0811
   1.3163E-02   1.3183E-02   8.2041E+00  0.0781
   1.3183E-02   1.3203E-02   7.6538E+00  0.0808
   1.3203E-02   1.3223E-02   7.3537E+00  0.0825
   1.3223E-02   1.3243E-02   7.4537E+00  0.0819
   1.3243E-02   1.3263E-02   7.9540E+00  0.0793
   1.3263E-02   1.3283E-02   7.3037E+00  0.0828
   1.3283E-02   1.3303E-02   6.9035E+00  0.0851
   1.3303E-02   1.3323E-02   7.2536E+00  0.0830
   1.3323E-02   1.3343E-02   7.8039E+00  0.0801
   1.3343E-02   1.3363E-02   7.0035E+00  0.0845
   1.3363E-02   1.3383E-02   6.4532E+00  0.0880
   1.3383E-02   1.3403E-02   6.7534E+00  0.0861
   1.3403E-02   1.3423E-02   7.6538E+00  0.0808
   1.3423E-02   1.3443E-02   7.3037E+00  0.0828
   1.3443E-02   1.3463E-02   6.8534E+00  0.0854
   1.3463E-02   1.3483E-02   5.9530E+00  0.0917
   1.3483E-02   1.3503E-02   6.9035E+00  0.0851
   1.3503E-02   1.3523E-02   7.7539E+00  0.0803
   1.3523E-02   1.3543E-02   9.0545E+00  0.0743
   1.3543E-02   1.3563E-02   7.3537E+00  0.0825
   1.3563E-02   1.3583E-02   7.9540E+00  0.0793
   1.3583E-02   1.3603E-02   7.2536E+00  0.0830
   1.3603E-02   1.3623E-02   5.5028E+00  0.0953
   1.3623E-02   1.3643E-02   6.6033E+00  0.0870
   1.3643E-02   1.3663E-02   6.7534E+00  0.0861
   1.3663E-02   1.3683E-02   7.3037E+00  0.0828
   1.3683E-02   1.3703E-02   7.3037E+00  0.0828
   1.3703E-02   1.3723E-02   7.6038E+00  0.0811
   1.3723E-02   1.3743E-02   6.4532E+00  0.0880
   1.3743E-02   1.3763E-02   7.6038E+00  0.0811
   1.3763E-02   1.3783E-02   7.5538E+00  0.0814
   1.3783E-02   1.3803E-02   7.7039E+00  0.0806
   1.3803E-02   1.3823E-02   6.3032E+00  0.0891
   1.3823E-02   1.3843E-02   6.4032E+00  0.0884
   1.3843E-02   1.3863E-02   7.1036E+00  0.0839
   1.3863E-02   1.3883E-02   7.1036E+00  0.0839
   1.3883E-02   1.3903E-02   6.9035E+00  0.0851
   1.3903E-02   1.3923E-02   6.8034E+00  0.0857
   1.3923E-02   1.3943E-02   7.0035E+00  0.0845
   1.3943E-02   1.3963E-02   6.8034E+00  0.0857
   1.3963E-02   1.3983E-02   7.5038E+00  0.0816
   1.3983E-02   1.4003E-02   6.8534E+00  0.0854
   1.4003E-02   1.4023E-02   6.9535E+00  0.0848
   1.4023E-02   1.4043E-02   7.0035E+00  0.0845
   1.4043E-02   1.4063E-02   7.2536E+00  0.0830
   1.4063E-02   1.4083E-02   6.8534E+00  0.0854
   1.4083E-02   1.4103E-02   7.9040E+00  0.0795
   1.4103E-02   1.4123E-02   6.6533E+00  0.0867
   1.4123E-02   1.4143E-02   7.4037E+00  0.0822
   1.4143E-02   1.4163E-02   7.2036E+00  0.0833
   1.4163E-02   1.4183E-02   7.7039E+00  0.0806
   1.4183E-02   1.4203E-02   7.0535E+00  0.0842
   1.4203E-02   1.4223E-02   6.1531E+00  0.0902
   1.4223E-02   1.4243E-02   6.9535E+00  0.0848
   1.4243E-02   1.4263E-02   6.7534E+00  0.0861
   1.4263E-02   1.4283E-02   7.2536E+00  0.0830
   1.4283E-02   1.4303E-02   7.2536E+00  0.0830
   1.4303E-02   1.4323E-02   7.0535E+00  0.0842
   1.4323E-02   1.4343E-02   5.9030E+00  0.0921
   1.4343E-02   1.4363E-02   7.4037E+00  0.0822
   1.4363E-02   1.4383E-02   6.9535E+00  0.0848
   1.4383E-02   1.4403E-02   7.8539E+00  0.0798
   1.4403E-02   1.4423E-02   6.9535E+00  0.0848
   1.4423E-02   1.4443E-02   6.3532E+00  0.0887
   1.4443E-02   1.4463E-02   6.7034E+00  0.0864
   1.4463E-02   1.4483E-02   6.7534E+00  0.0861
   1.4483E-02   1.4503E-02   7.5538E+00  0.0814
   1.4503E-02   1.4523E-02   6.1031E+00  0.0905
   1.4523E-02   1.4543E-02   7.1536E+00  0.0836
   1.4543E-02   1.4563E-02   5.8029E+00  0.0928
   1.4563E-02   1.4583E-02   6.5033E+00  0.0877
   1.4583E-02   1.4603E-02   7.1036E+00  0.0839
   1.4603E-02   1.4623E-02   7.3037E+00  0.0828
   1.4623E-02   1.4643E-02   7.9040E+00  0.0795
   1.4643E-02   1.4663E-02   6.8034E+00  0.0857
   1.4663E-02   1.4683E-02   7.6038E+00  0.0811
   1.4683E-02   1.4703E-02   5.9030E+00  0.0921
   1.4703E-02   1.4723E-02   7.1036E+00  0.0839
   1.4723E-02   1.4743E-02   7.5538E+00  0.0814
   1.4743E-02   1.4763E-02   6.8034E+00  0.0857
   1.4763E-02   1.4783E-02   6.9535E+00  0.0848
   1.4783E-02   1.4803E-02   6.9035E+00  0.0851
   1.4803E-02   1.4823E-02   6.8034E+00  0.0857
   1.4823E-02   1.4843E-02   6.7534E+00  0.0861
   1.4843E-02   1.4863E-02   7.2536E+00  0.0830
   1.4863E-02   1.4883E-02   7.4037E+00  0.0822
   1.4883E-02   1.4903E-02   6.7034E+00  0.0864
   1.4903E-02   1.4923E-02   7.7039E+00  0.0806
   1.4923E-02   1.4943E-02   6.8534E+00  0.0854
   1.4943E-02   1.4963E-02   7.7539E+00  0.0803
   1.4963E-02   1.4983E-02   6.5033E+00  0.0877
   1.4983E-02   1.5003E-02   7.8039E+00  0.0801
   1.5003E-02   1.5022E-02   7.4037E+00  0.0822
   1.5022E-02   1.5042E-02   7.7539E+00  0.0803
   1.5042E-02   1.5062E-02   6.0030E+00  0.0913
   1.5062E-02   1.5082E-02   7.2036E+00  0.0833
   1.5082E-02   1.5102E-02   6.8534E+00  0.0854
   1.5102E-02   1.5122E-02   7.8539E+00  0.0798
   1.5122E-02   1.5142E-02   6.5533E+00  0.0874
   1.5142E-02   1.5162E-02   7.8039E+00  0.0801
   1.5162E-02   1.5182E-02   6.5533E+00  0.0874
   1.5182E-02   1.5202E-02   7.5038E+00  0.0816
   1.5202E-02   1.5222E-02   7.4537E+00  0.0819
   1.5222E-02   1.5242E-02   6.5533E+00  0.0874
   1.5242E-02   1.5262E-02   6.4532E+00  0.0880
   1.5262E-02   1.5282E-02   6.7534E+00  0.0861
   1.5282E-02   1.5302E-02   6.4032E+00  0.0884
   1.5302E-02   1.5322E-02   7.1036E+00  0.0839
   1.5322E-02   1.5342E-02   7.0035E+00  0.0845
   1.5342E-02   1.5362E-02   7.2036E+00  0.0833
   1.5362E-02   1.5382E-02   7.2536E+00  0.0830
   1.5382E-02   1.5402E-02   6.7034E+00  0.0864
   1.5402E-02   1.5422E-02   6.4032E+00  0.0884
   1.5422E-02   1.5442E-02   6.7534E+00  0.0861
   1.5442E-02   1.5462E-02   6.9035E+00  0.0851
   1.5462E-02   1.5482E-02   7.3037E+00  0.0828
   1.5482E-02   1.5502E-02   7.5538E+00  0.0814
   1.5502E-02   1.5522E-02   6.4032E+00  0.0884
   1.5522E-02   1.5542E-02   7.3037E+00  0.0828
   1.5542E-02   1.5562E-02   5.7529E+00  0.0932
   1.5562E-02   1.5582E-02   6.3032E+00  0.0891
   1.5582E-02   1.5602E-02   6.6533E+00  0.0867
   1.5602E-02   1.5622E-02   6.9035E+00  0.0851
   1.5622E-02   1.5642E-02   6.9535E+00  0.0848
   1.5642E-02   1.5662E-02   6.6033E+00  0.0870
   1.5662E-02   1.5682E-02   6.9035E+00  0.0851
   1.5682E-02   1.5702E-02   7.1036E+00  0.0839
   1.5702E-02   1.5722E-02   7.0535E+00  0.0842
   1.5722E-02   1.5742E-02   7.9540E+00  0.0793
   1.5742E-02   1.5762E-02   7.1036E+00  0.0839
   1.5762E-02   1.5782E-02   7.8539E+00  0.0798
   1.5782E-02   1.5802E-02   7.9040E+00  0.0795
   1.5802E-02   1.5822E-02   7.1036E+00  0.0839
   1.5822E-02   1.5842E-02   7.7039E+00  0.0806
   1.5842E-02   1.5862E-02   7.2536E+00  0.0830
   1.5862E-02   1.5882E-02   6.9035E+00  0.0851
   1.5882E-02   1.5902E-02   7.3537E+00  0.0825
   1.5902E-02   1.5922E-02   6.7034E+00  0.0864
   1.5922E-02   1.5942E-02   7.2036E+00  0.0833
   1.5942E-02   1.5962E-02   7.0535E+00  0.0842
   1.5962E-02   1.5982E-02   6.6533E+00  0.0867
   1.5982E-02   1.6002E-02   7.3537E+00  0.0825
   1.6002E-02   1.6022E-02   7.4537E+00  0.0819
   1.6022E-02   1.6042E-02   7.0035E+00  0.0845
   1.6042E-02   1.6062E-02   6.2531E+00  0.0894
   1.6062E-02   1.6082E-02   6.6533E+00  0.0867
   1.6082E-02   1.6102E-02   5.9530E+00  0.0917
   1.6102E-02   1.6122E-02   6.5033E+00  0.0877
   1.6122E-02   1.6142E-02   6.3532E+00  0.0887
   1.6142E-02   1.6162E-02   6.9535E+00  0.0848
   1.6162E-02   1.6182E-02   7.2036E+00  0.0833
   1.6182E-02   1.6202E-02   7.4037E+00  0.0822
   1.6202E-02   1.6222E-02   6.0030E+00  0.0913
   1.6222E-02   1.6242E-02   7.3037E+00  0.0828
   1.6242E-02   1.6262E-02   7.1536E+00  0.0836
   1.6262E-02   1.6282E-02   6.6033E+00  0.0870
   1.6282E-02   1.6302E-02   6.6033E+00  0.0870
   1.6302E-02   1.6322E-02   6.5033E+00  0.0877
   1.6322E-02   1.6342E-02   7.8539E+00  0.0798
   1.6342E-02   1.6362E-02   7.8539E+00  0.0798
   1.6362E-02   1.6382E-02   6.3532E+00  0.0887
   1.6382E-02   1.6402E-02   6.0530E+00  0.0909
   1.6402E-02   1.6422E-02   6.8034E+00  0.0857
   1.6422E-02   1.6442E-02   7.2036E+00  0.0833
   1.6442E-02   1.6462E-02   6.3032E+00  0.0891
   1.6462E-02   1.6482E-02   6.9035E+00  0.0851
   1.6482E-02   1.6502E-02   6.8034E+00  0.0857
   1.6502E-02   1.6522E-02   7.3537E+00  0.0825
   1.6522E-02   1.6542E-02   6.8534E+00  0.0854
   1.6542E-02   1.6562E-02   7.0035E+00  0.0845
   1.6562E-02   1.6582E-02   7.1036E+00  0.0839
   1.6582E-02   1.6602E-02   7.0035E+00  0.0845
   1.6602E-02   1.6622E-02   6.3532E+00  0.0887
   1.6622E-02   1.6642E-02   7.3037E+00  0.0828
   1.6642E-02   1.6662E-02   6.0030E+00  0.0913
   1.6662E-02   1.6682E-02   7.3037E+00  0.0828
   1.6682E-02   1.6702E-02   7.2036E+00  0.0833
   1.6702E-02   1.6722E-02   8.0040E+00  0.0791
   1.6722E-02   1.6742E-02   6.7534E+00  0.0861
   1.6742E-02   1.6762E-02   6.7034E+00  0.0864
   1.6762E-02   1.6782E-02   6.1531E+00  0.0902
   1.6782E-02   1.6802E-02   6.9535E+00  0.0848
   1.6802E-02   1.6822E-02   6.4532E+00  0.0880
   1.6822E-02   1.6842E-02   6.1031E+00  0.0905
   1.6842E-02   1.6862E-02   6.6533E+00  0.0867
   1.6862E-02   1.6882E-02   7.1036E+00  0.0839
   1.6882E-02   1.6902E-02   7.3037E+00  0.0828
   1.6902E-02   1.6922E-02   6.8034E+00  0.0857
   1.6922E-02   1.6942E-02   6.1531E+00  0.0902
   1.6942E-02   1.6962E-02   6.3032E+00  0.0891
   1.6962E-02   1.6982E-02   7.1536E+00  0.0836
   1.6982E-02   1.7001E-02   6.4032E+00  0.0884
   1.7001E-02   1.7021E-02   7.2536E+00  0.0830
   1.7021E-02   1.7041E-02   6.0530E+00  0.0909
   1.7041E-02   1.7061E-02   7.4537E+00  0.0819
   1.7061E-02   1.7081E-02   6.8034E+00  0.0857
   1.7081E-02   1.7101E-02   6.8534E+00  0.0854
   1.7101E-02   1.7121E-02   6.4032E+00  0.0884
   1.7121E-02   1.7141E-02   6.7034E+00  0.0864
   1.7141E-02   1.7161E-02   7.2036E+00  0.0833
   1.7161E-02   1.7181E-02   6.0030E+00  0.0913
   1.7181E-02   1.7201E-02   6.8034E+00  0.0857
   1.7201E-02   1.7221E-02   8.2041E+00  0.0781
   1.7221E-02   1.7241E-02   6.3032E+00  0.0891
   1.7241E-02   1.7261E-02   7.2536E+00  0.0830
   1.7261E-02   1.7281E-02   6.3532E+00  0.0887
   1.7281E-02   1.7301E-02   6.4532E+00  0.0880
   1.7301E-02   1.7321E-02   6.0530E+00  0.0909
   1.7321E-02   1.7341E-02   6.2031E+00  0.0898
   1.7341E-02   1.7361E-02   7.3537E+00  0.0825
   1.7361E-02   1.7381E-02   6.3032E+00  0.0891
   1.7381E-02   1.7401E-02   7.0035E+00  0.0845
   1.7401E-02   1.7421E-02   7.5038E+00  0.0816
   1.7421E-02   1.7441E-02   7.2536E+00  0.0830
   1.7441E-02   1.7461E-02   7.2536E+00  0.0830
   1.7461E-02   1.7481E-02   7.6038E+00  0.0811
   1.7481E-02   1.7501E-02   7.7039E+00  0.0806
   1.7501E-02   1.7521E-02   7.1036E+00  0.0839
   1.7521E-02   1.7541E-02   7.2536E+00  0.0830
   1.7541E-02   1.7561E-02   7.7039E+00  0.0806
   1.7561E-02   1.7581E-02   5.9030E+00  0.0921
   1.7581E-02   1.7601E-02   6.2531E+00  0.0894
   1.7601E-02   1.7621E-02   7.7539E+00  0.0803
   1.7621E-02   1.7641E-02   7.3037E+00  0.0828
   1.7641E-02   1.7661E-02   6.3032E+00  0.0891
   1.7661E-02   1.7681E-02   6.7034E+00  0.0864
   1.7681E-02   1.7701E-02   6.1031E+00  0.0905
   1.7701E-02   1.7721E-02   7.0535E+00  0.0842
   1.7721E-02   1.7741E-02   7.0535E+00  0.0842
   1.7741E-02   1.7761E-02   6.8034E+00  0.0857
   1.7761E-02   1.7781E-02   7.3537E+00  0.0825
   1.7781E-02   1.7801E-02   6.7034E+00  0.0864
   1.7801E-02   1.7821E-02   7.3537E+00  0.0825
   1.7821E-02   1.7841E-02   6.7534E+00  0.0861
   1.7841E-02   1.7861E-02   5.7529E+00  0.0932
   1.7861E-02   1.7881E-02   7.6538E+00  0.0808
   1.7881E-02   1.7901E-02   7.5038E+00  0.0816
   1.7901E-02   1.7921E-02   7.7539E+00  0.0803
   1.7921E-02   1.7941E-02   7.7539E+00  0.0803
   1.7941E-02   1.7961E-02   6.7534E+00  0.0861
   1.7961E-02   1.7981E-02   7.7039E+00  0.0806
   1.7981E-02   1.8001E-02   5.7529E+00  0.0932
   1.8001E-02   1.8021E-02   7.4037E+00  0.0822
   1.8021E-02   1.8041E-02   7.3537E+00  0.0825
   1.8041E-02   1.8061E-02   6.5033E+00  0.0877
   1.8061E-02   1.8081E-02   6.5033E+00  0.0877
   1.8081E-02   1.8101E-02   7.7039E+00  0.0806
   1.8101E-02   1.8121E-02   5.9530E+00  0.0917
   1.8121E-02   1.8141E-02   6.6533E+00  0.0867
   1.8141E-02   1.8161E-02   7.7039E+00  0.0806
   1.8161E-02   1.8181E-02   7.0535E+00  0.0842
   1.8181E-02   1.8201E-02   7.3037E+00  0.0828
   1.8201E-02   1.8221E-02   6.3532E+00  0.0887
   1.8221E-02   1.8241E-02   7.6538E+00  0.0808
   1.8241E-02   1.8261E-02   7.0035E+00  0.0845
   1.8261E-02   1.8281E-02   5.7029E+00  0.0937
   1.8281E-02   1.8301E-02   5.9530E+00  0.0917
   1.8301E-02   1.8321E-02   6.3532E+00  0.0887
   1.8321E-02   1.8341E-02   6.6533E+00  0.0867
   1.8341E-02   1.8361E-02   6.5033E+00  0.0877
   1.8361E-02   1.8381E-02   6.9535E+00  0.0848
   1.8381E-02   1.8401E-02   7.5038E+00  0.0816
   1.8401E-02   1.8421E-02   7.1536E+00  0.0836
   1.8421E-02   1.8441E-02   7.6538E+00  0.0808
   1.8441E-02   1.8461E-02   8.5043E+00  0.0767
   1.8461E-02   1.8481E-02   6.6533E+00  0.0867
   1.8481E-02   1.8501E-02   6.6533E+00  0.0867
   1.8501E-02   1.8521E-02   7.1036E+00  0.0839
   1.8521E-02   1.8541E-02   6.9035E+00  0.0851
   1.8541E-02   1.8561E-02   7.5538E+00  0.0814
   1.8561E-02   1.8581E-02   6.6033E+00  0.0870
   1.8581E-02   1.8601E-02   6.6533E+00  0.0867
   1.8601E-02   1.8621E-02   6.0030E+00  0.0913
   1.8621E-02   1.8641E-02   5.8029E+00  0.0928
   1.8641E-02   1.8661E-02   7.0535E+00  0.0842
   1.8661E-02   1.8681E-02   7.1536E+00  0.0836
   1.8681E-02   1.8701E-02   6.4532E+00  0.0880
   1.8701E-02   1.8721E-02   6.8534E+00  0.0854
   1.8721E-02   1.8741E-02   6.8534E+00  0.0854
   1.8741E-02   1.8761E-02   7.0535E+00  0.0842
   1.8761E-02   1.8781E-02   6.8034E+00  0.0857
   1.8781E-02   1.8801E-02   5.9530E+00  0.0917
   1.8801E-02   1.8821E-02   7.4537E+00  0.0819
   1.8821E-02   1.8841E-02   6.4532E+00  0.0880
   1.8841E-02   1.8861E-02   7.4037E+00  0.0822
   1.8861E-02   1.8881E-02   6.5033E+00  0.0877
   1.8881E-02   1.8901E-02   5.5028E+00  0.0953
   1.8901E-02   1.8921E-02   7.3037E+00  0.0828
   1.8921E-02   1.8941E-02   6.1031E+00  0.0905
   1.8941E-02   1.8961E-02   7.5038E+00  0.0816
   1.8961E-02   1.8981E-02   6.4532E+00  0.0880
   1.8981E-02   1.9001E-02   6.6033E+00  0.0870
   1.9001E-02   1.9020E-02   6.6533E+00  0.0867
   1.9020E-02   1.9040E-02   6.7534E+00  0.0861
   1.9040E-02   1.9060E-02   5.8529E+00  0.0924
   1.9060E-02   1.9080E-02   6.3032E+00  0.0891
   1.9080E-02   1.9100E-02   5.7029E+00  0.0937
   1.9100E-02   1.9120E-02   7.1036E+00  0.0839
   1.9120E-02   1.9140E-02   6.9035E+00  0.0851
   1.9140E-02   1.9160E-02   6.2531E+00  0.0894
   1.9160E-02   1.9180E-02   6.8034E+00  0.0857
   1.9180E-02   1.9200E-02   7.3037E+00  0.0828
   1.9200E-02   1.9220E-02   7.4037E+00  0.0822
   1.9220E-02   1.9240E-02   5.8529E+00  0.0924
   1.9240E-02   1.9260E-02   7.2036E+00  0.0833
   1.9260E-02   1.9280E-02   7.5038E+00  0.0816
   1.9280E-02   1.9300E-02   6.9035E+00  0.0851
   1.9300E-02   1.9320E-02   6.6033E+00  0.0870
   1.9320E-02   1.9340E-02   6.9035E+00  0.0851
   1.9340E-02   1.9360E-02   6.1531E+00  0.0902
   1.9360E-02   1.9380E-02   7.0035E+00  0.0845
   1.9380E-02   1.9400E-02   7.5538E+00  0.0814
   1.9400E-02   1.9420E-02   6.1031E+00  0.0905
   1.9420E-02   1.9440E-02   6.5533E+00  0.0874
   1.9440E-02   1.9460E-02   7.0535E+00  0.0842
   1.9460E-02   1.9480E-02   7.0535E+00  0.0842
   1.9480E-02   1.9500E-02   7.2536E+00  0.0830
   1.9500E-02   1.9520E-02   6.6533E+00  0.0867
   1.9520E-02   1.9540E-02   7.5038E+00  0.0816
   1.9540E-02   1.9560E-02   6.3532E+00  0.0887
   1.9560E-02   1.9580E-02   6.4532E+00  0.0880
   1.9580E-02   1.9600E-02   7.2036E+00  0.0833
   1.9600E-02   1.9620E-02   6.5033E+00  0.0877
   1.9620E-02   1.9640E-02   5.1526E+00  0.0985
   1.9640E-02   1.9660E-02   7.3037E+00  0.0828
   1.9660E-02   1.9680E-02   7.1536E+00  0.0836
   1.9680E-02   1.9700E-02   6.4032E+00  0.0884
   1.9700E-02   1.9720E-02   6.3532E+00  0.0887
   1.9720E-02   1.9740E-02   6.1531E+00  0.0902
   1.9740E-02   1.9760E-02   7.1036E+00  0.0839
   1.9760E-02   1.9780E-02   7.0035E+00  0.0845
   1.9780E-02   1.9800E-02   6.9035E+00  0.0851
   1.9800E-02   1.9820E-02   5.4527E+00  0.0958
   1.9820E-02   1.9840E-02   6.7534E+00  0.0861
   1.9840E-02   1.9860E-02   8.3042E+00  0.0776
   1.9860E-02   1.9880E-02   6.4032E+00  0.0884
   1.9880E-02   1.9900E-02   6.9035E+00  0.0851
   1.9900E-02   1.9920E-02   6.2031E+00  0.0898
   1.9920E-02   1.9940E-02   6.6033E+00  0.0870
   1.9940E-02   1.9960E-02   6.7034E+00  0.0864
   1.9960E-02   1.9980E-02   6.9035E+00  0.0851
   1.9980E-02   2.0000E-02   6.7034E+00  0.0864

#   sum over                 7.1543E+00
'no. =    4   reg = 103 - 105'
msuc: {\huge Source n beam}
msdr: {\it plotted by \ANGEL \version}
msdl: {\it calculated by \PHITS  3.28}
wt: s(0.7)
\vspace{-3}
  region surface crossing
  area  &=&   1.0000E+00 [cm^2]
e:

#------------------------------------------------------------------------------
 newpage:
#   no. =    5   reg = 106 - 105

x: Energy [MeV]
y: Current [1/cm^2/MeV/source]             
p: xlin ylog afac(0.8) form(0.9)
h: n            x            y1(neutron ),hh0l   ny2 dy1=[y1*y2] 
#  e-lower      e-upper      neutron     r.err 
   1.0000E-05   2.9990E-05   6.6033E+00  0.0870
   2.9990E-05   4.9980E-05   3.8519E+00  0.1140
   4.9980E-05   6.9970E-05   3.6018E+00  0.1178
   6.9970E-05   8.9960E-05   2.8514E+00  0.1324
   8.9960E-05   1.0995E-04   2.9015E+00  0.1313
   1.0995E-04   1.2994E-04   2.3012E+00  0.1474
   1.2994E-04   1.4993E-04   2.7014E+00  0.1361
   1.4993E-04   1.6992E-04   2.1511E+00  0.1525
   1.6992E-04   1.8991E-04   2.0010E+00  0.1581
   1.8991E-04   2.0990E-04   1.7509E+00  0.1690
   2.0990E-04   2.2989E-04   1.6508E+00  0.1741
   2.2989E-04   2.4988E-04   1.7009E+00  0.1715
   2.4988E-04   2.6987E-04   1.6508E+00  0.1741
   2.6987E-04   2.8986E-04   2.2511E+00  0.1491
   2.8986E-04   3.0985E-04   1.7509E+00  0.1690
   3.0985E-04   3.2984E-04   9.5048E-01  0.2294
   3.2984E-04   3.4983E-04   1.5008E+00  0.1826
   3.4983E-04   3.6982E-04   1.1506E+00  0.2085
   3.6982E-04   3.8981E-04   8.0040E-01  0.2500
   3.8981E-04   4.0980E-04   9.5048E-01  0.2294
   4.0980E-04   4.2979E-04   9.0045E-01  0.2357
   4.2979E-04   4.4978E-04   1.0505E+00  0.2182
   4.4978E-04   4.6977E-04   7.5038E-01  0.2582
   4.6977E-04   4.8976E-04   7.5038E-01  0.2582
   4.8976E-04   5.0975E-04   9.0045E-01  0.2357
   5.0975E-04   5.2974E-04   6.5033E-01  0.2773
   5.2974E-04   5.4973E-04   1.5008E+00  0.1826
   5.4973E-04   5.6972E-04   1.8509E+00  0.1644
   5.6972E-04   5.8971E-04   9.5048E-01  0.2294
   5.8971E-04   6.0970E-04   6.5033E-01  0.2773
   6.0970E-04   6.2969E-04   8.5043E-01  0.2425
   6.2969E-04   6.4968E-04   9.0045E-01  0.2357
   6.4968E-04   6.6967E-04   1.0505E+00  0.2182
   6.6967E-04   6.8966E-04   1.0005E+00  0.2236
   6.8966E-04   7.0965E-04   6.5033E-01  0.2773
   7.0965E-04   7.2964E-04   1.0005E+00  0.2236
   7.2964E-04   7.4963E-04   8.0040E-01  0.2500
   7.4963E-04   7.6962E-04   8.5043E-01  0.2425
   7.6962E-04   7.8961E-04   6.5033E-01  0.2773
   7.8961E-04   8.0960E-04   5.5028E-01  0.3015
   8.0960E-04   8.2959E-04   7.0035E-01  0.2673
   8.2959E-04   8.4958E-04   7.5038E-01  0.2582
   8.4958E-04   8.6957E-04   7.5038E-01  0.2749
   8.6957E-04   8.8956E-04   8.5043E-01  0.2425
   8.8956E-04   9.0955E-04   5.0025E-01  0.3162
   9.0955E-04   9.2954E-04   7.5038E-01  0.2582
   9.2954E-04   9.4953E-04   7.0035E-01  0.2673
   9.4953E-04   9.6952E-04   6.0030E-01  0.2887
   9.6952E-04   9.8951E-04   1.0505E+00  0.2182
   9.8951E-04   1.0095E-03   1.0005E+00  0.2236
   1.0095E-03   1.0295E-03   5.0025E-01  0.3162
   1.0295E-03   1.0495E-03   6.5033E-01  0.2773
   1.0495E-03   1.0695E-03   5.5028E-01  0.3015
   1.0695E-03   1.0895E-03   5.5028E-01  0.3015
   1.0895E-03   1.1095E-03   5.0025E-01  0.3162
   1.1095E-03   1.1294E-03   6.0030E-01  0.2887
   1.1294E-03   1.1494E-03   3.0015E-01  0.4082
   1.1494E-03   1.1694E-03   6.5033E-01  0.2773
   1.1694E-03   1.1894E-03   6.5033E-01  0.2773
   1.1894E-03   1.2094E-03   6.0030E-01  0.2887
   1.2094E-03   1.2294E-03   6.0030E-01  0.2887
   1.2294E-03   1.2494E-03   4.5023E-01  0.3333
   1.2494E-03   1.2694E-03   4.5023E-01  0.3333
   1.2694E-03   1.2894E-03   7.0035E-01  0.2673
   1.2894E-03   1.3093E-03   4.0020E-01  0.3536
   1.3093E-03   1.3293E-03   7.5038E-01  0.2582
   1.3293E-03   1.3493E-03   4.5023E-01  0.3333
   1.3493E-03   1.3693E-03   7.0035E-01  0.2673
   1.3693E-03   1.3893E-03   8.0040E-01  0.2500
   1.3893E-03   1.4093E-03   4.5023E-01  0.3333
   1.4093E-03   1.4293E-03   4.0020E-01  0.3536
   1.4293E-03   1.4493E-03   4.0020E-01  0.3536
   1.4493E-03   1.4693E-03   3.5018E-01  0.3780
   1.4693E-03   1.4893E-03   3.0015E-01  0.4082
   1.4893E-03   1.5092E-03   3.5018E-01  0.3780
   1.5092E-03   1.5292E-03   4.0020E-01  0.3536
   1.5292E-03   1.5492E-03   3.0015E-01  0.4082
   1.5492E-03   1.5692E-03   3.0015E-01  0.4082
   1.5692E-03   1.5892E-03   4.5023E-01  0.3333
   1.5892E-03   1.6092E-03   3.5018E-01  0.3780
   1.6092E-03   1.6292E-03   3.5018E-01  0.3780
   1.6292E-03   1.6492E-03   5.0025E-01  0.3162
   1.6492E-03   1.6692E-03   3.5018E-01  0.3780
   1.6692E-03   1.6892E-03   2.5013E-01  0.4472
   1.6892E-03   1.7091E-03   7.5038E-01  0.2582
   1.7091E-03   1.7291E-03   3.5018E-01  0.3780
   1.7291E-03   1.7491E-03   3.0015E-01  0.4082
   1.7491E-03   1.7691E-03   6.0030E-01  0.2887
   1.7691E-03   1.7891E-03   7.5038E-01  0.2582
   1.7891E-03   1.8091E-03   1.2006E+00  0.2041
   1.8091E-03   1.8291E-03   1.1506E+00  0.2085
   1.8291E-03   1.8491E-03   1.7009E+00  0.1715
   1.8491E-03   1.8691E-03   2.6513E+00  0.1374
   1.8691E-03   1.8891E-03   2.7014E+00  0.1361
   1.8891E-03   1.9091E-03   4.2021E+00  0.1091
   1.9091E-03   1.9290E-03   4.7524E+00  0.1026
   1.9290E-03   1.9490E-03   5.1526E+00  0.0985
   1.9490E-03   1.9690E-03   4.4022E+00  0.1066
   1.9690E-03   1.9890E-03   4.2521E+00  0.1085
   1.9890E-03   2.0090E-03   2.3012E+00  0.1474
   2.0090E-03   2.0290E-03   8.5043E-01  0.2425
   2.0290E-03   2.0490E-03   2.0010E-01  0.5000
   2.0490E-03   2.0690E-03   3.5018E-01  0.3780
   2.0690E-03   2.0890E-03   7.5038E-01  0.2582
   2.0890E-03   2.1090E-03   5.5028E-01  0.3015
   2.1090E-03   2.1289E-03   4.5023E-01  0.3333
   2.1289E-03   2.1489E-03   6.5033E-01  0.2773
   2.1489E-03   2.1689E-03   3.5018E-01  0.3780
   2.1689E-03   2.1889E-03   8.5043E-01  0.2425
   2.1889E-03   2.2089E-03   7.0035E-01  0.2673
   2.2089E-03   2.2289E-03   5.0025E-01  0.3162
   2.2289E-03   2.2489E-03   3.5018E-01  0.3780
   2.2489E-03   2.2689E-03   4.0020E-01  0.3536
   2.2689E-03   2.2889E-03   4.5023E-01  0.3333
   2.2889E-03   2.3088E-03   4.5023E-01  0.3333
   2.3088E-03   2.3288E-03   6.5033E-01  0.2773
   2.3288E-03   2.3488E-03   2.0010E-01  0.5000
   2.3488E-03   2.3688E-03   8.5043E-01  0.2425
   2.3688E-03   2.3888E-03   1.3507E+00  0.1924
   2.3888E-03   2.4088E-03   1.3007E+00  0.1961
   2.4088E-03   2.4288E-03   2.3512E+00  0.1459
   2.4288E-03   2.4488E-03   2.0010E+00  0.1581
   2.4488E-03   2.4688E-03   2.1011E+00  0.1543
   2.4688E-03   2.4888E-03   2.3012E+00  0.1474
   2.4888E-03   2.5088E-03   2.1011E+00  0.1543
   2.5088E-03   2.5287E-03   1.0505E+00  0.2182
   2.5287E-03   2.5487E-03   7.0035E-01  0.2673
   2.5487E-03   2.5687E-03   8.0040E-01  0.2500
   2.5687E-03   2.5887E-03   5.5028E-01  0.3015
   2.5887E-03   2.6087E-03   9.0045E-01  0.2357
   2.6087E-03   2.6287E-03   4.0020E-01  0.3536
   2.6287E-03   2.6487E-03   2.0010E-01  0.5000
   2.6487E-03   2.6687E-03   2.0010E-01  0.5000
   2.6687E-03   2.6887E-03   7.0035E-01  0.2673
   2.6887E-03   2.7086E-03   4.5023E-01  0.3333
   2.7086E-03   2.7286E-03   4.5023E-01  0.3333
   2.7286E-03   2.7486E-03   4.0020E-01  0.3536
   2.7486E-03   2.7686E-03   3.5018E-01  0.3780
   2.7686E-03   2.7886E-03   7.5038E-01  0.2582
   2.7886E-03   2.8086E-03   5.5028E-01  0.3015
   2.8086E-03   2.8286E-03   5.5028E-01  0.3015
   2.8286E-03   2.8486E-03   2.5013E-01  0.4472
   2.8486E-03   2.8686E-03   4.5023E-01  0.3333
   2.8686E-03   2.8886E-03   6.5033E-01  0.2773
   2.8886E-03   2.9086E-03   3.5018E-01  0.3780
   2.9086E-03   2.9285E-03   4.0020E-01  0.3536
   2.9285E-03   2.9485E-03   3.5018E-01  0.3780
   2.9485E-03   2.9685E-03   5.5028E-01  0.3015
   2.9685E-03   2.9885E-03   2.0010E-01  0.5000
   2.9885E-03   3.0085E-03   4.5023E-01  0.3333
   3.0085E-03   3.0285E-03   3.0015E-01  0.4082
   3.0285E-03   3.0485E-03   2.5013E-01  0.4472
   3.0485E-03   3.0685E-03   3.5018E-01  0.3780
   3.0685E-03   3.0885E-03   2.5013E-01  0.4472
   3.0885E-03   3.1085E-03   4.0020E-01  0.3536
   3.1085E-03   3.1284E-03   3.5018E-01  0.3780
   3.1284E-03   3.1484E-03   3.0015E-01  0.4082
   3.1484E-03   3.1684E-03   7.0035E-01  0.2673
   3.1684E-03   3.1884E-03   5.0025E-01  0.3162
   3.1884E-03   3.2084E-03   5.0025E-01  0.3162
   3.2084E-03   3.2284E-03   2.0010E-01  0.5000
   3.2284E-03   3.2484E-03   5.0025E-01  0.3162
   3.2484E-03   3.2684E-03   2.5013E-01  0.4472
   3.2684E-03   3.2884E-03   3.5018E-01  0.3780
   3.2884E-03   3.3083E-03   4.5023E-01  0.3333
   3.3083E-03   3.3283E-03   4.0020E-01  0.3536
   3.3283E-03   3.3483E-03   4.5023E-01  0.3333
   3.3483E-03   3.3683E-03   2.0010E-01  0.5000
   3.3683E-03   3.3883E-03   4.5023E-01  0.3333
   3.3883E-03   3.4083E-03   5.0025E-02  1.0000
   3.4083E-03   3.4283E-03   4.5023E-01  0.3333
   3.4283E-03   3.4483E-03   3.0015E-01  0.4082
   3.4483E-03   3.4683E-03   2.0010E-01  0.5000
   3.4683E-03   3.4883E-03   3.0015E-01  0.4082
   3.4883E-03   3.5083E-03   3.0015E-01  0.4082
   3.5083E-03   3.5282E-03   3.5018E-01  0.3780
   3.5282E-03   3.5482E-03   2.5013E-01  0.4472
   3.5482E-03   3.5682E-03   3.0015E-01  0.4082
   3.5682E-03   3.5882E-03   2.0010E-01  0.5000
   3.5882E-03   3.6082E-03   1.5008E-01  0.5773
   3.6082E-03   3.6282E-03   5.0025E-02  1.0000
   3.6282E-03   3.6482E-03   6.5033E-01  0.2773
   3.6482E-03   3.6682E-03   3.5018E-01  0.3780
   3.6682E-03   3.6882E-03   5.0025E-01  0.3162
   3.6882E-03   3.7081E-03   8.5043E-01  0.2425
   3.7081E-03   3.7281E-03   1.0005E+00  0.2236
   3.7281E-03   3.7481E-03   7.5038E-01  0.2582
   3.7481E-03   3.7681E-03   1.1506E+00  0.2085
   3.7681E-03   3.7881E-03   7.5038E-01  0.2582
   3.7881E-03   3.8081E-03   8.5043E-01  0.2425
   3.8081E-03   3.8281E-03   8.0040E-01  0.2500
   3.8281E-03   3.8481E-03   5.5028E-01  0.3015
   3.8481E-03   3.8681E-03   5.0025E-01  0.3162
   3.8681E-03   3.8881E-03   6.5033E-01  0.2773
   3.8881E-03   3.9080E-03   2.0010E-01  0.5000
   3.9080E-03   3.9280E-03   1.0005E-01  0.7071
   3.9280E-03   3.9480E-03   3.0015E-01  0.4082
   3.9480E-03   3.9680E-03   2.0010E-01  0.5000
   3.9680E-03   3.9880E-03   1.5008E-01  0.5773
   3.9880E-03   4.0080E-03   2.5013E-01  0.4472
   4.0080E-03   4.0280E-03   3.5018E-01  0.3780
   4.0280E-03   4.0480E-03   1.5008E-01  0.5773
   4.0480E-03   4.0680E-03   1.0005E-01  0.7071
   4.0680E-03   4.0880E-03   4.5023E-01  0.3333
   4.0880E-03   4.1079E-03   2.5013E-01  0.4472
   4.1079E-03   4.1279E-03   4.0020E-01  0.3536
   4.1279E-03   4.1479E-03   2.0010E-01  0.5000
   4.1479E-03   4.1679E-03   5.5028E-01  0.3015
   4.1679E-03   4.1879E-03   4.5023E-01  0.3333
   4.1879E-03   4.2079E-03   7.0035E-01  0.2673
   4.2079E-03   4.2279E-03   6.0030E-01  0.2887
   4.2279E-03   4.2479E-03   8.0040E-01  0.2500
   4.2479E-03   4.2679E-03   7.5038E-01  0.2582
   4.2679E-03   4.2879E-03   1.4507E+00  0.1857
   4.2879E-03   4.3078E-03   4.0020E-01  0.3536
   4.3078E-03   4.3278E-03   1.0505E+00  0.2182
   4.3278E-03   4.3478E-03   5.0025E-01  0.3162
   4.3478E-03   4.3678E-03   5.0025E-01  0.3162
   4.3678E-03   4.3878E-03   5.0025E-01  0.3162
   4.3878E-03   4.4078E-03   2.0010E-01  0.5000
   4.4078E-03   4.4278E-03   8.0040E-01  0.2500
   4.4278E-03   4.4478E-03   4.5023E-01  0.3333
   4.4478E-03   4.4678E-03   3.5018E-01  0.3780
   4.4678E-03   4.4878E-03   2.0010E-01  0.5000
   4.4878E-03   4.5077E-03   2.0010E-01  0.5000
   4.5077E-03   4.5277E-03   3.5018E-01  0.3780
   4.5277E-03   4.5477E-03   2.0010E-01  0.5000
   4.5477E-03   4.5677E-03   5.5028E-01  0.3015
   4.5677E-03   4.5877E-03   9.0045E-01  0.2357
   4.5877E-03   4.6077E-03   7.5038E-01  0.2582
   4.6077E-03   4.6277E-03   7.0035E-01  0.2673
   4.6277E-03   4.6477E-03   6.5033E-01  0.2773
   4.6477E-03   4.6677E-03   7.0035E-01  0.2673
   4.6677E-03   4.6877E-03   8.5043E-01  0.2425
   4.6877E-03   4.7076E-03   7.0035E-01  0.2673
   4.7076E-03   4.7276E-03   7.0035E-01  0.2673
   4.7276E-03   4.7476E-03   4.0020E-01  0.3536
   4.7476E-03   4.7676E-03   6.5033E-01  0.2773
   4.7676E-03   4.7876E-03   6.0030E-01  0.2887
   4.7876E-03   4.8076E-03   7.0035E-01  0.2673
   4.8076E-03   4.8276E-03   3.0015E-01  0.4082
   4.8276E-03   4.8476E-03   3.5018E-01  0.3780
   4.8476E-03   4.8676E-03   1.5008E-01  0.5773
   4.8676E-03   4.8876E-03   2.0010E-01  0.5000
   4.8876E-03   4.9075E-03   3.5018E-01  0.3780
   4.9075E-03   4.9275E-03   6.0030E-01  0.2887
   4.9275E-03   4.9475E-03   2.5013E-01  0.4472
   4.9475E-03   4.9675E-03   3.0015E-01  0.4082
   4.9675E-03   4.9875E-03   1.5008E-01  0.5773
   4.9875E-03   5.0075E-03   2.0010E-01  0.5000
   5.0075E-03   5.0275E-03   4.0020E-01  0.3536
   5.0275E-03   5.0475E-03   5.5028E-01  0.3015
   5.0475E-03   5.0675E-03   8.0040E-01  0.2500
   5.0675E-03   5.0875E-03   1.2006E+00  0.2041
   5.0875E-03   5.1074E-03   1.3507E+00  0.1924
   5.1074E-03   5.1274E-03   1.5008E+00  0.1826
   5.1274E-03   5.1474E-03   1.5008E+00  0.1826
   5.1474E-03   5.1674E-03   1.0505E+00  0.2182
   5.1674E-03   5.1874E-03   1.2506E+00  0.2000
   5.1874E-03   5.2074E-03   1.4007E+00  0.1890
   5.2074E-03   5.2274E-03   1.3507E+00  0.1924
   5.2274E-03   5.2474E-03   9.0045E-01  0.2357
   5.2474E-03   5.2674E-03   1.1506E+00  0.2085
   5.2674E-03   5.2874E-03   6.5033E-01  0.2773
   5.2874E-03   5.3073E-03   9.0045E-01  0.2357
   5.3073E-03   5.3273E-03   8.0040E-01  0.2500
   5.3273E-03   5.3473E-03   5.0025E-01  0.3162
   5.3473E-03   5.3673E-03   5.0025E-01  0.3162
   5.3673E-03   5.3873E-03   4.5023E-01  0.3333
   5.3873E-03   5.4073E-03   1.0005E-01  0.7071
   5.4073E-03   5.4273E-03   5.0025E-02  1.0000
   5.4273E-03   5.4473E-03   3.0015E-01  0.4082
   5.4473E-03   5.4673E-03   4.5023E-01  0.3333
   5.4673E-03   5.4873E-03   3.0015E-01  0.4082
   5.4873E-03   5.5072E-03   4.5023E-01  0.3333
   5.5072E-03   5.5272E-03   1.0505E+00  0.2182
   5.5272E-03   5.5472E-03   6.0030E-01  0.2887
   5.5472E-03   5.5672E-03   5.5028E-01  0.3015
   5.5672E-03   5.5872E-03   4.5023E-01  0.3333
   5.5872E-03   5.6072E-03   3.0015E-01  0.4082
   5.6072E-03   5.6272E-03   5.0025E-01  0.3162
   5.6272E-03   5.6472E-03   4.5023E-01  0.3333
   5.6472E-03   5.6672E-03   6.5033E-01  0.2773
   5.6672E-03   5.6872E-03   2.5013E-01  0.4472
   5.6872E-03   5.7071E-03   5.5028E-01  0.3015
   5.7071E-03   5.7271E-03   4.5023E-01  0.3333
   5.7271E-03   5.7471E-03   4.5023E-01  0.3333
   5.7471E-03   5.7671E-03   3.0015E-01  0.4082
   5.7671E-03   5.7871E-03   5.5028E-01  0.3015
   5.7871E-03   5.8071E-03   4.0020E-01  0.3536
   5.8071E-03   5.8271E-03   1.5008E-01  0.5773
   5.8271E-03   5.8471E-03   3.0015E-01  0.4082
   5.8471E-03   5.8671E-03   2.5013E-01  0.4472
   5.8671E-03   5.8871E-03   1.0005E-01  0.7071
   5.8871E-03   5.9070E-03   2.5013E-01  0.4472
   5.9070E-03   5.9270E-03   3.0015E-01  0.4082
   5.9270E-03   5.9470E-03   3.5018E-01  0.3780
   5.9470E-03   5.9670E-03   1.5008E-01  0.5773
   5.9670E-03   5.9870E-03   3.5018E-01  0.3780
   5.9870E-03   6.0070E-03   3.5018E-01  0.3780
   6.0070E-03   6.0270E-03   3.5018E-01  0.3780
   6.0270E-03   6.0470E-03   3.5018E-01  0.3780
   6.0470E-03   6.0670E-03   3.0015E-01  0.4082
   6.0670E-03   6.0870E-03   5.0025E-01  0.3162
   6.0870E-03   6.1069E-03   6.5033E-01  0.2773
   6.1069E-03   6.1269E-03   7.0035E-01  0.2673
   6.1269E-03   6.1469E-03   1.1506E+00  0.2085
   6.1469E-03   6.1669E-03   8.0040E-01  0.2500
   6.1669E-03   6.1869E-03   7.0035E-01  0.2673
   6.1869E-03   6.2069E-03   8.5043E-01  0.2425
   6.2069E-03   6.2269E-03   6.5033E-01  0.2773
   6.2269E-03   6.2469E-03   6.0030E-01  0.2887
   6.2469E-03   6.2669E-03   5.5028E-01  0.3015
   6.2669E-03   6.2869E-03   4.5023E-01  0.3333
   6.2869E-03   6.3068E-03   4.5023E-01  0.3333
   6.3068E-03   6.3268E-03   6.5033E-01  0.2773
   6.3268E-03   6.3468E-03   4.0020E-01  0.3536
   6.3468E-03   6.3668E-03   2.5013E-01  0.4472
   6.3668E-03   6.3868E-03   5.5028E-01  0.3015
   6.3868E-03   6.4068E-03   4.0020E-01  0.3536
   6.4068E-03   6.4268E-03   3.0015E-01  0.4082
   6.4268E-03   6.4468E-03   3.0015E-01  0.4082
   6.4468E-03   6.4668E-03   1.5008E-01  0.5773
   6.4668E-03   6.4868E-03   1.0005E-01  0.7071
   6.4868E-03   6.5067E-03   2.0010E-01  0.5000
   6.5067E-03   6.5267E-03   2.5013E-01  0.4472
   6.5267E-03   6.5467E-03   4.0020E-01  0.3536
   6.5467E-03   6.5667E-03   1.5008E-01  0.5773
   6.5667E-03   6.5867E-03   3.5018E-01  0.3780
   6.5867E-03   6.6067E-03   1.0005E-01  0.7071
   6.6067E-03   6.6267E-03   4.5023E-01  0.3333
   6.6267E-03   6.6467E-03   1.5008E-01  0.5773
   6.6467E-03   6.6667E-03   2.5013E-01  0.4472
   6.6667E-03   6.6867E-03   2.0010E-01  0.5000
   6.6867E-03   6.7066E-03   1.5008E-01  0.5773
   6.7066E-03   6.7266E-03   3.0015E-01  0.4082
   6.7266E-03   6.7466E-03   1.5008E-01  0.5773
   6.7466E-03   6.7666E-03   1.5008E-01  0.5773
   6.7666E-03   6.7866E-03   3.0015E-01  0.4082
   6.7866E-03   6.8066E-03   1.5008E-01  0.5773
   6.8066E-03   6.8266E-03   2.5013E-01  0.4472
   6.8266E-03   6.8466E-03   2.0010E-01  0.5000
   6.8466E-03   6.8666E-03   2.0010E-01  0.5000
   6.8666E-03   6.8866E-03   1.5008E-01  0.5773
   6.8866E-03   6.9066E-03   2.0010E-01  0.5000
   6.9066E-03   6.9265E-03   2.5013E-01  0.4472
   6.9265E-03   6.9465E-03   5.0025E-02  1.0000
   6.9465E-03   6.9665E-03   5.0025E-02  1.0000
   6.9665E-03   6.9865E-03   1.5008E-01  0.5773
   6.9865E-03   7.0065E-03   0.0000E+00  0.0000
   7.0065E-03   7.0265E-03   0.0000E+00  0.0000
   7.0265E-03   7.0465E-03   0.0000E+00  0.0000
   7.0465E-03   7.0665E-03   5.0025E-02  1.0000
   7.0665E-03   7.0865E-03   5.0025E-02  1.0000
   7.0865E-03   7.1064E-03   2.0010E-01  0.5000
   7.1064E-03   7.1264E-03   3.5018E-01  0.3780
   7.1264E-03   7.1464E-03   5.5028E-01  0.3015
   7.1464E-03   7.1664E-03   8.5043E-01  0.2425
   7.1664E-03   7.1864E-03   5.0025E-01  0.3162
   7.1864E-03   7.2064E-03   5.0025E-01  0.3162
   7.2064E-03   7.2264E-03   1.1006E+00  0.2132
   7.2264E-03   7.2464E-03   8.0040E-01  0.2500
   7.2464E-03   7.2664E-03   1.1006E+00  0.2132
   7.2664E-03   7.2864E-03   8.0040E-01  0.2500
   7.2864E-03   7.3063E-03   6.5033E-01  0.2773
   7.3063E-03   7.3263E-03   8.0040E-01  0.2500
   7.3263E-03   7.3463E-03   1.2506E+00  0.2000
   7.3463E-03   7.3663E-03   7.5038E-01  0.2582
   7.3663E-03   7.3863E-03   1.0005E+00  0.2236
   7.3863E-03   7.4063E-03   1.2006E+00  0.2041
   7.4063E-03   7.4263E-03   1.7009E+00  0.1715
   7.4263E-03   7.4463E-03   1.4007E+00  0.1890
   7.4463E-03   7.4663E-03   1.8509E+00  0.1644
   7.4663E-03   7.4863E-03   2.1011E+00  0.1543
   7.4863E-03   7.5062E-03   1.5008E+00  0.1826
   7.5062E-03   7.5262E-03   2.2511E+00  0.1491
   7.5262E-03   7.5462E-03   1.9510E+00  0.1601
   7.5462E-03   7.5662E-03   2.0510E+00  0.1562
   7.5662E-03   7.5862E-03   1.3507E+00  0.1924
   7.5862E-03   7.6062E-03   1.6508E+00  0.1741
   7.6062E-03   7.6262E-03   1.7509E+00  0.1690
   7.6262E-03   7.6462E-03   1.3507E+00  0.1924
   7.6462E-03   7.6662E-03   1.3007E+00  0.1961
   7.6662E-03   7.6862E-03   1.7509E+00  0.1690
   7.6862E-03   7.7061E-03   2.1011E+00  0.1543
   7.7061E-03   7.7261E-03   1.7509E+00  0.1690
   7.7261E-03   7.7461E-03   2.2511E+00  0.1491
   7.7461E-03   7.7661E-03   2.0510E+00  0.1562
   7.7661E-03   7.7861E-03   1.8009E+00  0.1667
   7.7861E-03   7.8061E-03   1.7009E+00  0.1715
   7.8061E-03   7.8261E-03   1.2006E+00  0.2041
   7.8261E-03   7.8461E-03   9.5048E-01  0.2294
   7.8461E-03   7.8661E-03   1.1006E+00  0.2132
   7.8661E-03   7.8861E-03   7.5038E-01  0.2582
   7.8861E-03   7.9060E-03   6.0030E-01  0.2887
   7.9060E-03   7.9260E-03   4.0020E-01  0.3536
   7.9260E-03   7.9460E-03   2.5013E-01  0.4472
   7.9460E-03   7.9660E-03   5.0025E-02  1.0000
   7.9660E-03   7.9860E-03   1.0005E-01  0.7071
   7.9860E-03   8.0060E-03   4.5023E-01  0.3333
   8.0060E-03   8.0260E-03   2.5013E-01  0.4472
   8.0260E-03   8.0460E-03   5.0025E-01  0.3162
   8.0460E-03   8.0660E-03   4.0020E-01  0.3536
   8.0660E-03   8.0860E-03   3.5018E-01  0.3780
   8.0860E-03   8.1059E-03   6.0030E-01  0.2887
   8.1059E-03   8.1259E-03   3.5018E-01  0.3780
   8.1259E-03   8.1459E-03   7.5038E-01  0.2582
   8.1459E-03   8.1659E-03   4.5023E-01  0.3333
   8.1659E-03   8.1859E-03   4.0020E-01  0.3536
   8.1859E-03   8.2059E-03   4.5023E-01  0.3333
   8.2059E-03   8.2259E-03   3.5018E-01  0.3780
   8.2259E-03   8.2459E-03   5.0025E-01  0.3162
   8.2459E-03   8.2659E-03   2.5013E-01  0.4472
   8.2659E-03   8.2859E-03   4.0020E-01  0.3536
   8.2859E-03   8.3059E-03   4.0020E-01  0.3536
   8.3059E-03   8.3258E-03   4.5023E-01  0.3333
   8.3258E-03   8.3458E-03   2.5013E-01  0.4472
   8.3458E-03   8.3658E-03   3.5018E-01  0.3780
   8.3658E-03   8.3858E-03   2.0010E-01  0.5000
   8.3858E-03   8.4058E-03   2.5013E-01  0.4472
   8.4058E-03   8.4258E-03   2.0010E-01  0.5000
   8.4258E-03   8.4458E-03   5.0025E-01  0.3162
   8.4458E-03   8.4658E-03   2.0010E-01  0.5000
   8.4658E-03   8.4858E-03   2.5013E-01  0.4472
   8.4858E-03   8.5057E-03   3.5018E-01  0.3780
   8.5057E-03   8.5257E-03   3.5018E-01  0.3780
   8.5257E-03   8.5457E-03   2.0010E-01  0.5000
   8.5457E-03   8.5657E-03   1.5008E-01  0.5773
   8.5657E-03   8.5857E-03   5.0025E-01  0.3162
   8.5857E-03   8.6057E-03   4.0020E-01  0.3536
   8.6057E-03   8.6257E-03   4.5023E-01  0.3333
   8.6257E-03   8.6457E-03   4.5023E-01  0.3333
   8.6457E-03   8.6657E-03   1.0505E+00  0.2182
   8.6657E-03   8.6857E-03   1.0505E+00  0.2182
   8.6857E-03   8.7056E-03   9.5048E-01  0.2294
   8.7056E-03   8.7256E-03   1.1006E+00  0.2132
   8.7256E-03   8.7456E-03   8.5043E-01  0.2425
   8.7456E-03   8.7656E-03   1.3507E+00  0.1924
   8.7656E-03   8.7856E-03   1.5008E+00  0.1826
   8.7856E-03   8.8056E-03   1.0005E+00  0.2236
   8.8056E-03   8.8256E-03   1.1006E+00  0.2132
   8.8256E-03   8.8456E-03   1.4507E+00  0.1857
   8.8456E-03   8.8656E-03   1.1506E+00  0.2085
   8.8656E-03   8.8856E-03   1.2506E+00  0.2000
   8.8856E-03   8.9055E-03   1.2006E+00  0.2041
   8.9055E-03   8.9255E-03   8.5043E-01  0.2425
   8.9255E-03   8.9455E-03   1.2006E+00  0.2041
   8.9455E-03   8.9655E-03   1.0505E+00  0.2182
   8.9655E-03   8.9855E-03   8.0040E-01  0.2500
   8.9855E-03   9.0055E-03   9.5048E-01  0.2294
   9.0055E-03   9.0255E-03   8.0040E-01  0.2500
   9.0255E-03   9.0455E-03   1.1006E+00  0.2132
   9.0455E-03   9.0655E-03   7.5038E-01  0.2582
   9.0655E-03   9.0855E-03   8.5043E-01  0.2425
   9.0855E-03   9.1054E-03   1.0005E+00  0.2236
   9.1054E-03   9.1254E-03   5.5028E-01  0.3015
   9.1254E-03   9.1454E-03   6.5033E-01  0.2773
   9.1454E-03   9.1654E-03   4.0020E-01  0.3536
   9.1654E-03   9.1854E-03   4.0020E-01  0.3536
   9.1854E-03   9.2054E-03   2.0010E-01  0.5000
   9.2054E-03   9.2254E-03   4.0020E-01  0.3536
   9.2254E-03   9.2454E-03   1.5008E-01  0.5773
   9.2454E-03   9.2654E-03   4.5023E-01  0.3333
   9.2654E-03   9.2854E-03   5.5028E-01  0.3015
   9.2854E-03   9.3054E-03   1.0005E+00  0.2236
   9.3054E-03   9.3253E-03   8.5043E-01  0.2425
   9.3253E-03   9.3453E-03   1.3007E+00  0.1961
   9.3453E-03   9.3653E-03   1.4507E+00  0.1857
   9.3653E-03   9.3853E-03   1.1506E+00  0.2085
   9.3853E-03   9.4053E-03   1.3007E+00  0.1961
   9.4053E-03   9.4253E-03   1.4007E+00  0.1890
   9.4253E-03   9.4453E-03   8.5043E-01  0.2425
   9.4453E-03   9.4653E-03   1.2006E+00  0.2041
   9.4653E-03   9.4853E-03   1.3507E+00  0.1924
   9.4853E-03   9.5052E-03   1.3507E+00  0.1924
   9.5052E-03   9.5252E-03   1.4507E+00  0.1857
   9.5252E-03   9.5452E-03   1.3007E+00  0.1961
   9.5452E-03   9.5652E-03   1.1006E+00  0.2132
   9.5652E-03   9.5852E-03   1.1506E+00  0.2085
   9.5852E-03   9.6052E-03   1.0505E+00  0.2182
   9.6052E-03   9.6252E-03   1.5008E+00  0.1826
   9.6252E-03   9.6452E-03   1.2506E+00  0.2000
   9.6452E-03   9.6652E-03   1.3007E+00  0.1961
   9.6652E-03   9.6852E-03   1.4007E+00  0.1890
   9.6852E-03   9.7051E-03   8.5043E-01  0.2425
   9.7051E-03   9.7251E-03   1.1506E+00  0.2085
   9.7251E-03   9.7451E-03   1.2006E+00  0.2041
   9.7451E-03   9.7651E-03   7.5038E-01  0.2582
   9.7651E-03   9.7851E-03   3.0015E-01  0.4082
   9.7851E-03   9.8051E-03   7.0035E-01  0.2673
   9.8051E-03   9.8251E-03   8.5043E-01  0.2425
   9.8251E-03   9.8451E-03   8.5043E-01  0.2425
   9.8451E-03   9.8651E-03   7.0035E-01  0.2673
   9.8651E-03   9.8851E-03   6.5033E-01  0.2773
   9.8851E-03   9.9051E-03   4.0020E-01  0.3536
   9.9051E-03   9.9250E-03   2.5013E-01  0.4472
   9.9250E-03   9.9450E-03   4.5023E-01  0.3333
   9.9450E-03   9.9650E-03   3.5018E-01  0.3780
   9.9650E-03   9.9850E-03   3.0015E-01  0.4082
   9.9850E-03   1.0005E-02   4.0020E-01  0.3536
   1.0005E-02   1.0025E-02   4.5023E-01  0.3333
   1.0025E-02   1.0045E-02   8.0040E-01  0.2500
   1.0045E-02   1.0065E-02   3.5018E-01  0.3780
   1.0065E-02   1.0085E-02   5.0025E-01  0.3162
   1.0085E-02   1.0105E-02   4.5023E-01  0.3333
   1.0105E-02   1.0125E-02   4.0020E-01  0.3536
   1.0125E-02   1.0145E-02   6.5033E-01  0.2773
   1.0145E-02   1.0165E-02   8.0040E-01  0.2500
   1.0165E-02   1.0185E-02   1.1006E+00  0.2132
   1.0185E-02   1.0205E-02   1.5008E+00  0.1826
   1.0205E-02   1.0225E-02   8.0040E-01  0.2500
   1.0225E-02   1.0245E-02   1.1006E+00  0.2132
   1.0245E-02   1.0265E-02   1.3007E+00  0.1961
   1.0265E-02   1.0285E-02   1.3007E+00  0.1961
   1.0285E-02   1.0305E-02   1.3007E+00  0.1961
   1.0305E-02   1.0325E-02   1.2006E+00  0.2041
   1.0325E-02   1.0345E-02   1.1006E+00  0.2132
   1.0345E-02   1.0365E-02   1.0505E+00  0.2182
   1.0365E-02   1.0385E-02   1.6008E+00  0.1768
   1.0385E-02   1.0405E-02   1.2506E+00  0.2000
   1.0405E-02   1.0425E-02   1.5008E+00  0.1826
   1.0425E-02   1.0445E-02   1.5008E+00  0.1826
   1.0445E-02   1.0465E-02   1.2506E+00  0.2000
   1.0465E-02   1.0485E-02   1.6008E+00  0.1768
   1.0485E-02   1.0505E-02   1.5008E+00  0.1826
   1.0505E-02   1.0525E-02   1.2506E+00  0.2000
   1.0525E-02   1.0545E-02   1.4007E+00  0.1890
   1.0545E-02   1.0565E-02   1.2006E+00  0.2041
   1.0565E-02   1.0585E-02   1.4007E+00  0.1890
   1.0585E-02   1.0605E-02   7.5038E-01  0.2582
   1.0605E-02   1.0625E-02   1.1506E+00  0.2085
   1.0625E-02   1.0645E-02   1.3007E+00  0.1961
   1.0645E-02   1.0665E-02   1.0505E+00  0.2182
   1.0665E-02   1.0685E-02   7.5038E-01  0.2582
   1.0685E-02   1.0705E-02   9.0045E-01  0.2357
   1.0705E-02   1.0725E-02   1.2506E+00  0.2000
   1.0725E-02   1.0745E-02   5.5028E-01  0.3015
   1.0745E-02   1.0765E-02   7.5038E-01  0.2582
   1.0765E-02   1.0785E-02   5.5028E-01  0.3015
   1.0785E-02   1.0805E-02   5.5028E-01  0.3015
   1.0805E-02   1.0825E-02   3.5018E-01  0.3780
   1.0825E-02   1.0845E-02   3.5018E-01  0.3780
   1.0845E-02   1.0865E-02   4.0020E-01  0.3536
   1.0865E-02   1.0885E-02   2.0010E-01  0.5000
   1.0885E-02   1.0905E-02   5.0025E-01  0.3162
   1.0905E-02   1.0925E-02   5.0025E-01  0.3162
   1.0925E-02   1.0945E-02   1.0005E-01  0.7071
   1.0945E-02   1.0965E-02   4.0020E-01  0.3536
   1.0965E-02   1.0985E-02   7.0035E-01  0.2673
   1.0985E-02   1.1005E-02   8.5043E-01  0.2425
   1.1005E-02   1.1024E-02   2.5013E-01  0.4472
   1.1024E-02   1.1044E-02   4.5023E-01  0.3333
   1.1044E-02   1.1064E-02   5.0025E-01  0.3162
   1.1064E-02   1.1084E-02   4.5023E-01  0.3333
   1.1084E-02   1.1104E-02   4.5023E-01  0.3333
   1.1104E-02   1.1124E-02   3.5018E-01  0.3780
   1.1124E-02   1.1144E-02   4.0020E-01  0.3536
   1.1144E-02   1.1164E-02   2.5013E-01  0.4472
   1.1164E-02   1.1184E-02   4.0020E-01  0.3536
   1.1184E-02   1.1204E-02   4.0020E-01  0.3536
   1.1204E-02   1.1224E-02   4.5023E-01  0.3333
   1.1224E-02   1.1244E-02   3.5018E-01  0.3780
   1.1244E-02   1.1264E-02   4.5023E-01  0.3333
   1.1264E-02   1.1284E-02   5.0025E-01  0.3162
   1.1284E-02   1.1304E-02   3.0015E-01  0.4082
   1.1304E-02   1.1324E-02   5.5028E-01  0.3015
   1.1324E-02   1.1344E-02   6.5033E-01  0.2773
   1.1344E-02   1.1364E-02   3.5018E-01  0.3780
   1.1364E-02   1.1384E-02   2.5013E-01  0.4472
   1.1384E-02   1.1404E-02   3.5018E-01  0.3780
   1.1404E-02   1.1424E-02   5.5028E-01  0.3015
   1.1424E-02   1.1444E-02   5.0025E-01  0.3162
   1.1444E-02   1.1464E-02   3.0015E-01  0.4082
   1.1464E-02   1.1484E-02   1.5008E-01  0.5773
   1.1484E-02   1.1504E-02   3.0015E-01  0.4082
   1.1504E-02   1.1524E-02   3.5018E-01  0.3780
   1.1524E-02   1.1544E-02   2.5013E-01  0.4472
   1.1544E-02   1.1564E-02   4.0020E-01  0.3536
   1.1564E-02   1.1584E-02   3.5018E-01  0.3780
   1.1584E-02   1.1604E-02   3.5018E-01  0.3780
   1.1604E-02   1.1624E-02   2.0010E-01  0.5000
   1.1624E-02   1.1644E-02   2.5013E-01  0.4472
   1.1644E-02   1.1664E-02   3.0015E-01  0.4082
   1.1664E-02   1.1684E-02   1.5008E-01  0.5773
   1.1684E-02   1.1704E-02   2.0010E-01  0.5000
   1.1704E-02   1.1724E-02   2.0010E-01  0.5000
   1.1724E-02   1.1744E-02   3.0015E-01  0.4082
   1.1744E-02   1.1764E-02   3.0015E-01  0.4082
   1.1764E-02   1.1784E-02   6.0030E-01  0.2887
   1.1784E-02   1.1804E-02   3.5018E-01  0.3780
   1.1804E-02   1.1824E-02   4.5023E-01  0.3333
   1.1824E-02   1.1844E-02   3.0015E-01  0.4082
   1.1844E-02   1.1864E-02   4.0020E-01  0.3536
   1.1864E-02   1.1884E-02   6.0030E-01  0.2887
   1.1884E-02   1.1904E-02   4.5023E-01  0.3333
   1.1904E-02   1.1924E-02   3.0015E-01  0.4082
   1.1924E-02   1.1944E-02   3.0015E-01  0.4082
   1.1944E-02   1.1964E-02   3.0015E-01  0.4082
   1.1964E-02   1.1984E-02   5.5028E-01  0.3015
   1.1984E-02   1.2004E-02   2.5013E-01  0.4472
   1.2004E-02   1.2024E-02   4.0020E-01  0.3536
   1.2024E-02   1.2044E-02   4.0020E-01  0.3536
   1.2044E-02   1.2064E-02   3.0015E-01  0.4082
   1.2064E-02   1.2084E-02   3.5018E-01  0.3780
   1.2084E-02   1.2104E-02   3.0015E-01  0.4082
   1.2104E-02   1.2124E-02   4.0020E-01  0.3536
   1.2124E-02   1.2144E-02   3.5018E-01  0.3780
   1.2144E-02   1.2164E-02   5.5028E-01  0.3015
   1.2164E-02   1.2184E-02   4.0020E-01  0.3536
   1.2184E-02   1.2204E-02   3.0015E-01  0.4082
   1.2204E-02   1.2224E-02   1.0005E-01  0.7071
   1.2224E-02   1.2244E-02   2.0010E-01  0.5000
   1.2244E-02   1.2264E-02   2.5013E-01  0.4472
   1.2264E-02   1.2284E-02   4.0020E-01  0.3536
   1.2284E-02   1.2304E-02   3.0015E-01  0.4082
   1.2304E-02   1.2324E-02   3.5018E-01  0.3780
   1.2324E-02   1.2344E-02   7.0035E-01  0.2673
   1.2344E-02   1.2364E-02   5.0025E-01  0.3162
   1.2364E-02   1.2384E-02   1.0505E+00  0.2182
   1.2384E-02   1.2404E-02   7.0035E-01  0.2673
   1.2404E-02   1.2424E-02   1.1006E+00  0.2132
   1.2424E-02   1.2444E-02   1.4507E+00  0.1857
   1.2444E-02   1.2464E-02   1.2506E+00  0.2000
   1.2464E-02   1.2484E-02   1.2506E+00  0.2000
   1.2484E-02   1.2504E-02   1.4507E+00  0.1857
   1.2504E-02   1.2524E-02   1.1006E+00  0.2132
   1.2524E-02   1.2544E-02   1.1006E+00  0.2132
   1.2544E-02   1.2564E-02   1.3507E+00  0.1924
   1.2564E-02   1.2584E-02   1.6008E+00  0.1768
   1.2584E-02   1.2604E-02   1.5508E+00  0.1796
   1.2604E-02   1.2624E-02   1.3007E+00  0.1961
   1.2624E-02   1.2644E-02   1.6508E+00  0.1741
   1.2644E-02   1.2664E-02   2.1011E+00  0.1543
   1.2664E-02   1.2684E-02   1.8509E+00  0.1644
   1.2684E-02   1.2704E-02   1.4007E+00  0.1890
   1.2704E-02   1.2724E-02   1.7009E+00  0.1715
   1.2724E-02   1.2744E-02   1.4007E+00  0.1890
   1.2744E-02   1.2764E-02   1.5008E+00  0.1826
   1.2764E-02   1.2784E-02   9.5048E-01  0.2294
   1.2784E-02   1.2804E-02   1.5508E+00  0.1796
   1.2804E-02   1.2824E-02   1.8509E+00  0.1644
   1.2824E-02   1.2844E-02   1.5008E+00  0.1826
   1.2844E-02   1.2864E-02   1.6008E+00  0.1768
   1.2864E-02   1.2884E-02   1.6508E+00  0.1741
   1.2884E-02   1.2904E-02   1.4507E+00  0.1857
   1.2904E-02   1.2924E-02   9.5048E-01  0.2294
   1.2924E-02   1.2944E-02   1.2006E+00  0.2041
   1.2944E-02   1.2964E-02   9.0045E-01  0.2357
   1.2964E-02   1.2984E-02   1.5008E+00  0.1826
   1.2984E-02   1.3003E-02   1.1506E+00  0.2085
   1.3003E-02   1.3023E-02   1.1006E+00  0.2132
   1.3023E-02   1.3043E-02   1.5008E+00  0.1826
   1.3043E-02   1.3063E-02   1.0505E+00  0.2182
   1.3063E-02   1.3083E-02   1.0505E+00  0.2182
   1.3083E-02   1.3103E-02   5.5028E-01  0.3015
   1.3103E-02   1.3123E-02   6.0030E-01  0.2887
   1.3123E-02   1.3143E-02   6.0030E-01  0.2887
   1.3143E-02   1.3163E-02   4.5023E-01  0.3333
   1.3163E-02   1.3183E-02   3.0015E-01  0.4082
   1.3183E-02   1.3203E-02   4.5023E-01  0.3333
   1.3203E-02   1.3223E-02   3.5018E-01  0.3780
   1.3223E-02   1.3243E-02   3.0015E-01  0.4082
   1.3243E-02   1.3263E-02   5.5028E-01  0.3015
   1.3263E-02   1.3283E-02   3.5018E-01  0.3780
   1.3283E-02   1.3303E-02   6.0030E-01  0.2887
   1.3303E-02   1.3323E-02   1.5008E-01  0.5773
   1.3323E-02   1.3343E-02   4.0020E-01  0.3536
   1.3343E-02   1.3363E-02   4.5023E-01  0.3333
   1.3363E-02   1.3383E-02   4.0020E-01  0.3536
   1.3383E-02   1.3403E-02   6.5033E-01  0.2773
   1.3403E-02   1.3423E-02   7.5038E-01  0.2582
   1.3423E-02   1.3443E-02   6.0030E-01  0.2887
   1.3443E-02   1.3463E-02   3.0015E-01  0.4082
   1.3463E-02   1.3483E-02   6.0030E-01  0.2887
   1.3483E-02   1.3503E-02   6.0030E-01  0.2887
   1.3503E-02   1.3523E-02   8.0040E-01  0.2500
   1.3523E-02   1.3543E-02   6.5033E-01  0.2773
   1.3543E-02   1.3563E-02   5.5028E-01  0.3015
   1.3563E-02   1.3583E-02   4.0020E-01  0.3536
   1.3583E-02   1.3603E-02   3.5018E-01  0.3780
   1.3603E-02   1.3623E-02   4.5023E-01  0.3333
   1.3623E-02   1.3643E-02   6.0030E-01  0.2887
   1.3643E-02   1.3663E-02   3.5018E-01  0.3780
   1.3663E-02   1.3683E-02   5.0025E-01  0.3162
   1.3683E-02   1.3703E-02   6.0030E-01  0.2887
   1.3703E-02   1.3723E-02   2.5013E-01  0.4472
   1.3723E-02   1.3743E-02   4.5023E-01  0.3333
   1.3743E-02   1.3763E-02   4.0020E-01  0.3536
   1.3763E-02   1.3783E-02   4.0020E-01  0.3536
   1.3783E-02   1.3803E-02   3.5018E-01  0.3780
   1.3803E-02   1.3823E-02   6.0030E-01  0.2887
   1.3823E-02   1.3843E-02   6.0030E-01  0.2887
   1.3843E-02   1.3863E-02   5.0025E-01  0.3162
   1.3863E-02   1.3883E-02   4.0020E-01  0.3536
   1.3883E-02   1.3903E-02   6.5033E-01  0.2773
   1.3903E-02   1.3923E-02   4.0020E-01  0.3536
   1.3923E-02   1.3943E-02   6.0030E-01  0.2887
   1.3943E-02   1.3963E-02   5.5028E-01  0.3015
   1.3963E-02   1.3983E-02   3.5018E-01  0.3780
   1.3983E-02   1.4003E-02   4.5023E-01  0.3333
   1.4003E-02   1.4023E-02   4.5023E-01  0.3333
   1.4023E-02   1.4043E-02   6.5033E-01  0.2773
   1.4043E-02   1.4063E-02   4.0020E-01  0.3536
   1.4063E-02   1.4083E-02   4.5023E-01  0.3333
   1.4083E-02   1.4103E-02   4.0020E-01  0.3536
   1.4103E-02   1.4123E-02   4.0020E-01  0.3536
   1.4123E-02   1.4143E-02   5.0025E-01  0.3162
   1.4143E-02   1.4163E-02   6.0030E-01  0.2887
   1.4163E-02   1.4183E-02   6.0030E-01  0.2887
   1.4183E-02   1.4203E-02   7.0035E-01  0.2673
   1.4203E-02   1.4223E-02   4.5023E-01  0.3333
   1.4223E-02   1.4243E-02   4.0020E-01  0.3536
   1.4243E-02   1.4263E-02   2.0010E-01  0.5000
   1.4263E-02   1.4283E-02   6.0030E-01  0.2887
   1.4283E-02   1.4303E-02   5.5028E-01  0.3015
   1.4303E-02   1.4323E-02   3.0015E-01  0.4082
   1.4323E-02   1.4343E-02   2.5013E-01  0.4472
   1.4343E-02   1.4363E-02   6.5033E-01  0.2773
   1.4363E-02   1.4383E-02   4.5023E-01  0.3333
   1.4383E-02   1.4403E-02   6.5033E-01  0.2773
   1.4403E-02   1.4423E-02   7.5038E-01  0.2582
   1.4423E-02   1.4443E-02   6.0030E-01  0.2887
   1.4443E-02   1.4463E-02   6.5033E-01  0.2773
   1.4463E-02   1.4483E-02   2.5013E-01  0.4472
   1.4483E-02   1.4503E-02   8.0040E-01  0.2500
   1.4503E-02   1.4523E-02   5.5028E-01  0.3015
   1.4523E-02   1.4543E-02   5.0025E-01  0.3162
   1.4543E-02   1.4563E-02   5.0025E-01  0.3162
   1.4563E-02   1.4583E-02   6.5033E-01  0.2773
   1.4583E-02   1.4603E-02   2.5013E-01  0.4472
   1.4603E-02   1.4623E-02   3.5018E-01  0.3780
   1.4623E-02   1.4643E-02   2.5013E-01  0.4472
   1.4643E-02   1.4663E-02   4.0020E-01  0.3536
   1.4663E-02   1.4683E-02   4.5023E-01  0.3333
   1.4683E-02   1.4703E-02   4.0020E-01  0.3536
   1.4703E-02   1.4723E-02   2.5013E-01  0.4472
   1.4723E-02   1.4743E-02   6.5033E-01  0.2773
   1.4743E-02   1.4763E-02   3.0015E-01  0.4082
   1.4763E-02   1.4783E-02   2.0010E-01  0.5000
   1.4783E-02   1.4803E-02   2.5013E-01  0.4472
   1.4803E-02   1.4823E-02   5.0025E-01  0.3162
   1.4823E-02   1.4843E-02   4.0020E-01  0.3536
   1.4843E-02   1.4863E-02   3.5018E-01  0.3780
   1.4863E-02   1.4883E-02   8.5043E-01  0.2425
   1.4883E-02   1.4903E-02   5.0025E-01  0.3162
   1.4903E-02   1.4923E-02   5.5028E-01  0.3015
   1.4923E-02   1.4943E-02   4.5023E-01  0.3333
   1.4943E-02   1.4963E-02   3.5018E-01  0.3780
   1.4963E-02   1.4983E-02   6.5033E-01  0.2773
   1.4983E-02   1.5003E-02   4.5023E-01  0.3333
   1.5003E-02   1.5022E-02   5.5028E-01  0.3015
   1.5022E-02   1.5042E-02   3.5018E-01  0.3780
   1.5042E-02   1.5062E-02   4.5023E-01  0.3333
   1.5062E-02   1.5082E-02   2.0010E-01  0.5000
   1.5082E-02   1.5102E-02   3.5018E-01  0.3780
   1.5102E-02   1.5122E-02   4.5023E-01  0.3333
   1.5122E-02   1.5142E-02   4.5023E-01  0.3333
   1.5142E-02   1.5162E-02   4.0020E-01  0.3536
   1.5162E-02   1.5182E-02   4.5023E-01  0.3333
   1.5182E-02   1.5202E-02   3.0015E-01  0.4082
   1.5202E-02   1.5222E-02   4.0020E-01  0.3536
   1.5222E-02   1.5242E-02   4.5023E-01  0.3333
   1.5242E-02   1.5262E-02   6.0030E-01  0.2887
   1.5262E-02   1.5282E-02   7.0035E-01  0.2673
   1.5282E-02   1.5302E-02   7.0035E-01  0.2673
   1.5302E-02   1.5322E-02   3.5018E-01  0.3780
   1.5322E-02   1.5342E-02   7.5038E-01  0.2582
   1.5342E-02   1.5362E-02   9.0045E-01  0.2357
   1.5362E-02   1.5382E-02   8.5043E-01  0.2425
   1.5382E-02   1.5402E-02   8.5043E-01  0.2425
   1.5402E-02   1.5422E-02   7.0035E-01  0.2673
   1.5422E-02   1.5442E-02   5.5028E-01  0.3015
   1.5442E-02   1.5462E-02   7.0035E-01  0.2673
   1.5462E-02   1.5482E-02   4.5023E-01  0.3333
   1.5482E-02   1.5502E-02   7.5038E-01  0.2582
   1.5502E-02   1.5522E-02   5.0025E-01  0.3162
   1.5522E-02   1.5542E-02   8.0040E-01  0.2500
   1.5542E-02   1.5562E-02   5.0025E-01  0.3162
   1.5562E-02   1.5582E-02   5.5028E-01  0.3015
   1.5582E-02   1.5602E-02   4.0020E-01  0.3536
   1.5602E-02   1.5622E-02   4.5023E-01  0.3333
   1.5622E-02   1.5642E-02   2.5013E-01  0.4472
   1.5642E-02   1.5662E-02   4.5023E-01  0.3333
   1.5662E-02   1.5682E-02   5.5028E-01  0.3015
   1.5682E-02   1.5702E-02   4.0020E-01  0.3536
   1.5702E-02   1.5722E-02   7.5038E-01  0.2582
   1.5722E-02   1.5742E-02   5.0025E-01  0.3162
   1.5742E-02   1.5762E-02   5.5028E-01  0.3015
   1.5762E-02   1.5782E-02   4.0020E-01  0.3536
   1.5782E-02   1.5802E-02   2.0010E-01  0.5000
   1.5802E-02   1.5822E-02   2.0010E-01  0.5000
   1.5822E-02   1.5842E-02   1.5008E-01  0.5773
   1.5842E-02   1.5862E-02   4.5023E-01  0.3333
   1.5862E-02   1.5882E-02   4.5023E-01  0.3333
   1.5882E-02   1.5902E-02   3.0015E-01  0.4082
   1.5902E-02   1.5922E-02   2.5013E-01  0.4472
   1.5922E-02   1.5942E-02   8.5043E-01  0.2425
   1.5942E-02   1.5962E-02   1.0005E-01  0.7071
   1.5962E-02   1.5982E-02   3.5018E-01  0.3780
   1.5982E-02   1.6002E-02   2.0010E-01  0.5000
   1.6002E-02   1.6022E-02   2.0010E-01  0.5000
   1.6022E-02   1.6042E-02   5.0025E-01  0.3162
   1.6042E-02   1.6062E-02   4.0020E-01  0.3536
   1.6062E-02   1.6082E-02   4.0020E-01  0.3536
   1.6082E-02   1.6102E-02   2.5013E-01  0.4472
   1.6102E-02   1.6122E-02   1.5008E-01  0.5773
   1.6122E-02   1.6142E-02   2.5013E-01  0.4472
   1.6142E-02   1.6162E-02   2.0010E-01  0.5000
   1.6162E-02   1.6182E-02   2.5013E-01  0.4472
   1.6182E-02   1.6202E-02   2.5013E-01  0.4472
   1.6202E-02   1.6222E-02   1.5008E-01  0.5773
   1.6222E-02   1.6242E-02   4.0020E-01  0.3536
   1.6242E-02   1.6262E-02   2.5013E-01  0.4472
   1.6262E-02   1.6282E-02   2.5013E-01  0.4472
   1.6282E-02   1.6302E-02   2.0010E-01  0.5000
   1.6302E-02   1.6322E-02   1.5008E-01  0.5773
   1.6322E-02   1.6342E-02   5.0025E-02  1.0000
   1.6342E-02   1.6362E-02   3.0015E-01  0.4082
   1.6362E-02   1.6382E-02   4.0020E-01  0.3536
   1.6382E-02   1.6402E-02   2.5013E-01  0.4472
   1.6402E-02   1.6422E-02   1.5008E-01  0.5773
   1.6422E-02   1.6442E-02   1.0005E-01  0.7071
   1.6442E-02   1.6462E-02   6.0030E-01  0.2887
   1.6462E-02   1.6482E-02   2.0010E-01  0.5000
   1.6482E-02   1.6502E-02   4.0020E-01  0.3536
   1.6502E-02   1.6522E-02   1.5008E-01  0.5773
   1.6522E-02   1.6542E-02   1.5008E-01  0.5773
   1.6542E-02   1.6562E-02   2.0010E-01  0.5000
   1.6562E-02   1.6582E-02   3.5018E-01  0.3780
   1.6582E-02   1.6602E-02   2.5013E-01  0.4472
   1.6602E-02   1.6622E-02   4.5023E-01  0.3333
   1.6622E-02   1.6642E-02   4.5023E-01  0.3333
   1.6642E-02   1.6662E-02   3.0015E-01  0.4082
   1.6662E-02   1.6682E-02   4.5023E-01  0.3333
   1.6682E-02   1.6702E-02   3.5018E-01  0.3780
   1.6702E-02   1.6722E-02   5.5028E-01  0.3015
   1.6722E-02   1.6742E-02   4.0020E-01  0.3536
   1.6742E-02   1.6762E-02   6.0030E-01  0.2887
   1.6762E-02   1.6782E-02   5.0025E-01  0.3162
   1.6782E-02   1.6802E-02   8.0040E-01  0.2500
   1.6802E-02   1.6822E-02   8.0040E-01  0.2500
   1.6822E-02   1.6842E-02   7.5038E-01  0.2582
   1.6842E-02   1.6862E-02   8.0040E-01  0.2500
   1.6862E-02   1.6882E-02   1.2506E+00  0.2000
   1.6882E-02   1.6902E-02   1.0505E+00  0.2182
   1.6902E-02   1.6922E-02   1.1506E+00  0.2085
   1.6922E-02   1.6942E-02   1.1506E+00  0.2085
   1.6942E-02   1.6962E-02   1.9010E+00  0.1622
   1.6962E-02   1.6982E-02   1.1506E+00  0.2085
   1.6982E-02   1.7001E-02   2.0010E+00  0.1581
   1.7001E-02   1.7021E-02   1.3007E+00  0.1961
   1.7021E-02   1.7041E-02   1.4007E+00  0.1890
   1.7041E-02   1.7061E-02   1.3507E+00  0.1924
   1.7061E-02   1.7081E-02   1.3507E+00  0.1924
   1.7081E-02   1.7101E-02   1.3007E+00  0.1961
   1.7101E-02   1.7121E-02   1.3507E+00  0.1924
   1.7121E-02   1.7141E-02   1.6008E+00  0.1768
   1.7141E-02   1.7161E-02   1.4007E+00  0.1890
   1.7161E-02   1.7181E-02   1.3007E+00  0.1961
   1.7181E-02   1.7201E-02   1.3007E+00  0.1961
   1.7201E-02   1.7221E-02   1.1006E+00  0.2132
   1.7221E-02   1.7241E-02   1.9010E+00  0.1622
   1.7241E-02   1.7261E-02   1.6508E+00  0.1741
   1.7261E-02   1.7281E-02   1.5008E+00  0.1826
   1.7281E-02   1.7301E-02   1.0505E+00  0.2182
   1.7301E-02   1.7321E-02   1.5008E+00  0.1826
   1.7321E-02   1.7341E-02   1.3507E+00  0.1924
   1.7341E-02   1.7361E-02   1.2006E+00  0.2041
   1.7361E-02   1.7381E-02   1.1006E+00  0.2132
   1.7381E-02   1.7401E-02   1.2506E+00  0.2000
   1.7401E-02   1.7421E-02   1.4507E+00  0.1857
   1.7421E-02   1.7441E-02   1.0005E+00  0.2236
   1.7441E-02   1.7461E-02   1.9510E+00  0.1601
   1.7461E-02   1.7481E-02   1.1506E+00  0.2085
   1.7481E-02   1.7501E-02   1.1506E+00  0.2085
   1.7501E-02   1.7521E-02   1.1506E+00  0.2085
   1.7521E-02   1.7541E-02   1.2006E+00  0.2041
   1.7541E-02   1.7561E-02   8.5043E-01  0.2425
   1.7561E-02   1.7581E-02   9.5048E-01  0.2294
   1.7581E-02   1.7601E-02   1.2506E+00  0.2000
   1.7601E-02   1.7621E-02   9.5048E-01  0.2294
   1.7621E-02   1.7641E-02   8.5043E-01  0.2425
   1.7641E-02   1.7661E-02   8.5043E-01  0.2425
   1.7661E-02   1.7681E-02   1.4507E+00  0.1857
   1.7681E-02   1.7701E-02   7.0035E-01  0.2673
   1.7701E-02   1.7721E-02   7.5038E-01  0.2582
   1.7721E-02   1.7741E-02   8.0040E-01  0.2500
   1.7741E-02   1.7761E-02   2.5013E-01  0.4472
   1.7761E-02   1.7781E-02   5.5028E-01  0.3015
   1.7781E-02   1.7801E-02   5.0025E-01  0.3162
   1.7801E-02   1.7821E-02   5.5028E-01  0.3015
   1.7821E-02   1.7841E-02   4.5023E-01  0.3333
   1.7841E-02   1.7861E-02   1.0005E-01  0.7071
   1.7861E-02   1.7881E-02   5.5028E-01  0.3015
   1.7881E-02   1.7901E-02   2.5013E-01  0.4472
   1.7901E-02   1.7921E-02   6.5033E-01  0.2773
   1.7921E-02   1.7941E-02   4.0020E-01  0.3536
   1.7941E-02   1.7961E-02   2.5013E-01  0.4472
   1.7961E-02   1.7981E-02   4.0020E-01  0.3536
   1.7981E-02   1.8001E-02   2.0010E-01  0.5000
   1.8001E-02   1.8021E-02   4.0020E-01  0.3536
   1.8021E-02   1.8041E-02   2.0010E-01  0.5000
   1.8041E-02   1.8061E-02   3.0015E-01  0.4082
   1.8061E-02   1.8081E-02   3.5018E-01  0.3780
   1.8081E-02   1.8101E-02   3.0015E-01  0.4082
   1.8101E-02   1.8121E-02   3.5018E-01  0.3780
   1.8121E-02   1.8141E-02   3.0015E-01  0.4082
   1.8141E-02   1.8161E-02   1.0005E-01  0.7071
   1.8161E-02   1.8181E-02   2.5013E-01  0.4472
   1.8181E-02   1.8201E-02   4.5023E-01  0.3333
   1.8201E-02   1.8221E-02   3.5018E-01  0.3780
   1.8221E-02   1.8241E-02   2.5013E-01  0.4472
   1.8241E-02   1.8261E-02   3.5018E-01  0.3780
   1.8261E-02   1.8281E-02   2.5013E-01  0.4472
   1.8281E-02   1.8301E-02   3.5018E-01  0.3780
   1.8301E-02   1.8321E-02   5.0025E-01  0.3162
   1.8321E-02   1.8341E-02   3.5018E-01  0.3780
   1.8341E-02   1.8361E-02   3.5018E-01  0.3780
   1.8361E-02   1.8381E-02   4.0020E-01  0.3536
   1.8381E-02   1.8401E-02   4.5023E-01  0.3333
   1.8401E-02   1.8421E-02   4.5023E-01  0.3333
   1.8421E-02   1.8441E-02   3.5018E-01  0.3780
   1.8441E-02   1.8461E-02   3.0015E-01  0.4082
   1.8461E-02   1.8481E-02   5.0025E-02  1.0000
   1.8481E-02   1.8501E-02   2.0010E-01  0.5000
   1.8501E-02   1.8521E-02   2.0010E-01  0.5000
   1.8521E-02   1.8541E-02   7.5038E-01  0.2582
   1.8541E-02   1.8561E-02   4.0020E-01  0.3536
   1.8561E-02   1.8581E-02   3.5018E-01  0.3780
   1.8581E-02   1.8601E-02   1.5008E-01  0.5773
   1.8601E-02   1.8621E-02   4.0020E-01  0.3536
   1.8621E-02   1.8641E-02   3.5018E-01  0.3780
   1.8641E-02   1.8661E-02   4.0020E-01  0.3536
   1.8661E-02   1.8681E-02   5.5028E-01  0.3015
   1.8681E-02   1.8701E-02   3.0015E-01  0.4082
   1.8701E-02   1.8721E-02   2.5013E-01  0.4472
   1.8721E-02   1.8741E-02   4.5023E-01  0.3333
   1.8741E-02   1.8761E-02   3.0015E-01  0.4082
   1.8761E-02   1.8781E-02   3.5018E-01  0.3780
   1.8781E-02   1.8801E-02   3.0015E-01  0.4082
   1.8801E-02   1.8821E-02   4.5023E-01  0.3333
   1.8821E-02   1.8841E-02   4.0020E-01  0.3536
   1.8841E-02   1.8861E-02   4.5023E-01  0.3333
   1.8861E-02   1.8881E-02   5.5028E-01  0.3015
   1.8881E-02   1.8901E-02   4.0020E-01  0.3536
   1.8901E-02   1.8921E-02   5.5028E-01  0.3015
   1.8921E-02   1.8941E-02   7.5038E-01  0.2582
   1.8941E-02   1.8961E-02   4.5023E-01  0.3333
   1.8961E-02   1.8981E-02   7.0035E-01  0.2673
   1.8981E-02   1.9001E-02   5.5028E-01  0.3015
   1.9001E-02   1.9020E-02   7.5038E-01  0.2582
   1.9020E-02   1.9040E-02   3.5018E-01  0.3780
   1.9040E-02   1.9060E-02   6.0030E-01  0.2887
   1.9060E-02   1.9080E-02   5.0025E-01  0.3162
   1.9080E-02   1.9100E-02   2.0010E-01  0.5000
   1.9100E-02   1.9120E-02   8.5043E-01  0.2425
   1.9120E-02   1.9140E-02   5.5028E-01  0.3015
   1.9140E-02   1.9160E-02   5.0025E-01  0.3162
   1.9160E-02   1.9180E-02   8.5043E-01  0.2425
   1.9180E-02   1.9200E-02   5.0025E-01  0.3162
   1.9200E-02   1.9220E-02   5.5028E-01  0.3015
   1.9220E-02   1.9240E-02   7.0035E-01  0.2673
   1.9240E-02   1.9260E-02   6.5033E-01  0.2773
   1.9260E-02   1.9280E-02   1.0005E+00  0.2236
   1.9280E-02   1.9300E-02   8.5043E-01  0.2425
   1.9300E-02   1.9320E-02   4.0020E-01  0.3536
   1.9320E-02   1.9340E-02   8.0040E-01  0.2500
   1.9340E-02   1.9360E-02   5.5028E-01  0.3015
   1.9360E-02   1.9380E-02   4.5023E-01  0.3333
   1.9380E-02   1.9400E-02   9.0045E-01  0.2357
   1.9400E-02   1.9420E-02   5.0025E-01  0.3162
   1.9420E-02   1.9440E-02   6.5033E-01  0.2773
   1.9440E-02   1.9460E-02   5.0025E-01  0.3162
   1.9460E-02   1.9480E-02   4.5023E-01  0.3333
   1.9480E-02   1.9500E-02   5.0025E-01  0.3162
   1.9500E-02   1.9520E-02   6.5033E-01  0.2773
   1.9520E-02   1.9540E-02   5.5028E-01  0.3015
   1.9540E-02   1.9560E-02   5.0025E-01  0.3162
   1.9560E-02   1.9580E-02   7.0035E-01  0.2673
   1.9580E-02   1.9600E-02   7.0035E-01  0.2673
   1.9600E-02   1.9620E-02   3.0015E-01  0.4082
   1.9620E-02   1.9640E-02   4.0020E-01  0.3536
   1.9640E-02   1.9660E-02   7.0035E-01  0.2673
   1.9660E-02   1.9680E-02   7.5038E-01  0.2582
   1.9680E-02   1.9700E-02   3.5018E-01  0.3780
   1.9700E-02   1.9720E-02   7.0035E-01  0.2673
   1.9720E-02   1.9740E-02   8.0040E-01  0.2500
   1.9740E-02   1.9760E-02   5.0025E-01  0.3162
   1.9760E-02   1.9780E-02   6.5033E-01  0.2773
   1.9780E-02   1.9800E-02   5.5028E-01  0.3015
   1.9800E-02   1.9820E-02   7.0035E-01  0.2673
   1.9820E-02   1.9840E-02   7.0035E-01  0.2673
   1.9840E-02   1.9860E-02   8.0040E-01  0.2500
   1.9860E-02   1.9880E-02   1.0505E+00  0.2182
   1.9880E-02   1.9900E-02   1.3507E+00  0.1924
   1.9900E-02   1.9920E-02   1.5008E+00  0.1826
   1.9920E-02   1.9940E-02   1.2006E+00  0.2041
   1.9940E-02   1.9960E-02   1.2506E+00  0.2000
   1.9960E-02   1.9980E-02   1.6008E+00  0.1768
   1.9980E-02   2.0000E-02   1.4507E+00  0.1857

#   sum over                 7.0075E-01
'no. =    5   reg = 106 - 105'
msuc: {\huge Source n beam}
msdr: {\it plotted by \ANGEL \version}
msdl: {\it calculated by \PHITS  3.28}
wt: s(0.7)
\vspace{-3}
  region surface crossing
  area  &=&   1.0000E+00 [cm^2]
e:
 
# Information for Restart Calculation
# This calculation was newly started
# istdev =  2 # 1:Batch variance, 2:History variance
# resc2  = 1.00000000000000000E+06 # Total source weight or Total source weight / maxcas
# resc3  = 1.00000000000000000E+06 # Total history number or Total batch number
# maxcas =        1000 # History / Batch, only used for istdev=1
# bitrseed = 0101101000001110011101111011110101001001010001111010111000101101 # bit data of rseed
