[ T-Track ]
    title = n beam source with energies between 20 and 120 keV
     mesh =  xyz            # mesh type is xyz scoring mesh
   x-type =    2            # x-mesh is linear given by xmin, xmax and nx
     xmin =  -6.000000      # minimum value of x-mesh points
     xmax =   6.000000      # maximum value of x-mesh points
#    xdel =  6.0000000E-02  # mesh width of x-mesh points
       nx =    200          # number of x-mesh points
#    data = ( x(i), i = 1, nx + 1 )
#          -6.00000E+00 -5.94000E+00 -5.88000E+00 -5.82000E+00 -5.76000E+00
#          -5.70000E+00 -5.64000E+00 -5.58000E+00 -5.52000E+00 -5.46000E+00
#          -5.40000E+00 -5.34000E+00 -5.28000E+00 -5.22000E+00 -5.16000E+00
#          -5.10000E+00 -5.04000E+00 -4.98000E+00 -4.92000E+00 -4.86000E+00
#          -4.80000E+00 -4.74000E+00 -4.68000E+00 -4.62000E+00 -4.56000E+00
#          -4.50000E+00 -4.44000E+00 -4.38000E+00 -4.32000E+00 -4.26000E+00
#          -4.20000E+00 -4.14000E+00 -4.08000E+00 -4.02000E+00 -3.96000E+00
#          -3.90000E+00 -3.84000E+00 -3.78000E+00 -3.72000E+00 -3.66000E+00
#          -3.60000E+00 -3.54000E+00 -3.48000E+00 -3.42000E+00 -3.36000E+00
#          -3.30000E+00 -3.24000E+00 -3.18000E+00 -3.12000E+00 -3.06000E+00
#          -3.00000E+00 -2.94000E+00 -2.88000E+00 -2.82000E+00 -2.76000E+00
#          -2.70000E+00 -2.64000E+00 -2.58000E+00 -2.52000E+00 -2.46000E+00
#          -2.40000E+00 -2.34000E+00 -2.28000E+00 -2.22000E+00 -2.16000E+00
#          -2.10000E+00 -2.04000E+00 -1.98000E+00 -1.92000E+00 -1.86000E+00
#          -1.80000E+00 -1.74000E+00 -1.68000E+00 -1.62000E+00 -1.56000E+00
#          -1.50000E+00 -1.44000E+00 -1.38000E+00 -1.32000E+00 -1.26000E+00
#          -1.20000E+00 -1.14000E+00 -1.08000E+00 -1.02000E+00 -9.60000E-01
#          -9.00000E-01 -8.40000E-01 -7.80000E-01 -7.20000E-01 -6.60000E-01
#          -6.00000E-01 -5.40000E-01 -4.80000E-01 -4.20000E-01 -3.60000E-01
#          -3.00000E-01 -2.40000E-01 -1.80000E-01 -1.20000E-01 -6.00000E-02
#           0.00000E+00  6.00000E-02  1.20000E-01  1.80000E-01  2.40000E-01
#           3.00000E-01  3.60000E-01  4.20000E-01  4.80000E-01  5.40000E-01
#           6.00000E-01  6.60000E-01  7.20000E-01  7.80000E-01  8.40000E-01
#           9.00000E-01  9.60000E-01  1.02000E+00  1.08000E+00  1.14000E+00
#           1.20000E+00  1.26000E+00  1.32000E+00  1.38000E+00  1.44000E+00
#           1.50000E+00  1.56000E+00  1.62000E+00  1.68000E+00  1.74000E+00
#           1.80000E+00  1.86000E+00  1.92000E+00  1.98000E+00  2.04000E+00
#           2.10000E+00  2.16000E+00  2.22000E+00  2.28000E+00  2.34000E+00
#           2.40000E+00  2.46000E+00  2.52000E+00  2.58000E+00  2.64000E+00
#           2.70000E+00  2.76000E+00  2.82000E+00  2.88000E+00  2.94000E+00
#           3.00000E+00  3.06000E+00  3.12000E+00  3.18000E+00  3.24000E+00
#           3.30000E+00  3.36000E+00  3.42000E+00  3.48000E+00  3.54000E+00
#           3.60000E+00  3.66000E+00  3.72000E+00  3.78000E+00  3.84000E+00
#           3.90000E+00  3.96000E+00  4.02000E+00  4.08000E+00  4.14000E+00
#           4.20000E+00  4.26000E+00  4.32000E+00  4.38000E+00  4.44000E+00
#           4.50000E+00  4.56000E+00  4.62000E+00  4.68000E+00  4.74000E+00
#           4.80000E+00  4.86000E+00  4.92000E+00  4.98000E+00  5.04000E+00
#           5.10000E+00  5.16000E+00  5.22000E+00  5.28000E+00  5.34000E+00
#           5.40000E+00  5.46000E+00  5.52000E+00  5.58000E+00  5.64000E+00
#           5.70000E+00  5.76000E+00  5.82000E+00  5.88000E+00  5.94000E+00
#           6.00000E+00
   y-type =    1            # y-mesh is given by the below data
       ny =      1          # number of y-mesh points
#    data = ( y(i), i = 1, ny + 1 )
            0.00000E+00  0.00000E+00
   z-type =    2            # z-mesh is linear given by zmin, zmax and nz
     zmin = -0.5000000      # minimum value of z-mesh points
     zmax =  0.3000000      # maximum value of z-mesh points
#    zdel =  8.0000000E-04  # mesh width of z-mesh points
       nz =   1000          # number of z-mesh points
#    data = ( z(i), i = 1, nz + 1 )
#          -5.00000E-01 -4.99200E-01 -4.98400E-01 -4.97600E-01 -4.96800E-01
#          -4.96000E-01 -4.95200E-01 -4.94400E-01 -4.93600E-01 -4.92800E-01
#          -4.92000E-01 -4.91200E-01 -4.90400E-01 -4.89600E-01 -4.88800E-01
#          -4.88000E-01 -4.87200E-01 -4.86400E-01 -4.85600E-01 -4.84800E-01
#          -4.84000E-01 -4.83200E-01 -4.82400E-01 -4.81600E-01 -4.80800E-01
#          -4.80000E-01 -4.79200E-01 -4.78400E-01 -4.77600E-01 -4.76800E-01
#          -4.76000E-01 -4.75200E-01 -4.74400E-01 -4.73600E-01 -4.72800E-01
#          -4.72000E-01 -4.71200E-01 -4.70400E-01 -4.69600E-01 -4.68800E-01
#          -4.68000E-01 -4.67200E-01 -4.66400E-01 -4.65600E-01 -4.64800E-01
#          -4.64000E-01 -4.63200E-01 -4.62400E-01 -4.61600E-01 -4.60800E-01
#          -4.60000E-01 -4.59200E-01 -4.58400E-01 -4.57600E-01 -4.56800E-01
#          -4.56000E-01 -4.55200E-01 -4.54400E-01 -4.53600E-01 -4.52800E-01
#          -4.52000E-01 -4.51200E-01 -4.50400E-01 -4.49600E-01 -4.48800E-01
#          -4.48000E-01 -4.47200E-01 -4.46400E-01 -4.45600E-01 -4.44800E-01
#          -4.44000E-01 -4.43200E-01 -4.42400E-01 -4.41600E-01 -4.40800E-01
#          -4.40000E-01 -4.39200E-01 -4.38400E-01 -4.37600E-01 -4.36800E-01
#          -4.36000E-01 -4.35200E-01 -4.34400E-01 -4.33600E-01 -4.32800E-01
#          -4.32000E-01 -4.31200E-01 -4.30400E-01 -4.29600E-01 -4.28800E-01
#          -4.28000E-01 -4.27200E-01 -4.26400E-01 -4.25600E-01 -4.24800E-01
#          -4.24000E-01 -4.23200E-01 -4.22400E-01 -4.21600E-01 -4.20800E-01
#          -4.20000E-01 -4.19200E-01 -4.18400E-01 -4.17600E-01 -4.16800E-01
#          -4.16000E-01 -4.15200E-01 -4.14400E-01 -4.13600E-01 -4.12800E-01
#          -4.12000E-01 -4.11200E-01 -4.10400E-01 -4.09600E-01 -4.08800E-01
#          -4.08000E-01 -4.07200E-01 -4.06400E-01 -4.05600E-01 -4.04800E-01
#          -4.04000E-01 -4.03200E-01 -4.02400E-01 -4.01600E-01 -4.00800E-01
#          -4.00000E-01 -3.99200E-01 -3.98400E-01 -3.97600E-01 -3.96800E-01
#          -3.96000E-01 -3.95200E-01 -3.94400E-01 -3.93600E-01 -3.92800E-01
#          -3.92000E-01 -3.91200E-01 -3.90400E-01 -3.89600E-01 -3.88800E-01
#          -3.88000E-01 -3.87200E-01 -3.86400E-01 -3.85600E-01 -3.84800E-01
#          -3.84000E-01 -3.83200E-01 -3.82400E-01 -3.81600E-01 -3.80800E-01
#          -3.80000E-01 -3.79200E-01 -3.78400E-01 -3.77600E-01 -3.76800E-01
#          -3.76000E-01 -3.75200E-01 -3.74400E-01 -3.73600E-01 -3.72800E-01
#          -3.72000E-01 -3.71200E-01 -3.70400E-01 -3.69600E-01 -3.68800E-01
#          -3.68000E-01 -3.67200E-01 -3.66400E-01 -3.65600E-01 -3.64800E-01
#          -3.64000E-01 -3.63200E-01 -3.62400E-01 -3.61600E-01 -3.60800E-01
#          -3.60000E-01 -3.59200E-01 -3.58400E-01 -3.57600E-01 -3.56800E-01
#          -3.56000E-01 -3.55200E-01 -3.54400E-01 -3.53600E-01 -3.52800E-01
#          -3.52000E-01 -3.51200E-01 -3.50400E-01 -3.49600E-01 -3.48800E-01
#          -3.48000E-01 -3.47200E-01 -3.46400E-01 -3.45600E-01 -3.44800E-01
#          -3.44000E-01 -3.43200E-01 -3.42400E-01 -3.41600E-01 -3.40800E-01
#          -3.40000E-01 -3.39200E-01 -3.38400E-01 -3.37600E-01 -3.36800E-01
#          -3.36000E-01 -3.35200E-01 -3.34400E-01 -3.33600E-01 -3.32800E-01
#          -3.32000E-01 -3.31200E-01 -3.30400E-01 -3.29600E-01 -3.28800E-01
#          -3.28000E-01 -3.27200E-01 -3.26400E-01 -3.25600E-01 -3.24800E-01
#          -3.24000E-01 -3.23200E-01 -3.22400E-01 -3.21600E-01 -3.20800E-01
#          -3.20000E-01 -3.19200E-01 -3.18400E-01 -3.17600E-01 -3.16800E-01
#          -3.16000E-01 -3.15200E-01 -3.14400E-01 -3.13600E-01 -3.12800E-01
#          -3.12000E-01 -3.11200E-01 -3.10400E-01 -3.09600E-01 -3.08800E-01
#          -3.08000E-01 -3.07200E-01 -3.06400E-01 -3.05600E-01 -3.04800E-01
#          -3.04000E-01 -3.03200E-01 -3.02400E-01 -3.01600E-01 -3.00800E-01
#          -3.00000E-01 -2.99200E-01 -2.98400E-01 -2.97600E-01 -2.96800E-01
#          -2.96000E-01 -2.95200E-01 -2.94400E-01 -2.93600E-01 -2.92800E-01
#          -2.92000E-01 -2.91200E-01 -2.90400E-01 -2.89600E-01 -2.88800E-01
#          -2.88000E-01 -2.87200E-01 -2.86400E-01 -2.85600E-01 -2.84800E-01
#          -2.84000E-01 -2.83200E-01 -2.82400E-01 -2.81600E-01 -2.80800E-01
#          -2.80000E-01 -2.79200E-01 -2.78400E-01 -2.77600E-01 -2.76800E-01
#          -2.76000E-01 -2.75200E-01 -2.74400E-01 -2.73600E-01 -2.72800E-01
#          -2.72000E-01 -2.71200E-01 -2.70400E-01 -2.69600E-01 -2.68800E-01
#          -2.68000E-01 -2.67200E-01 -2.66400E-01 -2.65600E-01 -2.64800E-01
#          -2.64000E-01 -2.63200E-01 -2.62400E-01 -2.61600E-01 -2.60800E-01
#          -2.60000E-01 -2.59200E-01 -2.58400E-01 -2.57600E-01 -2.56800E-01
#          -2.56000E-01 -2.55200E-01 -2.54400E-01 -2.53600E-01 -2.52800E-01
#          -2.52000E-01 -2.51200E-01 -2.50400E-01 -2.49600E-01 -2.48800E-01
#          -2.48000E-01 -2.47200E-01 -2.46400E-01 -2.45600E-01 -2.44800E-01
#          -2.44000E-01 -2.43200E-01 -2.42400E-01 -2.41600E-01 -2.40800E-01
#          -2.40000E-01 -2.39200E-01 -2.38400E-01 -2.37600E-01 -2.36800E-01
#          -2.36000E-01 -2.35200E-01 -2.34400E-01 -2.33600E-01 -2.32800E-01
#          -2.32000E-01 -2.31200E-01 -2.30400E-01 -2.29600E-01 -2.28800E-01
#          -2.28000E-01 -2.27200E-01 -2.26400E-01 -2.25600E-01 -2.24800E-01
#          -2.24000E-01 -2.23200E-01 -2.22400E-01 -2.21600E-01 -2.20800E-01
#          -2.20000E-01 -2.19200E-01 -2.18400E-01 -2.17600E-01 -2.16800E-01
#          -2.16000E-01 -2.15200E-01 -2.14400E-01 -2.13600E-01 -2.12800E-01
#          -2.12000E-01 -2.11200E-01 -2.10400E-01 -2.09600E-01 -2.08800E-01
#          -2.08000E-01 -2.07200E-01 -2.06400E-01 -2.05600E-01 -2.04800E-01
#          -2.04000E-01 -2.03200E-01 -2.02400E-01 -2.01600E-01 -2.00800E-01
#          -2.00000E-01 -1.99200E-01 -1.98400E-01 -1.97600E-01 -1.96800E-01
#          -1.96000E-01 -1.95200E-01 -1.94400E-01 -1.93600E-01 -1.92800E-01
#          -1.92000E-01 -1.91200E-01 -1.90400E-01 -1.89600E-01 -1.88800E-01
#          -1.88000E-01 -1.87200E-01 -1.86400E-01 -1.85600E-01 -1.84800E-01
#          -1.84000E-01 -1.83200E-01 -1.82400E-01 -1.81600E-01 -1.80800E-01
#          -1.80000E-01 -1.79200E-01 -1.78400E-01 -1.77600E-01 -1.76800E-01
#          -1.76000E-01 -1.75200E-01 -1.74400E-01 -1.73600E-01 -1.72800E-01
#          -1.72000E-01 -1.71200E-01 -1.70400E-01 -1.69600E-01 -1.68800E-01
#          -1.68000E-01 -1.67200E-01 -1.66400E-01 -1.65600E-01 -1.64800E-01
#          -1.64000E-01 -1.63200E-01 -1.62400E-01 -1.61600E-01 -1.60800E-01
#          -1.60000E-01 -1.59200E-01 -1.58400E-01 -1.57600E-01 -1.56800E-01
#          -1.56000E-01 -1.55200E-01 -1.54400E-01 -1.53600E-01 -1.52800E-01
#          -1.52000E-01 -1.51200E-01 -1.50400E-01 -1.49600E-01 -1.48800E-01
#          -1.48000E-01 -1.47200E-01 -1.46400E-01 -1.45600E-01 -1.44800E-01
#          -1.44000E-01 -1.43200E-01 -1.42400E-01 -1.41600E-01 -1.40800E-01
#          -1.40000E-01 -1.39200E-01 -1.38400E-01 -1.37600E-01 -1.36800E-01
#          -1.36000E-01 -1.35200E-01 -1.34400E-01 -1.33600E-01 -1.32800E-01
#          -1.32000E-01 -1.31200E-01 -1.30400E-01 -1.29600E-01 -1.28800E-01
#          -1.28000E-01 -1.27200E-01 -1.26400E-01 -1.25600E-01 -1.24800E-01
#          -1.24000E-01 -1.23200E-01 -1.22400E-01 -1.21600E-01 -1.20800E-01
#          -1.20000E-01 -1.19200E-01 -1.18400E-01 -1.17600E-01 -1.16800E-01
#          -1.16000E-01 -1.15200E-01 -1.14400E-01 -1.13600E-01 -1.12800E-01
#          -1.12000E-01 -1.11200E-01 -1.10400E-01 -1.09600E-01 -1.08800E-01
#          -1.08000E-01 -1.07200E-01 -1.06400E-01 -1.05600E-01 -1.04800E-01
#          -1.04000E-01 -1.03200E-01 -1.02400E-01 -1.01600E-01 -1.00800E-01
#          -1.00000E-01 -9.92000E-02 -9.84000E-02 -9.76000E-02 -9.68000E-02
#          -9.60000E-02 -9.52000E-02 -9.44000E-02 -9.36000E-02 -9.28000E-02
#          -9.20000E-02 -9.12000E-02 -9.04000E-02 -8.96000E-02 -8.88000E-02
#          -8.80000E-02 -8.72000E-02 -8.64000E-02 -8.56000E-02 -8.48000E-02
#          -8.40000E-02 -8.32000E-02 -8.24000E-02 -8.16000E-02 -8.08000E-02
#          -8.00000E-02 -7.92000E-02 -7.84000E-02 -7.76000E-02 -7.68000E-02
#          -7.60000E-02 -7.52000E-02 -7.44000E-02 -7.36000E-02 -7.28000E-02
#          -7.20000E-02 -7.12000E-02 -7.04000E-02 -6.96000E-02 -6.88000E-02
#          -6.80000E-02 -6.72000E-02 -6.64000E-02 -6.56000E-02 -6.48000E-02
#          -6.40000E-02 -6.32000E-02 -6.24000E-02 -6.16000E-02 -6.08000E-02
#          -6.00000E-02 -5.92000E-02 -5.84000E-02 -5.76000E-02 -5.68000E-02
#          -5.60000E-02 -5.52000E-02 -5.44000E-02 -5.36000E-02 -5.28000E-02
#          -5.20000E-02 -5.12000E-02 -5.04000E-02 -4.96000E-02 -4.88000E-02
#          -4.80000E-02 -4.72000E-02 -4.64000E-02 -4.56000E-02 -4.48000E-02
#          -4.40000E-02 -4.32000E-02 -4.24000E-02 -4.16000E-02 -4.08000E-02
#          -4.00000E-02 -3.92000E-02 -3.84000E-02 -3.76000E-02 -3.68000E-02
#          -3.60000E-02 -3.52000E-02 -3.44000E-02 -3.36000E-02 -3.28000E-02
#          -3.20000E-02 -3.12000E-02 -3.04000E-02 -2.96000E-02 -2.88000E-02
#          -2.80000E-02 -2.72000E-02 -2.64000E-02 -2.56000E-02 -2.48000E-02
#          -2.40000E-02 -2.32000E-02 -2.24000E-02 -2.16000E-02 -2.08000E-02
#          -2.00000E-02 -1.92000E-02 -1.84000E-02 -1.76000E-02 -1.68000E-02
#          -1.60000E-02 -1.52000E-02 -1.44000E-02 -1.36000E-02 -1.28000E-02
#          -1.20000E-02 -1.12000E-02 -1.04000E-02 -9.60000E-03 -8.80000E-03
#          -8.00000E-03 -7.20000E-03 -6.40000E-03 -5.60000E-03 -4.80000E-03
#          -4.00000E-03 -3.20000E-03 -2.40000E-03 -1.60000E-03 -8.00000E-04
#           0.00000E+00  8.00000E-04  1.60000E-03  2.40000E-03  3.20000E-03
#           4.00000E-03  4.80000E-03  5.60000E-03  6.40000E-03  7.20000E-03
#           8.00000E-03  8.80000E-03  9.60000E-03  1.04000E-02  1.12000E-02
#           1.20000E-02  1.28000E-02  1.36000E-02  1.44000E-02  1.52000E-02
#           1.60000E-02  1.68000E-02  1.76000E-02  1.84000E-02  1.92000E-02
#           2.00000E-02  2.08000E-02  2.16000E-02  2.24000E-02  2.32000E-02
#           2.40000E-02  2.48000E-02  2.56000E-02  2.64000E-02  2.72000E-02
#           2.80000E-02  2.88000E-02  2.96000E-02  3.04000E-02  3.12000E-02
#           3.20000E-02  3.28000E-02  3.36000E-02  3.44000E-02  3.52000E-02
#           3.60000E-02  3.68000E-02  3.76000E-02  3.84000E-02  3.92000E-02
#           4.00000E-02  4.08000E-02  4.16000E-02  4.24000E-02  4.32000E-02
#           4.40000E-02  4.48000E-02  4.56000E-02  4.64000E-02  4.72000E-02
#           4.80000E-02  4.88000E-02  4.96000E-02  5.04000E-02  5.12000E-02
#           5.20000E-02  5.28000E-02  5.36000E-02  5.44000E-02  5.52000E-02
#           5.60000E-02  5.68000E-02  5.76000E-02  5.84000E-02  5.92000E-02
#           6.00000E-02  6.08000E-02  6.16000E-02  6.24000E-02  6.32000E-02
#           6.40000E-02  6.48000E-02  6.56000E-02  6.64000E-02  6.72000E-02
#           6.80000E-02  6.88000E-02  6.96000E-02  7.04000E-02  7.12000E-02
#           7.20000E-02  7.28000E-02  7.36000E-02  7.44000E-02  7.52000E-02
#           7.60000E-02  7.68000E-02  7.76000E-02  7.84000E-02  7.92000E-02
#           8.00000E-02  8.08000E-02  8.16000E-02  8.24000E-02  8.32000E-02
#           8.40000E-02  8.48000E-02  8.56000E-02  8.64000E-02  8.72000E-02
#           8.80000E-02  8.88000E-02  8.96000E-02  9.04000E-02  9.12000E-02
#           9.20000E-02  9.28000E-02  9.36000E-02  9.44000E-02  9.52000E-02
#           9.60000E-02  9.68000E-02  9.76000E-02  9.84000E-02  9.92000E-02
#           1.00000E-01  1.00800E-01  1.01600E-01  1.02400E-01  1.03200E-01
#           1.04000E-01  1.04800E-01  1.05600E-01  1.06400E-01  1.07200E-01
#           1.08000E-01  1.08800E-01  1.09600E-01  1.10400E-01  1.11200E-01
#           1.12000E-01  1.12800E-01  1.13600E-01  1.14400E-01  1.15200E-01
#           1.16000E-01  1.16800E-01  1.17600E-01  1.18400E-01  1.19200E-01
#           1.20000E-01  1.20800E-01  1.21600E-01  1.22400E-01  1.23200E-01
#           1.24000E-01  1.24800E-01  1.25600E-01  1.26400E-01  1.27200E-01
#           1.28000E-01  1.28800E-01  1.29600E-01  1.30400E-01  1.31200E-01
#           1.32000E-01  1.32800E-01  1.33600E-01  1.34400E-01  1.35200E-01
#           1.36000E-01  1.36800E-01  1.37600E-01  1.38400E-01  1.39200E-01
#           1.40000E-01  1.40800E-01  1.41600E-01  1.42400E-01  1.43200E-01
#           1.44000E-01  1.44800E-01  1.45600E-01  1.46400E-01  1.47200E-01
#           1.48000E-01  1.48800E-01  1.49600E-01  1.50400E-01  1.51200E-01
#           1.52000E-01  1.52800E-01  1.53600E-01  1.54400E-01  1.55200E-01
#           1.56000E-01  1.56800E-01  1.57600E-01  1.58400E-01  1.59200E-01
#           1.60000E-01  1.60800E-01  1.61600E-01  1.62400E-01  1.63200E-01
#           1.64000E-01  1.64800E-01  1.65600E-01  1.66400E-01  1.67200E-01
#           1.68000E-01  1.68800E-01  1.69600E-01  1.70400E-01  1.71200E-01
#           1.72000E-01  1.72800E-01  1.73600E-01  1.74400E-01  1.75200E-01
#           1.76000E-01  1.76800E-01  1.77600E-01  1.78400E-01  1.79200E-01
#           1.80000E-01  1.80800E-01  1.81600E-01  1.82400E-01  1.83200E-01
#           1.84000E-01  1.84800E-01  1.85600E-01  1.86400E-01  1.87200E-01
#           1.88000E-01  1.88800E-01  1.89600E-01  1.90400E-01  1.91200E-01
#           1.92000E-01  1.92800E-01  1.93600E-01  1.94400E-01  1.95200E-01
#           1.96000E-01  1.96800E-01  1.97600E-01  1.98400E-01  1.99200E-01
#           2.00000E-01  2.00800E-01  2.01600E-01  2.02400E-01  2.03200E-01
#           2.04000E-01  2.04800E-01  2.05600E-01  2.06400E-01  2.07200E-01
#           2.08000E-01  2.08800E-01  2.09600E-01  2.10400E-01  2.11200E-01
#           2.12000E-01  2.12800E-01  2.13600E-01  2.14400E-01  2.15200E-01
#           2.16000E-01  2.16800E-01  2.17600E-01  2.18400E-01  2.19200E-01
#           2.20000E-01  2.20800E-01  2.21600E-01  2.22400E-01  2.23200E-01
#           2.24000E-01  2.24800E-01  2.25600E-01  2.26400E-01  2.27200E-01
#           2.28000E-01  2.28800E-01  2.29600E-01  2.30400E-01  2.31200E-01
#           2.32000E-01  2.32800E-01  2.33600E-01  2.34400E-01  2.35200E-01
#           2.36000E-01  2.36800E-01  2.37600E-01  2.38400E-01  2.39200E-01
#           2.40000E-01  2.40800E-01  2.41600E-01  2.42400E-01  2.43200E-01
#           2.44000E-01  2.44800E-01  2.45600E-01  2.46400E-01  2.47200E-01
#           2.48000E-01  2.48800E-01  2.49600E-01  2.50400E-01  2.51200E-01
#           2.52000E-01  2.52800E-01  2.53600E-01  2.54400E-01  2.55200E-01
#           2.56000E-01  2.56800E-01  2.57600E-01  2.58400E-01  2.59200E-01
#           2.60000E-01  2.60800E-01  2.61600E-01  2.62400E-01  2.63200E-01
#           2.64000E-01  2.64800E-01  2.65600E-01  2.66400E-01  2.67200E-01
#           2.68000E-01  2.68800E-01  2.69600E-01  2.70400E-01  2.71200E-01
#           2.72000E-01  2.72800E-01  2.73600E-01  2.74400E-01  2.75200E-01
#           2.76000E-01  2.76800E-01  2.77600E-01  2.78400E-01  2.79200E-01
#           2.80000E-01  2.80800E-01  2.81600E-01  2.82400E-01  2.83200E-01
#           2.84000E-01  2.84800E-01  2.85600E-01  2.86400E-01  2.87200E-01
#           2.88000E-01  2.88800E-01  2.89600E-01  2.90400E-01  2.91200E-01
#           2.92000E-01  2.92800E-01  2.93600E-01  2.94400E-01  2.95200E-01
#           2.96000E-01  2.96800E-01  2.97600E-01  2.98400E-01  2.99200E-01
#           3.00000E-01
   e-type =    1            # e-mesh is given by the below data
       ne =      1          # number of e-mesh points
#    data = ( e(i), i = 1, ne + 1 )
            0.00000E+00  1.00000E+03
   t-type =    2            # t-mesh is linear given by tmin, tmax and nt
     tmin =   0.000000      # minimum value of t-mesh points
     tmax =   1.000000      # maximum value of t-mesh points
#    tdel =   1.000000      # mesh width of t-mesh points
       nt =      1          # number of t-mesh points
#    data = ( t(i), i = 1, nt + 1 )
#           0.00000E+00  1.00000E+00
     unit =    1            # unit is [1/cm^2/source]
 material =  all            # (D=all) number of specific material
  2D-type =    3            # 1:Cont, 2:Clust, 3:Color, 4:xyz, 5:mat, 6:Clust+Cont, 7:Col+Cont
     axis =      xz            # axis of output
     file = geom_xz4.out    # file name of output for the above axis
     part =  all      
# kf/name :  0        
    gshow =    3            # 0: no 1:bnd, 2:bnd+mat, 3:bnd+reg 4:bnd+lat 5:bmp style
    resol =    1            # (D=1) resolution of gshow or rshow
    width = 0.5000000       # (D=0.5) width of lines for gshow or rshow
   epsout =    1            # (D=0) generate eps file by ANGEL
#    used :        main (  %)        temp (  %)       total (  %)
#  memory :        1210 (  0)           0 (  0)        1210 (  0)

#------------------------------------------------------------------------------
#newpage:
#   no. =  1   ie  =  1   iy  =  1   part. = all     
#   e = (   0.0000E+00  -   1.0000E+03  )
#   y = (   0.0000E+00  -   0.0000E+00  )
#  it =  1
#   t = (   0.0000E+00  -   1.0000E+00  )

'no. =  1,  ie =  1,  iy =  1,  it =  1'
msuc: {\huge n beam source with energies between 20 and 120 keV}
msdr: {\it plotted by \ANGEL \version}
msdl: {\it calculated by \PHITS  3.35}

x: z [cm]
y: x [cm]
set: c1[15.000] c2[ 0.232] c5[ 0.800] c6[ 0.329] c7[ 9.333] c8[ 0.000]
p: h2fs form[c1] xfac[c2] afac[c5] scal[c6] xorg[c7] yorg[c8] nosp
p: xmin(-0.5000000    ) xmax( 0.3000000    )
p: ymin( -6.000000    ) ymax(  6.000000    )
#  nx = 200   nz = ***
# ( ( data(z,x), z = 1, nz ), x = nx, 1, -1 )

#------------------------------------------------------------------------------
# gshow
#------------------------------------------------------------------------------

p: legs[c5*0.875]

w:103/ x(  -0.1071491E+00) y(   0.2814815E-04) ix(2) iy(2) s(   0.7000E+00)

h: x ny1,0  y2=[y1](Vacio),ic[-0.9]
 -1.000000E+00 -1.000000E+00

hb:   line clip z   cb(-0.9)
frame:
 -4.9999901E-01 -5.9999720E+00
  3.0000099E-01 -5.9999720E+00
  3.0000099E-01  6.0000280E+00
 -4.9999901E-01  6.0000280E+00
clip:
 -5.00798213E-01 -6.05967334E+00
  2.86500000E-01 -6.05967334E+00
  2.86500000E-01 -6.04995310E+00
  2.86500000E-01 -5.99907633E+00
  2.86500000E-01 -5.98935609E+00
  2.86500000E-01 -5.93847931E+00
  2.86500000E-01 -5.92875907E+00
  2.86500000E-01 -5.87788230E+00
  2.86500000E-01 -5.86816206E+00
  2.86500000E-01 -5.81728528E+00
  2.86500000E-01 -5.80756504E+00
  2.86500000E-01 -5.75668827E+00
  2.86500000E-01 -5.74696803E+00
  2.86500000E-01 -5.69609125E+00
  2.86500000E-01 -5.68637101E+00
  2.86500000E-01 -5.63549424E+00
  2.86500000E-01 -5.62577400E+00
  2.86500000E-01 -5.57489722E+00
  2.86500000E-01 -5.56517698E+00
  2.86500000E-01 -5.51430021E+00
  2.86500000E-01 -5.50457997E+00
  2.86500000E-01 -5.45370320E+00
  2.86500000E-01 -5.44398295E+00
  2.86500000E-01 -5.39310618E+00
  2.86500000E-01 -5.38338594E+00
  2.86500000E-01 -5.33250917E+00
  2.86500000E-01 -5.32278892E+00
  2.86500000E-01 -5.27191215E+00
  2.86500000E-01 -5.26219191E+00
  2.86500000E-01 -5.21131514E+00
  2.86500000E-01 -5.20159489E+00
  2.86500000E-01 -5.15071812E+00
  2.86500000E-01 -5.14099788E+00
  2.86500000E-01 -5.09012111E+00
  2.86500000E-01 -5.08040086E+00
  2.86500000E-01 -5.02952409E+00
  2.86500000E-01 -5.01980385E+00
  2.86500000E-01 -4.96892708E+00
  2.86500000E-01 -4.95920683E+00
  2.86500000E-01 -4.90833006E+00
  2.86500000E-01 -4.89860982E+00
  2.86500000E-01 -4.84773305E+00
  2.86500000E-01 -4.83801280E+00
  2.86500000E-01 -4.78713603E+00
  2.86500000E-01 -4.77741579E+00
  2.86500000E-01 -4.72653902E+00
  2.86500000E-01 -4.71681877E+00
  2.86500000E-01 -4.66594200E+00
  2.86500000E-01 -4.65622176E+00
  2.86500000E-01 -4.60534499E+00
  2.86500000E-01 -4.59562474E+00
  2.86500000E-01 -4.54474797E+00
  2.86500000E-01 -4.53502773E+00
  2.86500000E-01 -4.48415096E+00
  2.86500000E-01 -4.47443071E+00
  2.86500000E-01 -4.42355394E+00
  2.86500000E-01 -4.41383370E+00
  2.86500000E-01 -4.36295693E+00
  2.86500000E-01 -4.35323668E+00
  2.86500000E-01 -4.30235991E+00
  2.86500000E-01 -4.29263967E+00
  2.86500000E-01 -4.24176290E+00
  2.86500000E-01 -4.23204265E+00
  2.86500000E-01 -4.18116588E+00
  2.86500000E-01 -4.17144564E+00
  2.86500000E-01 -4.12056887E+00
  2.86500000E-01 -4.11084862E+00
  2.86500000E-01 -4.05997185E+00
  2.86500000E-01 -4.05025161E+00
  2.86500000E-01 -3.99937484E+00
  2.86500000E-01 -3.98965459E+00
  2.86500000E-01 -3.93877782E+00
  2.86500000E-01 -3.92905758E+00
  2.86500000E-01 -3.87818081E+00
  2.86500000E-01 -3.86846056E+00
  2.86500000E-01 -3.81758379E+00
  2.86500000E-01 -3.80786355E+00
  2.86500000E-01 -3.75698678E+00
  2.86500000E-01 -3.74726653E+00
  2.86500000E-01 -3.69638976E+00
  2.86500000E-01 -3.68666952E+00
  2.86500000E-01 -3.63579275E+00
  2.86500000E-01 -3.62607250E+00
  2.86500000E-01 -3.57519573E+00
  2.86500000E-01 -3.56547549E+00
  2.86500000E-01 -3.51459872E+00
  2.86500000E-01 -3.50487847E+00
  2.86500000E-01 -3.45400170E+00
  2.86500000E-01 -3.44428146E+00
  2.86500000E-01 -3.39340469E+00
  2.86500000E-01 -3.38368444E+00
  2.86500000E-01 -3.33280767E+00
  2.86500000E-01 -3.32308743E+00
  2.86500000E-01 -3.27221066E+00
  2.86500000E-01 -3.26249041E+00
  2.86500000E-01 -3.21161364E+00
  2.86500000E-01 -3.20189340E+00
  2.86500000E-01 -3.15101663E+00
  2.86500000E-01 -3.14129638E+00
  2.86500000E-01 -3.09041961E+00
  2.86500000E-01 -3.08069937E+00
  2.86500000E-01 -3.02982260E+00
  2.86500000E-01 -3.02010235E+00
  2.86500000E-01 -2.96922558E+00
  2.86500000E-01 -2.95950534E+00
  2.86500000E-01 -2.90862857E+00
  2.86500000E-01 -2.89890832E+00
  2.86500000E-01 -2.84803155E+00
  2.86500000E-01 -2.83831131E+00
  2.86500000E-01 -2.78743454E+00
  2.86500000E-01 -2.77771429E+00
  2.86500000E-01 -2.72683752E+00
  2.86500000E-01 -2.71711728E+00
  2.86500000E-01 -2.66624051E+00
  2.86500000E-01 -2.65652026E+00
  2.86500000E-01 -2.60564349E+00
  2.86500000E-01 -2.59592325E+00
  2.86500000E-01 -2.54504648E+00
  2.86500000E-01 -2.53532623E+00
  2.86500000E-01 -2.48444946E+00
  2.86500000E-01 -2.47472922E+00
  2.86500000E-01 -2.42385245E+00
  2.86500000E-01 -2.41413220E+00
  2.86500000E-01 -2.36325543E+00
  2.86500000E-01 -2.35353519E+00
  2.86500000E-01 -2.30265842E+00
  2.86500000E-01 -2.29293817E+00
  2.86500000E-01 -2.24206140E+00
  2.86500000E-01 -2.23234116E+00
  2.86500000E-01 -2.18146439E+00
  2.86500000E-01 -2.17174414E+00
  2.86500000E-01 -2.12086737E+00
  2.86500000E-01 -2.11114713E+00
  2.86500000E-01 -2.06027036E+00
  2.86500000E-01 -2.05055011E+00
  2.86500000E-01 -1.99967334E+00
  2.86500000E-01 -1.98995310E+00
  2.86500000E-01 -1.93907633E+00
  2.86500000E-01 -1.92935609E+00
  2.86500000E-01 -1.87847931E+00
  2.86500000E-01 -1.86875907E+00
  2.86500000E-01 -1.81788230E+00
  2.86500000E-01 -1.80816206E+00
  2.86500000E-01 -1.75728528E+00
  2.86500000E-01 -1.74756504E+00
  2.86500000E-01 -1.69668827E+00
  2.86500000E-01 -1.68696803E+00
  2.86500000E-01 -1.63609125E+00
  2.86500000E-01 -1.62637101E+00
  2.86500000E-01 -1.57549424E+00
  2.86500000E-01 -1.56577400E+00
  2.86500000E-01 -1.51489722E+00
  2.86500000E-01 -1.50517698E+00
  2.86500000E-01 -1.45430021E+00
  2.86500000E-01 -1.44457997E+00
  2.86500000E-01 -1.39370320E+00
  2.86500000E-01 -1.38398295E+00
  2.86500000E-01 -1.33310618E+00
  2.86500000E-01 -1.32338594E+00
  2.86500000E-01 -1.27250917E+00
  2.86500000E-01 -1.26278892E+00
  2.86500000E-01 -1.21191215E+00
  2.86500000E-01 -1.20219191E+00
  2.86500000E-01 -1.15131514E+00
  2.86500000E-01 -1.14159489E+00
  2.86500000E-01 -1.09071812E+00
  2.86500000E-01 -1.08099788E+00
  2.86500000E-01 -1.03012111E+00
  2.86500000E-01 -1.02040086E+00
  2.86500000E-01 -9.69524091E-01
  2.86500000E-01 -9.59803846E-01
  2.86500000E-01 -9.08927076E-01
  2.86500000E-01 -8.99206831E-01
  2.86500000E-01 -8.48330061E-01
  2.86500000E-01 -8.38609816E-01
  2.86500000E-01 -7.87733046E-01
  2.86500000E-01 -7.78012802E-01
  2.86500000E-01 -7.27136031E-01
  2.86500000E-01 -7.17415787E-01
  2.86500000E-01 -6.66539016E-01
  2.86500000E-01 -6.56818772E-01
  2.86500000E-01 -6.05942001E-01
  2.86500000E-01 -5.96221757E-01
  2.86500000E-01 -5.45344986E-01
  2.86500000E-01 -5.35624742E-01
  2.86500000E-01 -4.84747971E-01
  2.86500000E-01 -4.75027727E-01
  2.86500000E-01 -4.24150956E-01
  2.86500000E-01 -4.14430712E-01
  2.86500000E-01 -3.63553941E-01
  2.86500000E-01 -3.53833697E-01
  2.86500000E-01 -3.02956926E-01
  2.86500000E-01 -2.93236682E-01
  2.86500000E-01 -2.42359912E-01
  2.86500000E-01 -2.32639667E-01
  2.86500000E-01 -1.81762897E-01
  2.86500000E-01 -1.72042652E-01
  2.86500000E-01 -1.21165882E-01
  2.86500000E-01 -1.11445637E-01
  2.86500000E-01 -6.05688668E-02
  2.86500000E-01 -5.08486224E-02
  2.86500000E-01  2.81481468E-05
  2.86500000E-01  9.74839252E-03
  2.86500000E-01  6.06251631E-02
  2.86500000E-01  7.03454074E-02
  2.86500000E-01  1.21222178E-01
  2.86500000E-01  1.30942422E-01
  2.86500000E-01  1.81819193E-01
  2.86500000E-01  1.91539437E-01
  2.86500000E-01  2.42416208E-01
  2.86500000E-01  2.52136452E-01
  2.86500000E-01  3.03013223E-01
  2.86500000E-01  3.12733467E-01
  2.86500000E-01  3.63610238E-01
  2.86500000E-01  3.73330482E-01
  2.86500000E-01  4.24207253E-01
  2.86500000E-01  4.33927497E-01
  2.86500000E-01  4.84804268E-01
  2.86500000E-01  4.94524512E-01
  2.86500000E-01  5.45401282E-01
  2.86500000E-01  5.55121527E-01
  2.86500000E-01  6.05998297E-01
  2.86500000E-01  6.15718542E-01
  2.86500000E-01  6.66595312E-01
  2.86500000E-01  6.76315557E-01
  2.86500000E-01  7.27192327E-01
  2.86500000E-01  7.36912572E-01
  2.86500000E-01  7.87789342E-01
  2.86500000E-01  7.97509587E-01
  2.86500000E-01  8.48386357E-01
  2.86500000E-01  8.58106601E-01
  2.86500000E-01  9.08983372E-01
  2.86500000E-01  9.18703616E-01
  2.86500000E-01  9.69580387E-01
  2.86500000E-01  9.79300631E-01
  2.86500000E-01  1.03017740E+00
  2.86500000E-01  1.03989765E+00
  2.86500000E-01  1.09077442E+00
  2.86500000E-01  1.10049466E+00
  2.86500000E-01  1.15137143E+00
  2.86500000E-01  1.16109168E+00
  2.86500000E-01  1.21196845E+00
  2.86500000E-01  1.22168869E+00
  2.86500000E-01  1.27256546E+00
  2.86500000E-01  1.28228571E+00
  2.86500000E-01  1.33316248E+00
  2.86500000E-01  1.34288272E+00
  2.86500000E-01  1.39375949E+00
  2.86500000E-01  1.40347974E+00
  2.86500000E-01  1.45435651E+00
  2.86500000E-01  1.46407675E+00
  2.86500000E-01  1.51495352E+00
  2.86500000E-01  1.52467377E+00
  2.86500000E-01  1.57555054E+00
  2.86500000E-01  1.58527078E+00
  2.86500000E-01  1.63614755E+00
  2.86500000E-01  1.64586780E+00
  2.86500000E-01  1.69674457E+00
  2.86500000E-01  1.70646481E+00
  2.86500000E-01  1.75734158E+00
  2.86500000E-01  1.76706183E+00
  2.86500000E-01  1.81793860E+00
  2.86500000E-01  1.82765884E+00
  2.86500000E-01  1.87853561E+00
  2.86500000E-01  1.88825586E+00
  2.86500000E-01  1.93913263E+00
  2.86500000E-01  1.94885287E+00
  2.86500000E-01  1.99972964E+00
  2.86500000E-01  2.00944989E+00
  2.86500000E-01  2.06032666E+00
  2.86500000E-01  2.07004690E+00
  2.86500000E-01  2.12092367E+00
  2.86500000E-01  2.13064391E+00
  2.86500000E-01  2.18152069E+00
  2.86500000E-01  2.19124093E+00
  2.86500000E-01  2.24211770E+00
  2.86500000E-01  2.25183794E+00
  2.86500000E-01  2.30271472E+00
  2.86500000E-01  2.31243496E+00
  2.86500000E-01  2.36331173E+00
  2.86500000E-01  2.37303197E+00
  2.86500000E-01  2.42390875E+00
  2.86500000E-01  2.43362899E+00
  2.86500000E-01  2.48450576E+00
  2.86500000E-01  2.49422600E+00
  2.86500000E-01  2.54510278E+00
  2.86500000E-01  2.55482302E+00
  2.86500000E-01  2.60569979E+00
  2.86500000E-01  2.61542003E+00
  2.86500000E-01  2.66629680E+00
  2.86500000E-01  2.67601705E+00
  2.86500000E-01  2.72689382E+00
  2.86500000E-01  2.73661406E+00
  2.86500000E-01  2.78749083E+00
  2.86500000E-01  2.79721108E+00
  2.86500000E-01  2.84808785E+00
  2.86500000E-01  2.85780809E+00
  2.86500000E-01  2.90868486E+00
  2.86500000E-01  2.91840511E+00
  2.86500000E-01  2.96928188E+00
  2.86500000E-01  2.97900212E+00
  2.86500000E-01  3.02987889E+00
  2.86500000E-01  3.03959914E+00
  2.86500000E-01  3.09047591E+00
  2.86500000E-01  3.10019615E+00
  2.86500000E-01  3.15107292E+00
  2.86500000E-01  3.16079317E+00
  2.86500000E-01  3.21166994E+00
  2.86500000E-01  3.22139018E+00
  2.86500000E-01  3.27226695E+00
  2.86500000E-01  3.28198720E+00
  2.86500000E-01  3.33286397E+00
  2.86500000E-01  3.34258421E+00
  2.86500000E-01  3.39346098E+00
  2.86500000E-01  3.40318123E+00
  2.86500000E-01  3.45405800E+00
  2.86500000E-01  3.46377824E+00
  2.86500000E-01  3.51465501E+00
  2.86500000E-01  3.52437526E+00
  2.86500000E-01  3.57525203E+00
  2.86500000E-01  3.58497227E+00
  2.86500000E-01  3.63584904E+00
  2.86500000E-01  3.64556929E+00
  2.86500000E-01  3.69644606E+00
  2.86500000E-01  3.70616630E+00
  2.86500000E-01  3.75704307E+00
  2.86500000E-01  3.76676332E+00
  2.86500000E-01  3.81764009E+00
  2.86500000E-01  3.82736033E+00
  2.86500000E-01  3.87823710E+00
  2.86500000E-01  3.88795735E+00
  2.86500000E-01  3.93883412E+00
  2.86500000E-01  3.94855436E+00
  2.86500000E-01  3.99943113E+00
  2.86500000E-01  4.00915138E+00
  2.86500000E-01  4.06002815E+00
  2.86500000E-01  4.06974839E+00
  2.86500000E-01  4.12062516E+00
  2.86500000E-01  4.13034541E+00
  2.86500000E-01  4.18122218E+00
  2.86500000E-01  4.19094242E+00
  2.86500000E-01  4.24181919E+00
  2.86500000E-01  4.25153944E+00
  2.86500000E-01  4.30241621E+00
  2.86500000E-01  4.31213645E+00
  2.86500000E-01  4.36301322E+00
  2.86500000E-01  4.37273347E+00
  2.86500000E-01  4.42361024E+00
  2.86500000E-01  4.43333048E+00
  2.86500000E-01  4.48420725E+00
  2.86500000E-01  4.49392750E+00
  2.86500000E-01  4.54480427E+00
  2.86500000E-01  4.55452451E+00
  2.86500000E-01  4.60540128E+00
  2.86500000E-01  4.61512153E+00
  2.86500000E-01  4.66599830E+00
  2.86500000E-01  4.67571854E+00
  2.86500000E-01  4.72659531E+00
  2.86500000E-01  4.73631556E+00
  2.86500000E-01  4.78719233E+00
  2.86500000E-01  4.79691257E+00
  2.86500000E-01  4.84778934E+00
  2.86500000E-01  4.85750959E+00
  2.86500000E-01  4.90838636E+00
  2.86500000E-01  4.91810660E+00
  2.86500000E-01  4.96898337E+00
  2.86500000E-01  4.97870362E+00
  2.86500000E-01  5.02958039E+00
  2.86500000E-01  5.03930063E+00
  2.86500000E-01  5.09017740E+00
  2.86500000E-01  5.09989765E+00
  2.86500000E-01  5.15077442E+00
  2.86500000E-01  5.16049466E+00
  2.86500000E-01  5.21137143E+00
  2.86500000E-01  5.22109168E+00
  2.86500000E-01  5.27196845E+00
  2.86500000E-01  5.28168869E+00
  2.86500000E-01  5.33256546E+00
  2.86500000E-01  5.34228571E+00
  2.86500000E-01  5.39316248E+00
  2.86500000E-01  5.40288272E+00
  2.86500000E-01  5.45375949E+00
  2.86500000E-01  5.46347974E+00
  2.86500000E-01  5.51435651E+00
  2.86500000E-01  5.52407675E+00
  2.86500000E-01  5.57495352E+00
  2.86500000E-01  5.58467377E+00
  2.86500000E-01  5.63555054E+00
  2.86500000E-01  5.64527078E+00
  2.86500000E-01  5.69614755E+00
  2.86500000E-01  5.70586780E+00
  2.86500000E-01  5.75674457E+00
  2.86500000E-01  5.76646481E+00
  2.86500000E-01  5.81734158E+00
  2.86500000E-01  5.82706183E+00
  2.86500000E-01  5.87793860E+00
  2.86500000E-01  5.88765884E+00
  2.86500000E-01  5.93853561E+00
  2.86500000E-01  5.94825586E+00
  2.86500000E-01  5.99913263E+00
  2.86500000E-01  6.00885287E+00
  2.86500000E-01  6.05972964E+00
  2.86371417E-01  6.05972964E+00
  2.85569819E-01  6.05972964E+00
  2.84768220E-01  6.05972964E+00
  2.83966622E-01  6.05972964E+00
  2.83165024E-01  6.05972964E+00
  2.82363425E-01  6.05972964E+00
  2.81561827E-01  6.05972964E+00
  2.80760228E-01  6.05972964E+00
  2.79958630E-01  6.05972964E+00
  2.79157032E-01  6.05972964E+00
  2.78355433E-01  6.05972964E+00
  2.77553835E-01  6.05972964E+00
  2.76752236E-01  6.05972964E+00
  2.75950638E-01  6.05972964E+00
  2.75149040E-01  6.05972964E+00
  2.74347441E-01  6.05972964E+00
  2.73545843E-01  6.05972964E+00
  2.72744244E-01  6.05972964E+00
  2.71942646E-01  6.05972964E+00
  2.71141048E-01  6.05972964E+00
  2.70339449E-01  6.05972964E+00
  2.69537851E-01  6.05972964E+00
  2.68736252E-01  6.05972964E+00
  2.67934654E-01  6.05972964E+00
  2.67133056E-01  6.05972964E+00
  2.66331457E-01  6.05972964E+00
  2.65529859E-01  6.05972964E+00
  2.64728260E-01  6.05972964E+00
  2.63926662E-01  6.05972964E+00
  2.63125064E-01  6.05972964E+00
  2.62323465E-01  6.05972964E+00
  2.61521867E-01  6.05972964E+00
  2.60720268E-01  6.05972964E+00
  2.59918670E-01  6.05972964E+00
  2.59117072E-01  6.05972964E+00
  2.58315473E-01  6.05972964E+00
  2.57513875E-01  6.05972964E+00
  2.56712276E-01  6.05972964E+00
  2.55910678E-01  6.05972964E+00
  2.55109080E-01  6.05972964E+00
  2.54307481E-01  6.05972964E+00
  2.53505883E-01  6.05972964E+00
  2.52704284E-01  6.05972964E+00
  2.51902686E-01  6.05972964E+00
  2.51101088E-01  6.05972964E+00
  2.50299489E-01  6.05972964E+00
  2.49497891E-01  6.05972964E+00
  2.48696292E-01  6.05972964E+00
  2.47894694E-01  6.05972964E+00
  2.47093096E-01  6.05972964E+00
  2.46291497E-01  6.05972964E+00
  2.45489899E-01  6.05972964E+00
  2.44688300E-01  6.05972964E+00
  2.43886702E-01  6.05972964E+00
  2.43085104E-01  6.05972964E+00
  2.42283505E-01  6.05972964E+00
  2.41481907E-01  6.05972964E+00
  2.40680308E-01  6.05972964E+00
  2.39878710E-01  6.05972964E+00
  2.39077112E-01  6.05972964E+00
  2.38275513E-01  6.05972964E+00
  2.37473915E-01  6.05972964E+00
  2.36672316E-01  6.05972964E+00
  2.35870718E-01  6.05972964E+00
  2.35069120E-01  6.05972964E+00
  2.34267521E-01  6.05972964E+00
  2.33465923E-01  6.05972964E+00
  2.32664324E-01  6.05972964E+00
  2.31862726E-01  6.05972964E+00
  2.31061128E-01  6.05972964E+00
  2.30259529E-01  6.05972964E+00
  2.29457931E-01  6.05972964E+00
  2.28656332E-01  6.05972964E+00
  2.27854734E-01  6.05972964E+00
  2.27053136E-01  6.05972964E+00
  2.26251537E-01  6.05972964E+00
  2.25449939E-01  6.05972964E+00
  2.24648340E-01  6.05972964E+00
  2.23846742E-01  6.05972964E+00
  2.23045143E-01  6.05972964E+00
  2.22243545E-01  6.05972964E+00
  2.21441947E-01  6.05972964E+00
  2.20640348E-01  6.05972964E+00
  2.19838750E-01  6.05972964E+00
  2.19037151E-01  6.05972964E+00
  2.18235553E-01  6.05972964E+00
  2.17433955E-01  6.05972964E+00
  2.16632356E-01  6.05972964E+00
  2.15830758E-01  6.05972964E+00
  2.15029159E-01  6.05972964E+00
  2.14227561E-01  6.05972964E+00
  2.13425963E-01  6.05972964E+00
  2.12624364E-01  6.05972964E+00
  2.11822766E-01  6.05972964E+00
  2.11021167E-01  6.05972964E+00
  2.10219569E-01  6.05972964E+00
  2.09417971E-01  6.05972964E+00
  2.08616372E-01  6.05972964E+00
  2.07814774E-01  6.05972964E+00
  2.07013175E-01  6.05972964E+00
  2.06211577E-01  6.05972964E+00
  2.05409979E-01  6.05972964E+00
  2.04608380E-01  6.05972964E+00
  2.03806782E-01  6.05972964E+00
  2.03005183E-01  6.05972964E+00
  2.02203585E-01  6.05972964E+00
  2.01401987E-01  6.05972964E+00
  2.00600388E-01  6.05972964E+00
  1.99798790E-01  6.05972964E+00
  1.98997191E-01  6.05972964E+00
  1.98195593E-01  6.05972964E+00
  1.97393995E-01  6.05972964E+00
  1.96592396E-01  6.05972964E+00
  1.95790798E-01  6.05972964E+00
  1.94989199E-01  6.05972964E+00
  1.94187601E-01  6.05972964E+00
  1.93386003E-01  6.05972964E+00
  1.92584404E-01  6.05972964E+00
  1.91782806E-01  6.05972964E+00
  1.90981207E-01  6.05972964E+00
  1.90179609E-01  6.05972964E+00
  1.89378011E-01  6.05972964E+00
  1.88576412E-01  6.05972964E+00
  1.87774814E-01  6.05972964E+00
  1.86973215E-01  6.05972964E+00
  1.86171617E-01  6.05972964E+00
  1.85370019E-01  6.05972964E+00
  1.84568420E-01  6.05972964E+00
  1.83766822E-01  6.05972964E+00
  1.82965223E-01  6.05972964E+00
  1.82163625E-01  6.05972964E+00
  1.81362027E-01  6.05972964E+00
  1.80560428E-01  6.05972964E+00
  1.79758830E-01  6.05972964E+00
  1.78957231E-01  6.05972964E+00
  1.78155633E-01  6.05972964E+00
  1.77354035E-01  6.05972964E+00
  1.76552436E-01  6.05972964E+00
  1.75750838E-01  6.05972964E+00
  1.74949239E-01  6.05972964E+00
  1.74147641E-01  6.05972964E+00
  1.73346043E-01  6.05972964E+00
  1.72544444E-01  6.05972964E+00
  1.71742846E-01  6.05972964E+00
  1.70941247E-01  6.05972964E+00
  1.70139649E-01  6.05972964E+00
  1.69338051E-01  6.05972964E+00
  1.68536452E-01  6.05972964E+00
  1.67734854E-01  6.05972964E+00
  1.66933255E-01  6.05972964E+00
  1.66131657E-01  6.05972964E+00
  1.65330059E-01  6.05972964E+00
  1.64528460E-01  6.05972964E+00
  1.63726862E-01  6.05972964E+00
  1.62925263E-01  6.05972964E+00
  1.62123665E-01  6.05972964E+00
  1.61322067E-01  6.05972964E+00
  1.60520468E-01  6.05972964E+00
  1.59718870E-01  6.05972964E+00
  1.58917271E-01  6.05972964E+00
  1.58115673E-01  6.05972964E+00
  1.57314075E-01  6.05972964E+00
  1.56512476E-01  6.05972964E+00
  1.55710878E-01  6.05972964E+00
  1.54909279E-01  6.05972964E+00
  1.54107681E-01  6.05972964E+00
  1.53306083E-01  6.05972964E+00
  1.52504484E-01  6.05972964E+00
  1.51702886E-01  6.05972964E+00
  1.50901287E-01  6.05972964E+00
  1.50099689E-01  6.05972964E+00
  1.49298091E-01  6.05972964E+00
  1.48496492E-01  6.05972964E+00
  1.47694894E-01  6.05972964E+00
  1.46893295E-01  6.05972964E+00
  1.46091697E-01  6.05972964E+00
  1.45290099E-01  6.05972964E+00
  1.44488500E-01  6.05972964E+00
  1.43686902E-01  6.05972964E+00
  1.42885303E-01  6.05972964E+00
  1.42083705E-01  6.05972964E+00
  1.41282107E-01  6.05972964E+00
  1.40480508E-01  6.05972964E+00
  1.39678910E-01  6.05972964E+00
  1.38877311E-01  6.05972964E+00
  1.38075713E-01  6.05972964E+00
  1.37274115E-01  6.05972964E+00
  1.36472516E-01  6.05972964E+00
  1.35670918E-01  6.05972964E+00
  1.34869319E-01  6.05972964E+00
  1.34067721E-01  6.05972964E+00
  1.33266123E-01  6.05972964E+00
  1.32464524E-01  6.05972964E+00
  1.31662926E-01  6.05972964E+00
  1.30861327E-01  6.05972964E+00
  1.30059729E-01  6.05972964E+00
  1.29258131E-01  6.05972964E+00
  1.28456532E-01  6.05972964E+00
  1.27654934E-01  6.05972964E+00
  1.26853335E-01  6.05972964E+00
  1.26051737E-01  6.05972964E+00
  1.25250139E-01  6.05972964E+00
  1.24448540E-01  6.05972964E+00
  1.23646942E-01  6.05972964E+00
  1.22845343E-01  6.05972964E+00
  1.22043745E-01  6.05972964E+00
  1.21242146E-01  6.05972964E+00
  1.20440548E-01  6.05972964E+00
  1.19638950E-01  6.05972964E+00
  1.18837351E-01  6.05972964E+00
  1.18035753E-01  6.05972964E+00
  1.17234154E-01  6.05972964E+00
  1.16432556E-01  6.05972964E+00
  1.15630958E-01  6.05972964E+00
  1.14829359E-01  6.05972964E+00
  1.14027761E-01  6.05972964E+00
  1.13226162E-01  6.05972964E+00
  1.12424564E-01  6.05972964E+00
  1.11622966E-01  6.05972964E+00
  1.10821367E-01  6.05972964E+00
  1.10019769E-01  6.05972964E+00
  1.09218170E-01  6.05972964E+00
  1.08416572E-01  6.05972964E+00
  1.07614974E-01  6.05972964E+00
  1.06813375E-01  6.05972964E+00
  1.06011777E-01  6.05972964E+00
  1.05210178E-01  6.05972964E+00
  1.04408580E-01  6.05972964E+00
  1.03606982E-01  6.05972964E+00
  1.02805383E-01  6.05972964E+00
  1.02003785E-01  6.05972964E+00
  1.01202186E-01  6.05972964E+00
  1.00400588E-01  6.05972964E+00
  9.95989897E-02  6.05972964E+00
  9.87973913E-02  6.05972964E+00
  9.79957928E-02  6.05972964E+00
  9.71941944E-02  6.05972964E+00
  9.63925960E-02  6.05972964E+00
  9.55909976E-02  6.05972964E+00
  9.47893992E-02  6.05972964E+00
  9.39878008E-02  6.05972964E+00
  9.31862024E-02  6.05972964E+00
  9.23846040E-02  6.05972964E+00
  9.15830056E-02  6.05972964E+00
  9.07814072E-02  6.05972964E+00
  8.99798088E-02  6.05972964E+00
  8.91782104E-02  6.05972964E+00
  8.83766120E-02  6.05972964E+00
  8.75750136E-02  6.05972964E+00
  8.67734152E-02  6.05972964E+00
  8.59718168E-02  6.05972964E+00
  8.51702184E-02  6.05972964E+00
  8.43686200E-02  6.05972964E+00
  8.35670216E-02  6.05972964E+00
  8.27654232E-02  6.05972964E+00
  8.19638248E-02  6.05972964E+00
  8.11622264E-02  6.05972964E+00
  8.03606280E-02  6.05972964E+00
  7.95590296E-02  6.05972964E+00
  7.87574312E-02  6.05972964E+00
  7.79558328E-02  6.05972964E+00
  7.71542344E-02  6.05972964E+00
  7.63526360E-02  6.05972964E+00
  7.55510376E-02  6.05972964E+00
  7.47494392E-02  6.05972964E+00
  7.39478408E-02  6.05972964E+00
  7.31462424E-02  6.05972964E+00
  7.23446440E-02  6.05972964E+00
  7.15430456E-02  6.05972964E+00
  7.07414472E-02  6.05972964E+00
  6.99398488E-02  6.05972964E+00
  6.91382504E-02  6.05972964E+00
  6.83366520E-02  6.05972964E+00
  6.75350536E-02  6.05972964E+00
  6.67334552E-02  6.05972964E+00
  6.59318568E-02  6.05972964E+00
  6.51302584E-02  6.05972964E+00
  6.43286600E-02  6.05972964E+00
  6.35270616E-02  6.05972964E+00
  6.27254632E-02  6.05972964E+00
  6.19238648E-02  6.05972964E+00
  6.11222664E-02  6.05972964E+00
  6.03206680E-02  6.05972964E+00
  5.95190696E-02  6.05972964E+00
  5.87174712E-02  6.05972964E+00
  5.79158728E-02  6.05972964E+00
  5.71142744E-02  6.05972964E+00
  5.63126760E-02  6.05972964E+00
  5.55110776E-02  6.05972964E+00
  5.47094792E-02  6.05972964E+00
  5.39078808E-02  6.05972964E+00
  5.31062824E-02  6.05972964E+00
  5.23046840E-02  6.05972964E+00
  5.15030856E-02  6.05972964E+00
  5.07014872E-02  6.05972964E+00
  4.98998888E-02  6.05972964E+00
  4.90982904E-02  6.05972964E+00
  4.82966919E-02  6.05972964E+00
  4.74950935E-02  6.05972964E+00
  4.66934951E-02  6.05972964E+00
  4.58918967E-02  6.05972964E+00
  4.50902983E-02  6.05972964E+00
  4.42886999E-02  6.05972964E+00
  4.34871015E-02  6.05972964E+00
  4.26855031E-02  6.05972964E+00
  4.18839047E-02  6.05972964E+00
  4.10823063E-02  6.05972964E+00
  4.02807079E-02  6.05972964E+00
  3.94791095E-02  6.05972964E+00
  3.86775111E-02  6.05972964E+00
  3.78759127E-02  6.05972964E+00
  3.70743143E-02  6.05972964E+00
  3.62727159E-02  6.05972964E+00
  3.54711175E-02  6.05972964E+00
  3.46695191E-02  6.05972964E+00
  3.38679207E-02  6.05972964E+00
  3.30663223E-02  6.05972964E+00
  3.22647239E-02  6.05972964E+00
  3.14631255E-02  6.05972964E+00
  3.06615271E-02  6.05972964E+00
  2.98599287E-02  6.05972964E+00
  2.90583303E-02  6.05972964E+00
  2.82567319E-02  6.05972964E+00
  2.74551335E-02  6.05972964E+00
  2.66535351E-02  6.05972964E+00
  2.58519367E-02  6.05972964E+00
  2.50503383E-02  6.05972964E+00
  2.42487399E-02  6.05972964E+00
  2.34471415E-02  6.05972964E+00
  2.26455431E-02  6.05972964E+00
  2.18439447E-02  6.05972964E+00
  2.10423463E-02  6.05972964E+00
  2.02407479E-02  6.05972964E+00
  1.94391495E-02  6.05972964E+00
  1.86375511E-02  6.05972964E+00
  1.78359527E-02  6.05972964E+00
  1.70343543E-02  6.05972964E+00
  1.62327559E-02  6.05972964E+00
  1.54311575E-02  6.05972964E+00
  1.46295591E-02  6.05972964E+00
  1.38279607E-02  6.05972964E+00
  1.30263623E-02  6.05972964E+00
  1.22247639E-02  6.05972964E+00
  1.14231655E-02  6.05972964E+00
  1.06215671E-02  6.05972964E+00
  9.81996867E-03  6.05972964E+00
  9.01837027E-03  6.05972964E+00
  8.21677187E-03  6.05972964E+00
  7.41517347E-03  6.05972964E+00
  6.61357507E-03  6.05972964E+00
  5.81197667E-03  6.05972964E+00
  5.01037826E-03  6.05972964E+00
  4.20877986E-03  6.05972964E+00
  3.40718146E-03  6.05972964E+00
  2.60558306E-03  6.05972964E+00
  1.80398466E-03  6.05972964E+00
  1.00238626E-03  6.05972964E+00
  2.00787854E-04  6.05972964E+00
 -6.00810548E-04  6.05972964E+00
 -1.40240895E-03  6.05972964E+00
 -2.20400735E-03  6.05972964E+00
 -3.00560575E-03  6.05972964E+00
 -3.80720415E-03  6.05972964E+00
 -4.60880256E-03  6.05972964E+00
 -5.41040096E-03  6.05972964E+00
 -6.21199936E-03  6.05972964E+00
 -7.01359776E-03  6.05972964E+00
 -7.81519616E-03  6.05972964E+00
 -8.61679456E-03  6.05972964E+00
 -9.41839297E-03  6.05972964E+00
 -1.02199914E-02  6.05972964E+00
 -1.10215898E-02  6.05972964E+00
 -1.18231882E-02  6.05972964E+00
 -1.26247866E-02  6.05972964E+00
 -1.34263850E-02  6.05972964E+00
 -1.42279834E-02  6.05972964E+00
 -1.50295818E-02  6.05972964E+00
 -1.58311802E-02  6.05972964E+00
 -1.66327786E-02  6.05972964E+00
 -1.74343770E-02  6.05972964E+00
 -1.82359754E-02  6.05972964E+00
 -1.90375738E-02  6.05972964E+00
 -1.98391722E-02  6.05972964E+00
 -2.06407706E-02  6.05972964E+00
 -2.14423690E-02  6.05972964E+00
 -2.22439674E-02  6.05972964E+00
 -2.30455658E-02  6.05972964E+00
 -2.38471642E-02  6.05972964E+00
 -2.46487626E-02  6.05972964E+00
 -2.54503610E-02  6.05972964E+00
 -2.62519594E-02  6.05972964E+00
 -2.70535578E-02  6.05972964E+00
 -2.78551562E-02  6.05972964E+00
 -2.86567546E-02  6.05972964E+00
 -2.94583530E-02  6.05972964E+00
 -3.02599514E-02  6.05972964E+00
 -3.10615498E-02  6.05972964E+00
 -3.18631482E-02  6.05972964E+00
 -3.26647466E-02  6.05972964E+00
 -3.34663450E-02  6.05972964E+00
 -3.42679434E-02  6.05972964E+00
 -3.50695418E-02  6.05972964E+00
 -3.58711402E-02  6.05972964E+00
 -3.66727386E-02  6.05972964E+00
 -3.74743370E-02  6.05972964E+00
 -3.82759354E-02  6.05972964E+00
 -3.90775338E-02  6.05972964E+00
 -3.98791322E-02  6.05972964E+00
 -4.06807306E-02  6.05972964E+00
 -4.14823290E-02  6.05972964E+00
 -4.22839274E-02  6.05972964E+00
 -4.30855258E-02  6.05972964E+00
 -4.38871242E-02  6.05972964E+00
 -4.46887226E-02  6.05972964E+00
 -4.54903210E-02  6.05972964E+00
 -4.62919194E-02  6.05972964E+00
 -4.70935178E-02  6.05972964E+00
 -4.78951162E-02  6.05972964E+00
 -4.86967146E-02  6.05972964E+00
 -4.94983130E-02  6.05972964E+00
 -5.02999114E-02  6.05972964E+00
 -5.11015098E-02  6.05972964E+00
 -5.19031082E-02  6.05972964E+00
 -5.27047067E-02  6.05972964E+00
 -5.35063051E-02  6.05972964E+00
 -5.43079035E-02  6.05972964E+00
 -5.51095019E-02  6.05972964E+00
 -5.59111003E-02  6.05972964E+00
 -5.67126987E-02  6.05972964E+00
 -5.75142971E-02  6.05972964E+00
 -5.83158955E-02  6.05972964E+00
 -5.91174939E-02  6.05972964E+00
 -5.99190923E-02  6.05972964E+00
 -6.07206907E-02  6.05972964E+00
 -6.15222891E-02  6.05972964E+00
 -6.23238875E-02  6.05972964E+00
 -6.31254859E-02  6.05972964E+00
 -6.39270843E-02  6.05972964E+00
 -6.47286827E-02  6.05972964E+00
 -6.55302811E-02  6.05972964E+00
 -6.63318795E-02  6.05972964E+00
 -6.71334779E-02  6.05972964E+00
 -6.79350763E-02  6.05972964E+00
 -6.87366747E-02  6.05972964E+00
 -6.95382731E-02  6.05972964E+00
 -7.03398715E-02  6.05972964E+00
 -7.11414699E-02  6.05972964E+00
 -7.19430683E-02  6.05972964E+00
 -7.27446667E-02  6.05972964E+00
 -7.35462651E-02  6.05972964E+00
 -7.43478635E-02  6.05972964E+00
 -7.51494619E-02  6.05972964E+00
 -7.59510603E-02  6.05972964E+00
 -7.67526587E-02  6.05972964E+00
 -7.75542571E-02  6.05972964E+00
 -7.83558555E-02  6.05972964E+00
 -7.91574539E-02  6.05972964E+00
 -7.99590523E-02  6.05972964E+00
 -8.07606507E-02  6.05972964E+00
 -8.15622491E-02  6.05972964E+00
 -8.23638475E-02  6.05972964E+00
 -8.31654459E-02  6.05972964E+00
 -8.39670443E-02  6.05972964E+00
 -8.47686427E-02  6.05972964E+00
 -8.55702411E-02  6.05972964E+00
 -8.63718395E-02  6.05972964E+00
 -8.71734379E-02  6.05972964E+00
 -8.79750363E-02  6.05972964E+00
 -8.87766347E-02  6.05972964E+00
 -8.95782331E-02  6.05972964E+00
 -9.03798315E-02  6.05972964E+00
 -9.11814299E-02  6.05972964E+00
 -9.19830283E-02  6.05972964E+00
 -9.27846267E-02  6.05972964E+00
 -9.35862251E-02  6.05972964E+00
 -9.43878235E-02  6.05972964E+00
 -9.51894219E-02  6.05972964E+00
 -9.59910203E-02  6.05972964E+00
 -9.67926187E-02  6.05972964E+00
 -9.75942171E-02  6.05972964E+00
 -9.83958155E-02  6.05972964E+00
 -9.91974139E-02  6.05972964E+00
 -9.99990123E-02  6.05972964E+00
 -1.00800611E-01  6.05972964E+00
 -1.01602209E-01  6.05972964E+00
 -1.02403808E-01  6.05972964E+00
 -1.03205406E-01  6.05972964E+00
 -1.04007004E-01  6.05972964E+00
 -1.04808603E-01  6.05972964E+00
 -1.05610201E-01  6.05972964E+00
 -1.06411800E-01  6.05972964E+00
 -1.07213398E-01  6.05972964E+00
 -1.08014996E-01  6.05972964E+00
 -1.08816595E-01  6.05972964E+00
 -1.09618193E-01  6.05972964E+00
 -1.10419792E-01  6.05972964E+00
 -1.11221390E-01  6.05972964E+00
 -1.12022988E-01  6.05972964E+00
 -1.12824587E-01  6.05972964E+00
 -1.13626185E-01  6.05972964E+00
 -1.14427784E-01  6.05972964E+00
 -1.15229382E-01  6.05972964E+00
 -1.16030980E-01  6.05972964E+00
 -1.16832579E-01  6.05972964E+00
 -1.17634177E-01  6.05972964E+00
 -1.18435776E-01  6.05972964E+00
 -1.19237374E-01  6.05972964E+00
 -1.20038972E-01  6.05972964E+00
 -1.20840571E-01  6.05972964E+00
 -1.21642169E-01  6.05972964E+00
 -1.22443768E-01  6.05972964E+00
 -1.23245366E-01  6.05972964E+00
 -1.24046964E-01  6.05972964E+00
 -1.24848563E-01  6.05972964E+00
 -1.25650161E-01  6.05972964E+00
 -1.26451760E-01  6.05972964E+00
 -1.27253358E-01  6.05972964E+00
 -1.28054956E-01  6.05972964E+00
 -1.28856555E-01  6.05972964E+00
 -1.29658153E-01  6.05972964E+00
 -1.30459752E-01  6.05972964E+00
 -1.31261350E-01  6.05972964E+00
 -1.32062948E-01  6.05972964E+00
 -1.32864547E-01  6.05972964E+00
 -1.33666145E-01  6.05972964E+00
 -1.34467744E-01  6.05972964E+00
 -1.35269342E-01  6.05972964E+00
 -1.36070940E-01  6.05972964E+00
 -1.36872539E-01  6.05972964E+00
 -1.37674137E-01  6.05972964E+00
 -1.38475736E-01  6.05972964E+00
 -1.39277334E-01  6.05972964E+00
 -1.40078932E-01  6.05972964E+00
 -1.40880531E-01  6.05972964E+00
 -1.41682129E-01  6.05972964E+00
 -1.42483728E-01  6.05972964E+00
 -1.43285326E-01  6.05972964E+00
 -1.44086924E-01  6.05972964E+00
 -1.44888523E-01  6.05972964E+00
 -1.45690121E-01  6.05972964E+00
 -1.46491720E-01  6.05972964E+00
 -1.47293318E-01  6.05972964E+00
 -1.48094916E-01  6.05972964E+00
 -1.48896515E-01  6.05972964E+00
 -1.49698113E-01  6.05972964E+00
 -1.50499712E-01  6.05972964E+00
 -1.51301310E-01  6.05972964E+00
 -1.52102908E-01  6.05972964E+00
 -1.52904507E-01  6.05972964E+00
 -1.53706105E-01  6.05972964E+00
 -1.54507704E-01  6.05972964E+00
 -1.55309302E-01  6.05972964E+00
 -1.56110900E-01  6.05972964E+00
 -1.56912499E-01  6.05972964E+00
 -1.57714097E-01  6.05972964E+00
 -1.58515696E-01  6.05972964E+00
 -1.59317294E-01  6.05972964E+00
 -1.60118892E-01  6.05972964E+00
 -1.60920491E-01  6.05972964E+00
 -1.61722089E-01  6.05972964E+00
 -1.62523688E-01  6.05972964E+00
 -1.63325286E-01  6.05972964E+00
 -1.64126884E-01  6.05972964E+00
 -1.64928483E-01  6.05972964E+00
 -1.65730081E-01  6.05972964E+00
 -1.66531680E-01  6.05972964E+00
 -1.67333278E-01  6.05972964E+00
 -1.68134876E-01  6.05972964E+00
 -1.68936475E-01  6.05972964E+00
 -1.69738073E-01  6.05972964E+00
 -1.70539672E-01  6.05972964E+00
 -1.71341270E-01  6.05972964E+00
 -1.72142868E-01  6.05972964E+00
 -1.72944467E-01  6.05972964E+00
 -1.73746065E-01  6.05972964E+00
 -1.74547664E-01  6.05972964E+00
 -1.75349262E-01  6.05972964E+00
 -1.76150860E-01  6.05972964E+00
 -1.76952459E-01  6.05972964E+00
 -1.77754057E-01  6.05972964E+00
 -1.78555656E-01  6.05972964E+00
 -1.79357254E-01  6.05972964E+00
 -1.80158853E-01  6.05972964E+00
 -1.80960451E-01  6.05972964E+00
 -1.81762049E-01  6.05972964E+00
 -1.82563648E-01  6.05972964E+00
 -1.83365246E-01  6.05972964E+00
 -1.84166845E-01  6.05972964E+00
 -1.84968443E-01  6.05972964E+00
 -1.85770041E-01  6.05972964E+00
 -1.86571640E-01  6.05972964E+00
 -1.87373238E-01  6.05972964E+00
 -1.88174837E-01  6.05972964E+00
 -1.88976435E-01  6.05972964E+00
 -1.89778033E-01  6.05972964E+00
 -1.90579632E-01  6.05972964E+00
 -1.91381230E-01  6.05972964E+00
 -1.92182829E-01  6.05972964E+00
 -1.92984427E-01  6.05972964E+00
 -1.93786025E-01  6.05972964E+00
 -1.94587624E-01  6.05972964E+00
 -1.95389222E-01  6.05972964E+00
 -1.96190821E-01  6.05972964E+00
 -1.96992419E-01  6.05972964E+00
 -1.97794017E-01  6.05972964E+00
 -1.98595616E-01  6.05972964E+00
 -1.99397214E-01  6.05972964E+00
 -2.00198813E-01  6.05972964E+00
 -2.01000411E-01  6.05972964E+00
 -2.01802009E-01  6.05972964E+00
 -2.02603608E-01  6.05972964E+00
 -2.03405206E-01  6.05972964E+00
 -2.04206805E-01  6.05972964E+00
 -2.05008403E-01  6.05972964E+00
 -2.05810001E-01  6.05972964E+00
 -2.06611600E-01  6.05972964E+00
 -2.07413198E-01  6.05972964E+00
 -2.08214797E-01  6.05972964E+00
 -2.09016395E-01  6.05972964E+00
 -2.09817993E-01  6.05972964E+00
 -2.10619592E-01  6.05972964E+00
 -2.11421190E-01  6.05972964E+00
 -2.12222789E-01  6.05972964E+00
 -2.13024387E-01  6.05972964E+00
 -2.13825985E-01  6.05972964E+00
 -2.14627584E-01  6.05972964E+00
 -2.15429182E-01  6.05972964E+00
 -2.16230781E-01  6.05972964E+00
 -2.17032379E-01  6.05972964E+00
 -2.17833977E-01  6.05972964E+00
 -2.18635576E-01  6.05972964E+00
 -2.19437174E-01  6.05972964E+00
 -2.20238773E-01  6.05972964E+00
 -2.21040371E-01  6.05972964E+00
 -2.21841969E-01  6.05972964E+00
 -2.22643568E-01  6.05972964E+00
 -2.23445166E-01  6.05972964E+00
 -2.24246765E-01  6.05972964E+00
 -2.25048363E-01  6.05972964E+00
 -2.25849961E-01  6.05972964E+00
 -2.26651560E-01  6.05972964E+00
 -2.27453158E-01  6.05972964E+00
 -2.28254757E-01  6.05972964E+00
 -2.29056355E-01  6.05972964E+00
 -2.29857953E-01  6.05972964E+00
 -2.30659552E-01  6.05972964E+00
 -2.31461150E-01  6.05972964E+00
 -2.32262749E-01  6.05972964E+00
 -2.33064347E-01  6.05972964E+00
 -2.33865945E-01  6.05972964E+00
 -2.34667544E-01  6.05972964E+00
 -2.35469142E-01  6.05972964E+00
 -2.36270741E-01  6.05972964E+00
 -2.37072339E-01  6.05972964E+00
 -2.37873937E-01  6.05972964E+00
 -2.38675536E-01  6.05972964E+00
 -2.39477134E-01  6.05972964E+00
 -2.40278733E-01  6.05972964E+00
 -2.41080331E-01  6.05972964E+00
 -2.41881929E-01  6.05972964E+00
 -2.42683528E-01  6.05972964E+00
 -2.43485126E-01  6.05972964E+00
 -2.44286725E-01  6.05972964E+00
 -2.45088323E-01  6.05972964E+00
 -2.45889921E-01  6.05972964E+00
 -2.46691520E-01  6.05972964E+00
 -2.47493118E-01  6.05972964E+00
 -2.48294717E-01  6.05972964E+00
 -2.49096315E-01  6.05972964E+00
 -2.49897913E-01  6.05972964E+00
 -2.50699512E-01  6.05972964E+00
 -2.51501110E-01  6.05972964E+00
 -2.52302709E-01  6.05972964E+00
 -2.53104307E-01  6.05972964E+00
 -2.53905905E-01  6.05972964E+00
 -2.54707504E-01  6.05972964E+00
 -2.55509102E-01  6.05972964E+00
 -2.56310701E-01  6.05972964E+00
 -2.57112299E-01  6.05972964E+00
 -2.57913897E-01  6.05972964E+00
 -2.58715496E-01  6.05972964E+00
 -2.59517094E-01  6.05972964E+00
 -2.60318693E-01  6.05972964E+00
 -2.61120291E-01  6.05972964E+00
 -2.61921889E-01  6.05972964E+00
 -2.62723488E-01  6.05972964E+00
 -2.63525086E-01  6.05972964E+00
 -2.64326685E-01  6.05972964E+00
 -2.65128283E-01  6.05972964E+00
 -2.65929881E-01  6.05972964E+00
 -2.66731480E-01  6.05972964E+00
 -2.67533078E-01  6.05972964E+00
 -2.68334677E-01  6.05972964E+00
 -2.69136275E-01  6.05972964E+00
 -2.69937873E-01  6.05972964E+00
 -2.70739472E-01  6.05972964E+00
 -2.71541070E-01  6.05972964E+00
 -2.72342669E-01  6.05972964E+00
 -2.73144267E-01  6.05972964E+00
 -2.73945865E-01  6.05972964E+00
 -2.74747464E-01  6.05972964E+00
 -2.75549062E-01  6.05972964E+00
 -2.76350661E-01  6.05972964E+00
 -2.77152259E-01  6.05972964E+00
 -2.77953858E-01  6.05972964E+00
 -2.78755456E-01  6.05972964E+00
 -2.79557054E-01  6.05972964E+00
 -2.80358653E-01  6.05972964E+00
 -2.81160251E-01  6.05972964E+00
 -2.81961850E-01  6.05972964E+00
 -2.82763448E-01  6.05972964E+00
 -2.83565046E-01  6.05972964E+00
 -2.84366645E-01  6.05972964E+00
 -2.85168243E-01  6.05972964E+00
 -2.85969842E-01  6.05972964E+00
 -2.86771440E-01  6.05972964E+00
 -2.87573038E-01  6.05972964E+00
 -2.88374637E-01  6.05972964E+00
 -2.89176235E-01  6.05972964E+00
 -2.89977834E-01  6.05972964E+00
 -2.90779432E-01  6.05972964E+00
 -2.91581030E-01  6.05972964E+00
 -2.92382629E-01  6.05972964E+00
 -2.93184227E-01  6.05972964E+00
 -2.93985826E-01  6.05972964E+00
 -2.94787424E-01  6.05972964E+00
 -2.95589022E-01  6.05972964E+00
 -2.96390621E-01  6.05972964E+00
 -2.97192219E-01  6.05972964E+00
 -2.97993818E-01  6.05972964E+00
 -2.98795416E-01  6.05972964E+00
 -2.99597014E-01  6.05972964E+00
 -3.00398613E-01  6.05972964E+00
 -3.01200211E-01  6.05972964E+00
 -3.02001810E-01  6.05972964E+00
 -3.02803408E-01  6.05972964E+00
 -3.03605006E-01  6.05972964E+00
 -3.04406605E-01  6.05972964E+00
 -3.05208203E-01  6.05972964E+00
 -3.06009802E-01  6.05972964E+00
 -3.06811400E-01  6.05972964E+00
 -3.07612998E-01  6.05972964E+00
 -3.08414597E-01  6.05972964E+00
 -3.09216195E-01  6.05972964E+00
 -3.10017794E-01  6.05972964E+00
 -3.10819392E-01  6.05972964E+00
 -3.11620990E-01  6.05972964E+00
 -3.12422589E-01  6.05972964E+00
 -3.13224187E-01  6.05972964E+00
 -3.14025786E-01  6.05972964E+00
 -3.14827384E-01  6.05972964E+00
 -3.15628982E-01  6.05972964E+00
 -3.16430581E-01  6.05972964E+00
 -3.17232179E-01  6.05972964E+00
 -3.18033778E-01  6.05972964E+00
 -3.18835376E-01  6.05972964E+00
 -3.19636974E-01  6.05972964E+00
 -3.20438573E-01  6.05972964E+00
 -3.21240171E-01  6.05972964E+00
 -3.22041770E-01  6.05972964E+00
 -3.22843368E-01  6.05972964E+00
 -3.23644966E-01  6.05972964E+00
 -3.24446565E-01  6.05972964E+00
 -3.25248163E-01  6.05972964E+00
 -3.26049762E-01  6.05972964E+00
 -3.26851360E-01  6.05972964E+00
 -3.27652958E-01  6.05972964E+00
 -3.28454557E-01  6.05972964E+00
 -3.29256155E-01  6.05972964E+00
 -3.30057754E-01  6.05972964E+00
 -3.30859352E-01  6.05972964E+00
 -3.31660950E-01  6.05972964E+00
 -3.32462549E-01  6.05972964E+00
 -3.33264147E-01  6.05972964E+00
 -3.34065746E-01  6.05972964E+00
 -3.34867344E-01  6.05972964E+00
 -3.35668942E-01  6.05972964E+00
 -3.36470541E-01  6.05972964E+00
 -3.37272139E-01  6.05972964E+00
 -3.38073738E-01  6.05972964E+00
 -3.38875336E-01  6.05972964E+00
 -3.39676934E-01  6.05972964E+00
 -3.40478533E-01  6.05972964E+00
 -3.41280131E-01  6.05972964E+00
 -3.42081730E-01  6.05972964E+00
 -3.42883328E-01  6.05972964E+00
 -3.43684926E-01  6.05972964E+00
 -3.44486525E-01  6.05972964E+00
 -3.45288123E-01  6.05972964E+00
 -3.46089722E-01  6.05972964E+00
 -3.46891320E-01  6.05972964E+00
 -3.47692918E-01  6.05972964E+00
 -3.48494517E-01  6.05972964E+00
 -3.49296115E-01  6.05972964E+00
 -3.50097714E-01  6.05972964E+00
 -3.50899312E-01  6.05972964E+00
 -3.51700910E-01  6.05972964E+00
 -3.52502509E-01  6.05972964E+00
 -3.53304107E-01  6.05972964E+00
 -3.54105706E-01  6.05972964E+00
 -3.54907304E-01  6.05972964E+00
 -3.55708902E-01  6.05972964E+00
 -3.56510501E-01  6.05972964E+00
 -3.57312099E-01  6.05972964E+00
 -3.58113698E-01  6.05972964E+00
 -3.58915296E-01  6.05972964E+00
 -3.59716894E-01  6.05972964E+00
 -3.60518493E-01  6.05972964E+00
 -3.61320091E-01  6.05972964E+00
 -3.62121690E-01  6.05972964E+00
 -3.62923288E-01  6.05972964E+00
 -3.63724886E-01  6.05972964E+00
 -3.64526485E-01  6.05972964E+00
 -3.65328083E-01  6.05972964E+00
 -3.66129682E-01  6.05972964E+00
 -3.66931280E-01  6.05972964E+00
 -3.67732878E-01  6.05972964E+00
 -3.68534477E-01  6.05972964E+00
 -3.69336075E-01  6.05972964E+00
 -3.70137674E-01  6.05972964E+00
 -3.70939272E-01  6.05972964E+00
 -3.71740870E-01  6.05972964E+00
 -3.72542469E-01  6.05972964E+00
 -3.73344067E-01  6.05972964E+00
 -3.74145666E-01  6.05972964E+00
 -3.74947264E-01  6.05972964E+00
 -3.75748862E-01  6.05972964E+00
 -3.76550461E-01  6.05972964E+00
 -3.77352059E-01  6.05972964E+00
 -3.78153658E-01  6.05972964E+00
 -3.78955256E-01  6.05972964E+00
 -3.79756855E-01  6.05972964E+00
 -3.80558453E-01  6.05972964E+00
 -3.81360051E-01  6.05972964E+00
 -3.82161650E-01  6.05972964E+00
 -3.82963248E-01  6.05972964E+00
 -3.83764847E-01  6.05972964E+00
 -3.84566445E-01  6.05972964E+00
 -3.85368043E-01  6.05972964E+00
 -3.86169642E-01  6.05972964E+00
 -3.86971240E-01  6.05972964E+00
 -3.87772839E-01  6.05972964E+00
 -3.88574437E-01  6.05972964E+00
 -3.89376035E-01  6.05972964E+00
 -3.90177634E-01  6.05972964E+00
 -3.90979232E-01  6.05972964E+00
 -3.91780831E-01  6.05972964E+00
 -3.92582429E-01  6.05972964E+00
 -3.93384027E-01  6.05972964E+00
 -3.94185626E-01  6.05972964E+00
 -3.94987224E-01  6.05972964E+00
 -3.95788823E-01  6.05972964E+00
 -3.96590421E-01  6.05972964E+00
 -3.97392019E-01  6.05972964E+00
 -3.98193618E-01  6.05972964E+00
 -3.98995216E-01  6.05972964E+00
 -3.99796815E-01  6.05972964E+00
 -4.00598413E-01  6.05972964E+00
 -4.01400011E-01  6.05972964E+00
 -4.02201610E-01  6.05972964E+00
 -4.03003208E-01  6.05972964E+00
 -4.03804807E-01  6.05972964E+00
 -4.04606405E-01  6.05972964E+00
 -4.05408003E-01  6.05972964E+00
 -4.06209602E-01  6.05972964E+00
 -4.07011200E-01  6.05972964E+00
 -4.07812799E-01  6.05972964E+00
 -4.08614397E-01  6.05972964E+00
 -4.09415995E-01  6.05972964E+00
 -4.10217594E-01  6.05972964E+00
 -4.11019192E-01  6.05972964E+00
 -4.11820791E-01  6.05972964E+00
 -4.12622389E-01  6.05972964E+00
 -4.13423987E-01  6.05972964E+00
 -4.14225586E-01  6.05972964E+00
 -4.15027184E-01  6.05972964E+00
 -4.15828783E-01  6.05972964E+00
 -4.16630381E-01  6.05972964E+00
 -4.17431979E-01  6.05972964E+00
 -4.18233578E-01  6.05972964E+00
 -4.19035176E-01  6.05972964E+00
 -4.19836775E-01  6.05972964E+00
 -4.20638373E-01  6.05972964E+00
 -4.21439971E-01  6.05972964E+00
 -4.22241570E-01  6.05972964E+00
 -4.23043168E-01  6.05972964E+00
 -4.23844767E-01  6.05972964E+00
 -4.24646365E-01  6.05972964E+00
 -4.25447963E-01  6.05972964E+00
 -4.26249562E-01  6.05972964E+00
 -4.27051160E-01  6.05972964E+00
 -4.27852759E-01  6.05972964E+00
 -4.28654357E-01  6.05972964E+00
 -4.29455955E-01  6.05972964E+00
 -4.30257554E-01  6.05972964E+00
 -4.31059152E-01  6.05972964E+00
 -4.31860751E-01  6.05972964E+00
 -4.32662349E-01  6.05972964E+00
 -4.33463947E-01  6.05972964E+00
 -4.34265546E-01  6.05972964E+00
 -4.35067144E-01  6.05972964E+00
 -4.35868743E-01  6.05972964E+00
 -4.36670341E-01  6.05972964E+00
 -4.37471939E-01  6.05972964E+00
 -4.38273538E-01  6.05972964E+00
 -4.39075136E-01  6.05972964E+00
 -4.39876735E-01  6.05972964E+00
 -4.40678333E-01  6.05972964E+00
 -4.41479931E-01  6.05972964E+00
 -4.42281530E-01  6.05972964E+00
 -4.43083128E-01  6.05972964E+00
 -4.43884727E-01  6.05972964E+00
 -4.44686325E-01  6.05972964E+00
 -4.45487923E-01  6.05972964E+00
 -4.46289522E-01  6.05972964E+00
 -4.47091120E-01  6.05972964E+00
 -4.47892719E-01  6.05972964E+00
 -4.48694317E-01  6.05972964E+00
 -4.49495915E-01  6.05972964E+00
 -4.50297514E-01  6.05972964E+00
 -4.51099112E-01  6.05972964E+00
 -4.51900711E-01  6.05972964E+00
 -4.52702309E-01  6.05972964E+00
 -4.53503907E-01  6.05972964E+00
 -4.54305506E-01  6.05972964E+00
 -4.55107104E-01  6.05972964E+00
 -4.55908703E-01  6.05972964E+00
 -4.56710301E-01  6.05972964E+00
 -4.57511899E-01  6.05972964E+00
 -4.58313498E-01  6.05972964E+00
 -4.59115096E-01  6.05972964E+00
 -4.59916695E-01  6.05972964E+00
 -4.60718293E-01  6.05972964E+00
 -4.61519891E-01  6.05972964E+00
 -4.62321490E-01  6.05972964E+00
 -4.63123088E-01  6.05972964E+00
 -4.63924687E-01  6.05972964E+00
 -4.64726285E-01  6.05972964E+00
 -4.65527883E-01  6.05972964E+00
 -4.66329482E-01  6.05972964E+00
 -4.67131080E-01  6.05972964E+00
 -4.67932679E-01  6.05972964E+00
 -4.68734277E-01  6.05972964E+00
 -4.69535875E-01  6.05972964E+00
 -4.70337474E-01  6.05972964E+00
 -4.71139072E-01  6.05972964E+00
 -4.71940671E-01  6.05972964E+00
 -4.72742269E-01  6.05972964E+00
 -4.73543867E-01  6.05972964E+00
 -4.74345466E-01  6.05972964E+00
 -4.75147064E-01  6.05972964E+00
 -4.75948663E-01  6.05972964E+00
 -4.76750261E-01  6.05972964E+00
 -4.77551859E-01  6.05972964E+00
 -4.78353458E-01  6.05972964E+00
 -4.79155056E-01  6.05972964E+00
 -4.79956655E-01  6.05972964E+00
 -4.80758253E-01  6.05972964E+00
 -4.81559852E-01  6.05972964E+00
 -4.82361450E-01  6.05972964E+00
 -4.83163048E-01  6.05972964E+00
 -4.83964647E-01  6.05972964E+00
 -4.84766245E-01  6.05972964E+00
 -4.85567844E-01  6.05972964E+00
 -4.86369442E-01  6.05972964E+00
 -4.87171040E-01  6.05972964E+00
 -4.87972639E-01  6.05972964E+00
 -4.88774237E-01  6.05972964E+00
 -4.89575836E-01  6.05972964E+00
 -4.90377434E-01  6.05972964E+00
 -4.91179032E-01  6.05972964E+00
 -4.91980631E-01  6.05972964E+00
 -4.92782229E-01  6.05972964E+00
 -4.93583828E-01  6.05972964E+00
 -4.94385426E-01  6.05972964E+00
 -4.95187024E-01  6.05972964E+00
 -4.95988623E-01  6.05972964E+00
 -4.96790221E-01  6.05972964E+00
 -4.97591820E-01  6.05972964E+00
 -4.98393418E-01  6.05972964E+00
 -4.99195016E-01  6.05972964E+00
 -4.99996615E-01  6.05972964E+00
 -5.00798213E-01  6.05972964E+00
 -5.00798213E-01  5.99913263E+00
 -5.00798213E-01  5.93853561E+00
 -5.00798213E-01  5.87793860E+00
 -5.00798213E-01  5.81734158E+00
 -5.00798213E-01  5.75674457E+00
 -5.00798213E-01  5.69614755E+00
 -5.00798213E-01  5.63555054E+00
 -5.00798213E-01  5.57495352E+00
 -5.00798213E-01  5.51435651E+00
 -5.00798213E-01  5.45375949E+00
 -5.00798213E-01  5.39316248E+00
 -5.00798213E-01  5.33256546E+00
 -5.00798213E-01  5.27196845E+00
 -5.00798213E-01  5.21137143E+00
 -5.00798213E-01  5.15077442E+00
 -5.00798213E-01  5.09017740E+00
 -5.00798213E-01  5.02958039E+00
 -5.00798213E-01  4.96898337E+00
 -5.00798213E-01  4.90838636E+00
 -5.00798213E-01  4.84778934E+00
 -5.00798213E-01  4.78719233E+00
 -5.00798213E-01  4.72659531E+00
 -5.00798213E-01  4.66599830E+00
 -5.00798213E-01  4.60540128E+00
 -5.00798213E-01  4.54480427E+00
 -5.00798213E-01  4.48420725E+00
 -5.00798213E-01  4.42361024E+00
 -5.00798213E-01  4.36301322E+00
 -5.00798213E-01  4.30241621E+00
 -5.00798213E-01  4.24181919E+00
 -5.00798213E-01  4.18122218E+00
 -5.00798213E-01  4.12062516E+00
 -5.00798213E-01  4.06002815E+00
 -5.00798213E-01  3.99943113E+00
 -5.00798213E-01  3.93883412E+00
 -5.00798213E-01  3.87823710E+00
 -5.00798213E-01  3.81764009E+00
 -5.00798213E-01  3.75704307E+00
 -5.00798213E-01  3.69644606E+00
 -5.00798213E-01  3.63584904E+00
 -5.00798213E-01  3.57525203E+00
 -5.00798213E-01  3.51465501E+00
 -5.00798213E-01  3.45405800E+00
 -5.00798213E-01  3.39346098E+00
 -5.00798213E-01  3.33286397E+00
 -5.00798213E-01  3.27226695E+00
 -5.00798213E-01  3.21166994E+00
 -5.00798213E-01  3.15107292E+00
 -5.00798213E-01  3.09047591E+00
 -5.00798213E-01  3.02987889E+00
 -5.00798213E-01  2.96928188E+00
 -5.00798213E-01  2.90868486E+00
 -5.00798213E-01  2.84808785E+00
 -5.00798213E-01  2.78749083E+00
 -5.00798213E-01  2.72689382E+00
 -5.00798213E-01  2.66629680E+00
 -5.00798213E-01  2.60569979E+00
 -5.00798213E-01  2.54510278E+00
 -5.00798213E-01  2.48450576E+00
 -5.00798213E-01  2.42390875E+00
 -5.00798213E-01  2.36331173E+00
 -5.00798213E-01  2.30271472E+00
 -5.00798213E-01  2.24211770E+00
 -5.00798213E-01  2.18152069E+00
 -5.00798213E-01  2.12092367E+00
 -5.00798213E-01  2.06032666E+00
 -5.00798213E-01  1.99972964E+00
 -5.00798213E-01  1.93913263E+00
 -5.00798213E-01  1.87853561E+00
 -5.00798213E-01  1.81793860E+00
 -5.00798213E-01  1.75734158E+00
 -5.00798213E-01  1.69674457E+00
 -5.00798213E-01  1.63614755E+00
 -5.00798213E-01  1.57555054E+00
 -5.00798213E-01  1.51495352E+00
 -5.00798213E-01  1.45435651E+00
 -5.00798213E-01  1.39375949E+00
 -5.00798213E-01  1.33316248E+00
 -5.00798213E-01  1.27256546E+00
 -5.00798213E-01  1.21196845E+00
 -5.00798213E-01  1.15137143E+00
 -5.00798213E-01  1.09077442E+00
 -5.00798213E-01  1.03017740E+00
 -5.00798213E-01  9.69580387E-01
 -5.00798213E-01  9.08983372E-01
 -5.00798213E-01  8.48386357E-01
 -5.00798213E-01  7.87789342E-01
 -5.00798213E-01  7.27192327E-01
 -5.00798213E-01  6.66595312E-01
 -5.00798213E-01  6.05998297E-01
 -5.00798213E-01  5.45401282E-01
 -5.00798213E-01  4.84804268E-01
 -5.00798213E-01  4.24207253E-01
 -5.00798213E-01  3.63610238E-01
 -5.00798213E-01  3.03013223E-01
 -5.00798213E-01  2.42416208E-01
 -5.00798213E-01  1.81819193E-01
 -5.00798213E-01  1.21222178E-01
 -5.00798213E-01  6.06251631E-02
 -5.00798213E-01  2.81481468E-05
 -5.00798213E-01 -6.05688668E-02
 -5.00798213E-01 -1.21165882E-01
 -5.00798213E-01 -1.81762897E-01
 -5.00798213E-01 -2.42359912E-01
 -5.00798213E-01 -3.02956926E-01
 -5.00798213E-01 -3.63553941E-01
 -5.00798213E-01 -4.24150956E-01
 -5.00798213E-01 -4.84747971E-01
 -5.00798213E-01 -5.45344986E-01
 -5.00798213E-01 -6.05942001E-01
 -5.00798213E-01 -6.66539016E-01
 -5.00798213E-01 -7.27136031E-01
 -5.00798213E-01 -7.87733046E-01
 -5.00798213E-01 -8.48330061E-01
 -5.00798213E-01 -9.08927076E-01
 -5.00798213E-01 -9.69524091E-01
 -5.00798213E-01 -1.03012111E+00
 -5.00798213E-01 -1.09071812E+00
 -5.00798213E-01 -1.15131514E+00
 -5.00798213E-01 -1.21191215E+00
 -5.00798213E-01 -1.27250917E+00
 -5.00798213E-01 -1.33310618E+00
 -5.00798213E-01 -1.39370320E+00
 -5.00798213E-01 -1.45430021E+00
 -5.00798213E-01 -1.51489722E+00
 -5.00798213E-01 -1.57549424E+00
 -5.00798213E-01 -1.63609125E+00
 -5.00798213E-01 -1.69668827E+00
 -5.00798213E-01 -1.75728528E+00
 -5.00798213E-01 -1.81788230E+00
 -5.00798213E-01 -1.87847931E+00
 -5.00798213E-01 -1.93907633E+00
 -5.00798213E-01 -1.99967334E+00
 -5.00798213E-01 -2.06027036E+00
 -5.00798213E-01 -2.12086737E+00
 -5.00798213E-01 -2.18146439E+00
 -5.00798213E-01 -2.24206140E+00
 -5.00798213E-01 -2.30265842E+00
 -5.00798213E-01 -2.36325543E+00
 -5.00798213E-01 -2.42385245E+00
 -5.00798213E-01 -2.48444946E+00
 -5.00798213E-01 -2.54504648E+00
 -5.00798213E-01 -2.60564349E+00
 -5.00798213E-01 -2.66624051E+00
 -5.00798213E-01 -2.72683752E+00
 -5.00798213E-01 -2.78743454E+00
 -5.00798213E-01 -2.84803155E+00
 -5.00798213E-01 -2.90862857E+00
 -5.00798213E-01 -2.96922558E+00
 -5.00798213E-01 -3.02982260E+00
 -5.00798213E-01 -3.09041961E+00
 -5.00798213E-01 -3.15101663E+00
 -5.00798213E-01 -3.21161364E+00
 -5.00798213E-01 -3.27221066E+00
 -5.00798213E-01 -3.33280767E+00
 -5.00798213E-01 -3.39340469E+00
 -5.00798213E-01 -3.45400170E+00
 -5.00798213E-01 -3.51459872E+00
 -5.00798213E-01 -3.57519573E+00
 -5.00798213E-01 -3.63579275E+00
 -5.00798213E-01 -3.69638976E+00
 -5.00798213E-01 -3.75698678E+00
 -5.00798213E-01 -3.81758379E+00
 -5.00798213E-01 -3.87818081E+00
 -5.00798213E-01 -3.93877782E+00
 -5.00798213E-01 -3.99937484E+00
 -5.00798213E-01 -4.05997185E+00
 -5.00798213E-01 -4.12056887E+00
 -5.00798213E-01 -4.18116588E+00
 -5.00798213E-01 -4.24176290E+00
 -5.00798213E-01 -4.30235991E+00
 -5.00798213E-01 -4.36295693E+00
 -5.00798213E-01 -4.42355394E+00
 -5.00798213E-01 -4.48415096E+00
 -5.00798213E-01 -4.54474797E+00
 -5.00798213E-01 -4.60534499E+00
 -5.00798213E-01 -4.66594200E+00
 -5.00798213E-01 -4.72653902E+00
 -5.00798213E-01 -4.78713603E+00
 -5.00798213E-01 -4.84773305E+00
 -5.00798213E-01 -4.90833006E+00
 -5.00798213E-01 -4.96892708E+00
 -5.00798213E-01 -5.02952409E+00
 -5.00798213E-01 -5.09012111E+00
 -5.00798213E-01 -5.15071812E+00
 -5.00798213E-01 -5.21131514E+00
 -5.00798213E-01 -5.27191215E+00
 -5.00798213E-01 -5.33250917E+00
 -5.00798213E-01 -5.39310618E+00
 -5.00798213E-01 -5.45370320E+00
 -5.00798213E-01 -5.51430021E+00
 -5.00798213E-01 -5.57489722E+00
 -5.00798213E-01 -5.63549424E+00
 -5.00798213E-01 -5.69609125E+00
 -5.00798213E-01 -5.75668827E+00
 -5.00798213E-01 -5.81728528E+00
 -5.00798213E-01 -5.87788230E+00
 -5.00798213E-01 -5.93847931E+00
 -5.00798213E-01 -5.99907633E+00
 -5.00798213E-01 -6.05967334E+00

w:120/ x(   0.2936501E+00) y(   0.2814815E-04) ix(2) iy(2) s(   0.7000E+00)

h: x ny1,0  y2=[y1](Aluminio),ic[0.300 1.0 1.0]
 -1.000000E+00 -1.000000E+00

hb:   line clip z   cb(0.300 1.0 1.0)
frame:
 -4.9999901E-01 -5.9999720E+00
  3.0000099E-01 -5.9999720E+00
  3.0000099E-01  6.0000280E+00
 -4.9999901E-01  6.0000280E+00
clip:
  2.87173016E-01 -6.05967334E+00
  3.00800188E-01 -6.05967334E+00
  3.00800188E-01 -5.99907633E+00
  3.00800188E-01 -5.93847931E+00
  3.00800188E-01 -5.87788230E+00
  3.00800188E-01 -5.81728528E+00
  3.00800188E-01 -5.75668827E+00
  3.00800188E-01 -5.69609125E+00
  3.00800188E-01 -5.63549424E+00
  3.00800188E-01 -5.57489722E+00
  3.00800188E-01 -5.51430021E+00
  3.00800188E-01 -5.45370320E+00
  3.00800188E-01 -5.39310618E+00
  3.00800188E-01 -5.33250917E+00
  3.00800188E-01 -5.27191215E+00
  3.00800188E-01 -5.21131514E+00
  3.00800188E-01 -5.15071812E+00
  3.00800188E-01 -5.09012111E+00
  3.00800188E-01 -5.02952409E+00
  3.00800188E-01 -4.96892708E+00
  3.00800188E-01 -4.90833006E+00
  3.00800188E-01 -4.84773305E+00
  3.00800188E-01 -4.78713603E+00
  3.00800188E-01 -4.72653902E+00
  3.00800188E-01 -4.66594200E+00
  3.00800188E-01 -4.60534499E+00
  3.00800188E-01 -4.54474797E+00
  3.00800188E-01 -4.48415096E+00
  3.00800188E-01 -4.42355394E+00
  3.00800188E-01 -4.36295693E+00
  3.00800188E-01 -4.30235991E+00
  3.00800188E-01 -4.24176290E+00
  3.00800188E-01 -4.18116588E+00
  3.00800188E-01 -4.12056887E+00
  3.00800188E-01 -4.05997185E+00
  3.00800188E-01 -3.99937484E+00
  3.00800188E-01 -3.93877782E+00
  3.00800188E-01 -3.87818081E+00
  3.00800188E-01 -3.81758379E+00
  3.00800188E-01 -3.75698678E+00
  3.00800188E-01 -3.69638976E+00
  3.00800188E-01 -3.63579275E+00
  3.00800188E-01 -3.57519573E+00
  3.00800188E-01 -3.51459872E+00
  3.00800188E-01 -3.45400170E+00
  3.00800188E-01 -3.39340469E+00
  3.00800188E-01 -3.33280767E+00
  3.00800188E-01 -3.27221066E+00
  3.00800188E-01 -3.21161364E+00
  3.00800188E-01 -3.15101663E+00
  3.00800188E-01 -3.09041961E+00
  3.00800188E-01 -3.02982260E+00
  3.00800188E-01 -2.96922558E+00
  3.00800188E-01 -2.90862857E+00
  3.00800188E-01 -2.84803155E+00
  3.00800188E-01 -2.78743454E+00
  3.00800188E-01 -2.72683752E+00
  3.00800188E-01 -2.66624051E+00
  3.00800188E-01 -2.60564349E+00
  3.00800188E-01 -2.54504648E+00
  3.00800188E-01 -2.48444946E+00
  3.00800188E-01 -2.42385245E+00
  3.00800188E-01 -2.36325543E+00
  3.00800188E-01 -2.30265842E+00
  3.00800188E-01 -2.24206140E+00
  3.00800188E-01 -2.18146439E+00
  3.00800188E-01 -2.12086737E+00
  3.00800188E-01 -2.06027036E+00
  3.00800188E-01 -1.99967334E+00
  3.00800188E-01 -1.93907633E+00
  3.00800188E-01 -1.87847931E+00
  3.00800188E-01 -1.81788230E+00
  3.00800188E-01 -1.75728528E+00
  3.00800188E-01 -1.69668827E+00
  3.00800188E-01 -1.63609125E+00
  3.00800188E-01 -1.57549424E+00
  3.00800188E-01 -1.51489722E+00
  3.00800188E-01 -1.45430021E+00
  3.00800188E-01 -1.39370320E+00
  3.00800188E-01 -1.33310618E+00
  3.00800188E-01 -1.27250917E+00
  3.00800188E-01 -1.21191215E+00
  3.00800188E-01 -1.15131514E+00
  3.00800188E-01 -1.09071812E+00
  3.00800188E-01 -1.03012111E+00
  3.00800188E-01 -9.69524091E-01
  3.00800188E-01 -9.08927076E-01
  3.00800188E-01 -8.48330061E-01
  3.00800188E-01 -7.87733046E-01
  3.00800188E-01 -7.27136031E-01
  3.00800188E-01 -6.66539016E-01
  3.00800188E-01 -6.05942001E-01
  3.00800188E-01 -5.45344986E-01
  3.00800188E-01 -4.84747971E-01
  3.00800188E-01 -4.24150956E-01
  3.00800188E-01 -3.63553941E-01
  3.00800188E-01 -3.02956926E-01
  3.00800188E-01 -2.42359912E-01
  3.00800188E-01 -1.81762897E-01
  3.00800188E-01 -1.21165882E-01
  3.00800188E-01 -6.05688668E-02
  3.00800188E-01  2.81481468E-05
  3.00800188E-01  6.06251631E-02
  3.00800188E-01  1.21222178E-01
  3.00800188E-01  1.81819193E-01
  3.00800188E-01  2.42416208E-01
  3.00800188E-01  3.03013223E-01
  3.00800188E-01  3.63610238E-01
  3.00800188E-01  4.24207253E-01
  3.00800188E-01  4.84804268E-01
  3.00800188E-01  5.45401282E-01
  3.00800188E-01  6.05998297E-01
  3.00800188E-01  6.66595312E-01
  3.00800188E-01  7.27192327E-01
  3.00800188E-01  7.87789342E-01
  3.00800188E-01  8.48386357E-01
  3.00800188E-01  9.08983372E-01
  3.00800188E-01  9.69580387E-01
  3.00800188E-01  1.03017740E+00
  3.00800188E-01  1.09077442E+00
  3.00800188E-01  1.15137143E+00
  3.00800188E-01  1.21196845E+00
  3.00800188E-01  1.27256546E+00
  3.00800188E-01  1.33316248E+00
  3.00800188E-01  1.39375949E+00
  3.00800188E-01  1.45435651E+00
  3.00800188E-01  1.51495352E+00
  3.00800188E-01  1.57555054E+00
  3.00800188E-01  1.63614755E+00
  3.00800188E-01  1.69674457E+00
  3.00800188E-01  1.75734158E+00
  3.00800188E-01  1.81793860E+00
  3.00800188E-01  1.87853561E+00
  3.00800188E-01  1.93913263E+00
  3.00800188E-01  1.99972964E+00
  3.00800188E-01  2.06032666E+00
  3.00800188E-01  2.12092367E+00
  3.00800188E-01  2.18152069E+00
  3.00800188E-01  2.24211770E+00
  3.00800188E-01  2.30271472E+00
  3.00800188E-01  2.36331173E+00
  3.00800188E-01  2.42390875E+00
  3.00800188E-01  2.48450576E+00
  3.00800188E-01  2.54510278E+00
  3.00800188E-01  2.60569979E+00
  3.00800188E-01  2.66629680E+00
  3.00800188E-01  2.72689382E+00
  3.00800188E-01  2.78749083E+00
  3.00800188E-01  2.84808785E+00
  3.00800188E-01  2.90868486E+00
  3.00800188E-01  2.96928188E+00
  3.00800188E-01  3.02987889E+00
  3.00800188E-01  3.09047591E+00
  3.00800188E-01  3.15107292E+00
  3.00800188E-01  3.21166994E+00
  3.00800188E-01  3.27226695E+00
  3.00800188E-01  3.33286397E+00
  3.00800188E-01  3.39346098E+00
  3.00800188E-01  3.45405800E+00
  3.00800188E-01  3.51465501E+00
  3.00800188E-01  3.57525203E+00
  3.00800188E-01  3.63584904E+00
  3.00800188E-01  3.69644606E+00
  3.00800188E-01  3.75704307E+00
  3.00800188E-01  3.81764009E+00
  3.00800188E-01  3.87823710E+00
  3.00800188E-01  3.93883412E+00
  3.00800188E-01  3.99943113E+00
  3.00800188E-01  4.06002815E+00
  3.00800188E-01  4.12062516E+00
  3.00800188E-01  4.18122218E+00
  3.00800188E-01  4.24181919E+00
  3.00800188E-01  4.30241621E+00
  3.00800188E-01  4.36301322E+00
  3.00800188E-01  4.42361024E+00
  3.00800188E-01  4.48420725E+00
  3.00800188E-01  4.54480427E+00
  3.00800188E-01  4.60540128E+00
  3.00800188E-01  4.66599830E+00
  3.00800188E-01  4.72659531E+00
  3.00800188E-01  4.78719233E+00
  3.00800188E-01  4.84778934E+00
  3.00800188E-01  4.90838636E+00
  3.00800188E-01  4.96898337E+00
  3.00800188E-01  5.02958039E+00
  3.00800188E-01  5.09017740E+00
  3.00800188E-01  5.15077442E+00
  3.00800188E-01  5.21137143E+00
  3.00800188E-01  5.27196845E+00
  3.00800188E-01  5.33256546E+00
  3.00800188E-01  5.39316248E+00
  3.00800188E-01  5.45375949E+00
  3.00800188E-01  5.51435651E+00
  3.00800188E-01  5.57495352E+00
  3.00800188E-01  5.63555054E+00
  3.00800188E-01  5.69614755E+00
  3.00800188E-01  5.75674457E+00
  3.00800188E-01  5.81734158E+00
  3.00800188E-01  5.87793860E+00
  3.00800188E-01  5.93853561E+00
  3.00800188E-01  5.99913263E+00
  3.00800188E-01  6.05972964E+00
  2.99998590E-01  6.05972964E+00
  2.99196992E-01  6.05972964E+00
  2.98395393E-01  6.05972964E+00
  2.97593795E-01  6.05972964E+00
  2.96792196E-01  6.05972964E+00
  2.95990598E-01  6.05972964E+00
  2.95189000E-01  6.05972964E+00
  2.94387401E-01  6.05972964E+00
  2.93585803E-01  6.05972964E+00
  2.92784204E-01  6.05972964E+00
  2.91982606E-01  6.05972964E+00
  2.91181008E-01  6.05972964E+00
  2.90379409E-01  6.05972964E+00
  2.89577811E-01  6.05972964E+00
  2.88776212E-01  6.05972964E+00
  2.87974614E-01  6.05972964E+00
  2.87173016E-01  6.05972964E+00
  2.86500000E-01  6.05972964E+00
  2.86500000E-01  6.00885287E+00
  2.86500000E-01  5.99913263E+00
  2.86500000E-01  5.94825586E+00
  2.86500000E-01  5.93853561E+00
  2.86500000E-01  5.88765884E+00
  2.86500000E-01  5.87793860E+00
  2.86500000E-01  5.82706183E+00
  2.86500000E-01  5.81734158E+00
  2.86500000E-01  5.76646481E+00
  2.86500000E-01  5.75674457E+00
  2.86500000E-01  5.70586780E+00
  2.86500000E-01  5.69614755E+00
  2.86500000E-01  5.64527078E+00
  2.86500000E-01  5.63555054E+00
  2.86500000E-01  5.58467377E+00
  2.86500000E-01  5.57495352E+00
  2.86500000E-01  5.52407675E+00
  2.86500000E-01  5.51435651E+00
  2.86500000E-01  5.46347974E+00
  2.86500000E-01  5.45375949E+00
  2.86500000E-01  5.40288272E+00
  2.86500000E-01  5.39316248E+00
  2.86500000E-01  5.34228571E+00
  2.86500000E-01  5.33256546E+00
  2.86500000E-01  5.28168869E+00
  2.86500000E-01  5.27196845E+00
  2.86500000E-01  5.22109168E+00
  2.86500000E-01  5.21137143E+00
  2.86500000E-01  5.16049466E+00
  2.86500000E-01  5.15077442E+00
  2.86500000E-01  5.09989765E+00
  2.86500000E-01  5.09017740E+00
  2.86500000E-01  5.03930063E+00
  2.86500000E-01  5.02958039E+00
  2.86500000E-01  4.97870362E+00
  2.86500000E-01  4.96898337E+00
  2.86500000E-01  4.91810660E+00
  2.86500000E-01  4.90838636E+00
  2.86500000E-01  4.85750959E+00
  2.86500000E-01  4.84778934E+00
  2.86500000E-01  4.79691257E+00
  2.86500000E-01  4.78719233E+00
  2.86500000E-01  4.73631556E+00
  2.86500000E-01  4.72659531E+00
  2.86500000E-01  4.67571854E+00
  2.86500000E-01  4.66599830E+00
  2.86500000E-01  4.61512153E+00
  2.86500000E-01  4.60540128E+00
  2.86500000E-01  4.55452451E+00
  2.86500000E-01  4.54480427E+00
  2.86500000E-01  4.49392750E+00
  2.86500000E-01  4.48420725E+00
  2.86500000E-01  4.43333048E+00
  2.86500000E-01  4.42361024E+00
  2.86500000E-01  4.37273347E+00
  2.86500000E-01  4.36301322E+00
  2.86500000E-01  4.31213645E+00
  2.86500000E-01  4.30241621E+00
  2.86500000E-01  4.25153944E+00
  2.86500000E-01  4.24181919E+00
  2.86500000E-01  4.19094242E+00
  2.86500000E-01  4.18122218E+00
  2.86500000E-01  4.13034541E+00
  2.86500000E-01  4.12062516E+00
  2.86500000E-01  4.06974839E+00
  2.86500000E-01  4.06002815E+00
  2.86500000E-01  4.00915138E+00
  2.86500000E-01  3.99943113E+00
  2.86500000E-01  3.94855436E+00
  2.86500000E-01  3.93883412E+00
  2.86500000E-01  3.88795735E+00
  2.86500000E-01  3.87823710E+00
  2.86500000E-01  3.82736033E+00
  2.86500000E-01  3.81764009E+00
  2.86500000E-01  3.76676332E+00
  2.86500000E-01  3.75704307E+00
  2.86500000E-01  3.70616630E+00
  2.86500000E-01  3.69644606E+00
  2.86500000E-01  3.64556929E+00
  2.86500000E-01  3.63584904E+00
  2.86500000E-01  3.58497227E+00
  2.86500000E-01  3.57525203E+00
  2.86500000E-01  3.52437526E+00
  2.86500000E-01  3.51465501E+00
  2.86500000E-01  3.46377824E+00
  2.86500000E-01  3.45405800E+00
  2.86500000E-01  3.40318123E+00
  2.86500000E-01  3.39346098E+00
  2.86500000E-01  3.34258421E+00
  2.86500000E-01  3.33286397E+00
  2.86500000E-01  3.28198720E+00
  2.86500000E-01  3.27226695E+00
  2.86500000E-01  3.22139018E+00
  2.86500000E-01  3.21166994E+00
  2.86500000E-01  3.16079317E+00
  2.86500000E-01  3.15107292E+00
  2.86500000E-01  3.10019615E+00
  2.86500000E-01  3.09047591E+00
  2.86500000E-01  3.03959914E+00
  2.86500000E-01  3.02987889E+00
  2.86500000E-01  2.97900212E+00
  2.86500000E-01  2.96928188E+00
  2.86500000E-01  2.91840511E+00
  2.86500000E-01  2.90868486E+00
  2.86500000E-01  2.85780809E+00
  2.86500000E-01  2.84808785E+00
  2.86500000E-01  2.79721108E+00
  2.86500000E-01  2.78749083E+00
  2.86500000E-01  2.73661406E+00
  2.86500000E-01  2.72689382E+00
  2.86500000E-01  2.67601705E+00
  2.86500000E-01  2.66629680E+00
  2.86500000E-01  2.61542003E+00
  2.86500000E-01  2.60569979E+00
  2.86500000E-01  2.55482302E+00
  2.86500000E-01  2.54510278E+00
  2.86500000E-01  2.49422600E+00
  2.86500000E-01  2.48450576E+00
  2.86500000E-01  2.43362899E+00
  2.86500000E-01  2.42390875E+00
  2.86500000E-01  2.37303197E+00
  2.86500000E-01  2.36331173E+00
  2.86500000E-01  2.31243496E+00
  2.86500000E-01  2.30271472E+00
  2.86500000E-01  2.25183794E+00
  2.86500000E-01  2.24211770E+00
  2.86500000E-01  2.19124093E+00
  2.86500000E-01  2.18152069E+00
  2.86500000E-01  2.13064391E+00
  2.86500000E-01  2.12092367E+00
  2.86500000E-01  2.07004690E+00
  2.86500000E-01  2.06032666E+00
  2.86500000E-01  2.00944989E+00
  2.86500000E-01  1.99972964E+00
  2.86500000E-01  1.94885287E+00
  2.86500000E-01  1.93913263E+00
  2.86500000E-01  1.88825586E+00
  2.86500000E-01  1.87853561E+00
  2.86500000E-01  1.82765884E+00
  2.86500000E-01  1.81793860E+00
  2.86500000E-01  1.76706183E+00
  2.86500000E-01  1.75734158E+00
  2.86500000E-01  1.70646481E+00
  2.86500000E-01  1.69674457E+00
  2.86500000E-01  1.64586780E+00
  2.86500000E-01  1.63614755E+00
  2.86500000E-01  1.58527078E+00
  2.86500000E-01  1.57555054E+00
  2.86500000E-01  1.52467377E+00
  2.86500000E-01  1.51495352E+00
  2.86500000E-01  1.46407675E+00
  2.86500000E-01  1.45435651E+00
  2.86500000E-01  1.40347974E+00
  2.86500000E-01  1.39375949E+00
  2.86500000E-01  1.34288272E+00
  2.86500000E-01  1.33316248E+00
  2.86500000E-01  1.28228571E+00
  2.86500000E-01  1.27256546E+00
  2.86500000E-01  1.22168869E+00
  2.86500000E-01  1.21196845E+00
  2.86500000E-01  1.16109168E+00
  2.86500000E-01  1.15137143E+00
  2.86500000E-01  1.10049466E+00
  2.86500000E-01  1.09077442E+00
  2.86500000E-01  1.03989765E+00
  2.86500000E-01  1.03017740E+00
  2.86500000E-01  9.79300631E-01
  2.86500000E-01  9.69580387E-01
  2.86500000E-01  9.18703616E-01
  2.86500000E-01  9.08983372E-01
  2.86500000E-01  8.58106601E-01
  2.86500000E-01  8.48386357E-01
  2.86500000E-01  7.97509587E-01
  2.86500000E-01  7.87789342E-01
  2.86500000E-01  7.36912572E-01
  2.86500000E-01  7.27192327E-01
  2.86500000E-01  6.76315557E-01
  2.86500000E-01  6.66595312E-01
  2.86500000E-01  6.15718542E-01
  2.86500000E-01  6.05998297E-01
  2.86500000E-01  5.55121527E-01
  2.86500000E-01  5.45401282E-01
  2.86500000E-01  4.94524512E-01
  2.86500000E-01  4.84804268E-01
  2.86500000E-01  4.33927497E-01
  2.86500000E-01  4.24207253E-01
  2.86500000E-01  3.73330482E-01
  2.86500000E-01  3.63610238E-01
  2.86500000E-01  3.12733467E-01
  2.86500000E-01  3.03013223E-01
  2.86500000E-01  2.52136452E-01
  2.86500000E-01  2.42416208E-01
  2.86500000E-01  1.91539437E-01
  2.86500000E-01  1.81819193E-01
  2.86500000E-01  1.30942422E-01
  2.86500000E-01  1.21222178E-01
  2.86500000E-01  7.03454074E-02
  2.86500000E-01  6.06251631E-02
  2.86500000E-01  9.74839252E-03
  2.86500000E-01  2.81481468E-05
  2.86500000E-01 -5.08486224E-02
  2.86500000E-01 -6.05688668E-02
  2.86500000E-01 -1.11445637E-01
  2.86500000E-01 -1.21165882E-01
  2.86500000E-01 -1.72042652E-01
  2.86500000E-01 -1.81762897E-01
  2.86500000E-01 -2.32639667E-01
  2.86500000E-01 -2.42359912E-01
  2.86500000E-01 -2.93236682E-01
  2.86500000E-01 -3.02956926E-01
  2.86500000E-01 -3.53833697E-01
  2.86500000E-01 -3.63553941E-01
  2.86500000E-01 -4.14430712E-01
  2.86500000E-01 -4.24150956E-01
  2.86500000E-01 -4.75027727E-01
  2.86500000E-01 -4.84747971E-01
  2.86500000E-01 -5.35624742E-01
  2.86500000E-01 -5.45344986E-01
  2.86500000E-01 -5.96221757E-01
  2.86500000E-01 -6.05942001E-01
  2.86500000E-01 -6.56818772E-01
  2.86500000E-01 -6.66539016E-01
  2.86500000E-01 -7.17415787E-01
  2.86500000E-01 -7.27136031E-01
  2.86500000E-01 -7.78012802E-01
  2.86500000E-01 -7.87733046E-01
  2.86500000E-01 -8.38609816E-01
  2.86500000E-01 -8.48330061E-01
  2.86500000E-01 -8.99206831E-01
  2.86500000E-01 -9.08927076E-01
  2.86500000E-01 -9.59803846E-01
  2.86500000E-01 -9.69524091E-01
  2.86500000E-01 -1.02040086E+00
  2.86500000E-01 -1.03012111E+00
  2.86500000E-01 -1.08099788E+00
  2.86500000E-01 -1.09071812E+00
  2.86500000E-01 -1.14159489E+00
  2.86500000E-01 -1.15131514E+00
  2.86500000E-01 -1.20219191E+00
  2.86500000E-01 -1.21191215E+00
  2.86500000E-01 -1.26278892E+00
  2.86500000E-01 -1.27250917E+00
  2.86500000E-01 -1.32338594E+00
  2.86500000E-01 -1.33310618E+00
  2.86500000E-01 -1.38398295E+00
  2.86500000E-01 -1.39370320E+00
  2.86500000E-01 -1.44457997E+00
  2.86500000E-01 -1.45430021E+00
  2.86500000E-01 -1.50517698E+00
  2.86500000E-01 -1.51489722E+00
  2.86500000E-01 -1.56577400E+00
  2.86500000E-01 -1.57549424E+00
  2.86500000E-01 -1.62637101E+00
  2.86500000E-01 -1.63609125E+00
  2.86500000E-01 -1.68696803E+00
  2.86500000E-01 -1.69668827E+00
  2.86500000E-01 -1.74756504E+00
  2.86500000E-01 -1.75728528E+00
  2.86500000E-01 -1.80816206E+00
  2.86500000E-01 -1.81788230E+00
  2.86500000E-01 -1.86875907E+00
  2.86500000E-01 -1.87847931E+00
  2.86500000E-01 -1.92935609E+00
  2.86500000E-01 -1.93907633E+00
  2.86500000E-01 -1.98995310E+00
  2.86500000E-01 -1.99967334E+00
  2.86500000E-01 -2.05055011E+00
  2.86500000E-01 -2.06027036E+00
  2.86500000E-01 -2.11114713E+00
  2.86500000E-01 -2.12086737E+00
  2.86500000E-01 -2.17174414E+00
  2.86500000E-01 -2.18146439E+00
  2.86500000E-01 -2.23234116E+00
  2.86500000E-01 -2.24206140E+00
  2.86500000E-01 -2.29293817E+00
  2.86500000E-01 -2.30265842E+00
  2.86500000E-01 -2.35353519E+00
  2.86500000E-01 -2.36325543E+00
  2.86500000E-01 -2.41413220E+00
  2.86500000E-01 -2.42385245E+00
  2.86500000E-01 -2.47472922E+00
  2.86500000E-01 -2.48444946E+00
  2.86500000E-01 -2.53532623E+00
  2.86500000E-01 -2.54504648E+00
  2.86500000E-01 -2.59592325E+00
  2.86500000E-01 -2.60564349E+00
  2.86500000E-01 -2.65652026E+00
  2.86500000E-01 -2.66624051E+00
  2.86500000E-01 -2.71711728E+00
  2.86500000E-01 -2.72683752E+00
  2.86500000E-01 -2.77771429E+00
  2.86500000E-01 -2.78743454E+00
  2.86500000E-01 -2.83831131E+00
  2.86500000E-01 -2.84803155E+00
  2.86500000E-01 -2.89890832E+00
  2.86500000E-01 -2.90862857E+00
  2.86500000E-01 -2.95950534E+00
  2.86500000E-01 -2.96922558E+00
  2.86500000E-01 -3.02010235E+00
  2.86500000E-01 -3.02982260E+00
  2.86500000E-01 -3.08069937E+00
  2.86500000E-01 -3.09041961E+00
  2.86500000E-01 -3.14129638E+00
  2.86500000E-01 -3.15101663E+00
  2.86500000E-01 -3.20189340E+00
  2.86500000E-01 -3.21161364E+00
  2.86500000E-01 -3.26249041E+00
  2.86500000E-01 -3.27221066E+00
  2.86500000E-01 -3.32308743E+00
  2.86500000E-01 -3.33280767E+00
  2.86500000E-01 -3.38368444E+00
  2.86500000E-01 -3.39340469E+00
  2.86500000E-01 -3.44428146E+00
  2.86500000E-01 -3.45400170E+00
  2.86500000E-01 -3.50487847E+00
  2.86500000E-01 -3.51459872E+00
  2.86500000E-01 -3.56547549E+00
  2.86500000E-01 -3.57519573E+00
  2.86500000E-01 -3.62607250E+00
  2.86500000E-01 -3.63579275E+00
  2.86500000E-01 -3.68666952E+00
  2.86500000E-01 -3.69638976E+00
  2.86500000E-01 -3.74726653E+00
  2.86500000E-01 -3.75698678E+00
  2.86500000E-01 -3.80786355E+00
  2.86500000E-01 -3.81758379E+00
  2.86500000E-01 -3.86846056E+00
  2.86500000E-01 -3.87818081E+00
  2.86500000E-01 -3.92905758E+00
  2.86500000E-01 -3.93877782E+00
  2.86500000E-01 -3.98965459E+00
  2.86500000E-01 -3.99937484E+00
  2.86500000E-01 -4.05025161E+00
  2.86500000E-01 -4.05997185E+00
  2.86500000E-01 -4.11084862E+00
  2.86500000E-01 -4.12056887E+00
  2.86500000E-01 -4.17144564E+00
  2.86500000E-01 -4.18116588E+00
  2.86500000E-01 -4.23204265E+00
  2.86500000E-01 -4.24176290E+00
  2.86500000E-01 -4.29263967E+00
  2.86500000E-01 -4.30235991E+00
  2.86500000E-01 -4.35323668E+00
  2.86500000E-01 -4.36295693E+00
  2.86500000E-01 -4.41383370E+00
  2.86500000E-01 -4.42355394E+00
  2.86500000E-01 -4.47443071E+00
  2.86500000E-01 -4.48415096E+00
  2.86500000E-01 -4.53502773E+00
  2.86500000E-01 -4.54474797E+00
  2.86500000E-01 -4.59562474E+00
  2.86500000E-01 -4.60534499E+00
  2.86500000E-01 -4.65622176E+00
  2.86500000E-01 -4.66594200E+00
  2.86500000E-01 -4.71681877E+00
  2.86500000E-01 -4.72653902E+00
  2.86500000E-01 -4.77741579E+00
  2.86500000E-01 -4.78713603E+00
  2.86500000E-01 -4.83801280E+00
  2.86500000E-01 -4.84773305E+00
  2.86500000E-01 -4.89860982E+00
  2.86500000E-01 -4.90833006E+00
  2.86500000E-01 -4.95920683E+00
  2.86500000E-01 -4.96892708E+00
  2.86500000E-01 -5.01980385E+00
  2.86500000E-01 -5.02952409E+00
  2.86500000E-01 -5.08040086E+00
  2.86500000E-01 -5.09012111E+00
  2.86500000E-01 -5.14099788E+00
  2.86500000E-01 -5.15071812E+00
  2.86500000E-01 -5.20159489E+00
  2.86500000E-01 -5.21131514E+00
  2.86500000E-01 -5.26219191E+00
  2.86500000E-01 -5.27191215E+00
  2.86500000E-01 -5.32278892E+00
  2.86500000E-01 -5.33250917E+00
  2.86500000E-01 -5.38338594E+00
  2.86500000E-01 -5.39310618E+00
  2.86500000E-01 -5.44398295E+00
  2.86500000E-01 -5.45370320E+00
  2.86500000E-01 -5.50457997E+00
  2.86500000E-01 -5.51430021E+00
  2.86500000E-01 -5.56517698E+00
  2.86500000E-01 -5.57489722E+00
  2.86500000E-01 -5.62577400E+00
  2.86500000E-01 -5.63549424E+00
  2.86500000E-01 -5.68637101E+00
  2.86500000E-01 -5.69609125E+00
  2.86500000E-01 -5.74696803E+00
  2.86500000E-01 -5.75668827E+00
  2.86500000E-01 -5.80756504E+00
  2.86500000E-01 -5.81728528E+00
  2.86500000E-01 -5.86816206E+00
  2.86500000E-01 -5.87788230E+00
  2.86500000E-01 -5.92875907E+00
  2.86500000E-01 -5.93847931E+00
  2.86500000E-01 -5.98935609E+00
  2.86500000E-01 -5.99907633E+00
  2.86500000E-01 -6.04995310E+00
  2.86500000E-01 -6.05967334E+00

w:106/ x(   0.1100000E+00) y(  -0.3530000E+01) ix(2) iy(2) s(   0.7000E+00)

h: x ny1,0  y2=[y1](Cu),ic[0.933]
 -1.000000E+00 -1.000000E+00

hb:   line clip z   cb(0.933)
clip:
  0.00000000E+00 -5.52947881E+00
  2.00787854E-04 -5.54500000E+00
  6.06895359E-04 -5.54500000E+00
  1.00238626E-03 -5.54500000E+00
  1.40849376E-03 -5.54500000E+00
  1.80398466E-03 -5.54500000E+00
  2.21009216E-03 -5.54500000E+00
  2.60558306E-03 -5.54500000E+00
  3.01169056E-03 -5.54500000E+00
  3.40718146E-03 -5.54500000E+00
  3.81328897E-03 -5.54500000E+00
  4.20877986E-03 -5.54500000E+00
  4.61488737E-03 -5.54500000E+00
  5.01037826E-03 -5.54500000E+00
  5.41648577E-03 -5.54500000E+00
  5.81197667E-03 -5.54500000E+00
  6.21808417E-03 -5.54500000E+00
  6.61357507E-03 -5.54500000E+00
  7.01968257E-03 -5.54500000E+00
  7.41517347E-03 -5.54500000E+00
  7.82128097E-03 -5.54500000E+00
  8.21677187E-03 -5.54500000E+00
  8.62287938E-03 -5.54500000E+00
  9.01837027E-03 -5.54500000E+00
  9.42447778E-03 -5.54500000E+00
  9.81996867E-03 -5.54500000E+00
  1.02260762E-02 -5.54500000E+00
  1.06215671E-02 -5.54500000E+00
  1.10276746E-02 -5.54500000E+00
  1.14231655E-02 -5.54500000E+00
  1.18292730E-02 -5.54500000E+00
  1.22247639E-02 -5.54500000E+00
  1.26308714E-02 -5.54500000E+00
  1.30263623E-02 -5.54500000E+00
  1.34324698E-02 -5.54500000E+00
  1.38279607E-02 -5.54500000E+00
  1.42340682E-02 -5.54500000E+00
  1.46295591E-02 -5.54500000E+00
  1.50356666E-02 -5.54500000E+00
  1.54311575E-02 -5.54500000E+00
  1.58372650E-02 -5.54500000E+00
  1.62327559E-02 -5.54500000E+00
  1.66388634E-02 -5.54500000E+00
  1.70343543E-02 -5.54500000E+00
  1.74404618E-02 -5.54500000E+00
  1.78359527E-02 -5.54500000E+00
  1.82420602E-02 -5.54500000E+00
  1.86375511E-02 -5.54500000E+00
  1.90436586E-02 -5.54500000E+00
  1.94391495E-02 -5.54500000E+00
  1.98452570E-02 -5.54500000E+00
  2.02407479E-02 -5.54500000E+00
  2.06468554E-02 -5.54500000E+00
  2.10423463E-02 -5.54500000E+00
  2.14484538E-02 -5.54500000E+00
  2.18439447E-02 -5.54500000E+00
  2.22500522E-02 -5.54500000E+00
  2.26455431E-02 -5.54500000E+00
  2.30516506E-02 -5.54500000E+00
  2.34471415E-02 -5.54500000E+00
  2.38532490E-02 -5.54500000E+00
  2.42487399E-02 -5.54500000E+00
  2.46548474E-02 -5.54500000E+00
  2.50503383E-02 -5.54500000E+00
  2.54564458E-02 -5.54500000E+00
  2.58519367E-02 -5.54500000E+00
  2.62580442E-02 -5.54500000E+00
  2.66535351E-02 -5.54500000E+00
  2.70596426E-02 -5.54500000E+00
  2.74551335E-02 -5.54500000E+00
  2.78612410E-02 -5.54500000E+00
  2.82567319E-02 -5.54500000E+00
  2.86628394E-02 -5.54500000E+00
  2.90583303E-02 -5.54500000E+00
  2.94644378E-02 -5.54500000E+00
  2.98599287E-02 -5.54500000E+00
  3.02660362E-02 -5.54500000E+00
  3.06615271E-02 -5.54500000E+00
  3.10676346E-02 -5.54500000E+00
  3.14631255E-02 -5.54500000E+00
  3.18692330E-02 -5.54500000E+00
  3.22647239E-02 -5.54500000E+00
  3.26708314E-02 -5.54500000E+00
  3.30663223E-02 -5.54500000E+00
  3.34724298E-02 -5.54500000E+00
  3.38679207E-02 -5.54500000E+00
  3.42740282E-02 -5.54500000E+00
  3.46695191E-02 -5.54500000E+00
  3.50756266E-02 -5.54500000E+00
  3.54711175E-02 -5.54500000E+00
  3.58772250E-02 -5.54500000E+00
  3.62727159E-02 -5.54500000E+00
  3.66788234E-02 -5.54500000E+00
  3.70743143E-02 -5.54500000E+00
  3.74804218E-02 -5.54500000E+00
  3.78759127E-02 -5.54500000E+00
  3.82820202E-02 -5.54500000E+00
  3.86775111E-02 -5.54500000E+00
  3.90836186E-02 -5.54500000E+00
  3.94791095E-02 -5.54500000E+00
  3.98852170E-02 -5.54500000E+00
  4.02807079E-02 -5.54500000E+00
  4.06868154E-02 -5.54500000E+00
  4.10823063E-02 -5.54500000E+00
  4.14884138E-02 -5.54500000E+00
  4.18839047E-02 -5.54500000E+00
  4.22900122E-02 -5.54500000E+00
  4.26855031E-02 -5.54500000E+00
  4.30916106E-02 -5.54500000E+00
  4.34871015E-02 -5.54500000E+00
  4.38932090E-02 -5.54500000E+00
  4.42886999E-02 -5.54500000E+00
  4.46948074E-02 -5.54500000E+00
  4.50902983E-02 -5.54500000E+00
  4.54964058E-02 -5.54500000E+00
  4.58918967E-02 -5.54500000E+00
  4.62980043E-02 -5.54500000E+00
  4.66934951E-02 -5.54500000E+00
  4.70996027E-02 -5.54500000E+00
  4.74950935E-02 -5.54500000E+00
  4.79012011E-02 -5.54500000E+00
  4.82966919E-02 -5.54500000E+00
  4.87027995E-02 -5.54500000E+00
  4.90982904E-02 -5.54500000E+00
  4.95043979E-02 -5.54500000E+00
  4.98998888E-02 -5.54500000E+00
  5.03059963E-02 -5.54500000E+00
  5.07014872E-02 -5.54500000E+00
  5.11075947E-02 -5.54500000E+00
  5.15030856E-02 -5.54500000E+00
  5.19091931E-02 -5.54500000E+00
  5.23046840E-02 -5.54500000E+00
  5.27107915E-02 -5.54500000E+00
  5.31062824E-02 -5.54500000E+00
  5.35123899E-02 -5.54500000E+00
  5.39078808E-02 -5.54500000E+00
  5.43139883E-02 -5.54500000E+00
  5.47094792E-02 -5.54500000E+00
  5.51155867E-02 -5.54500000E+00
  5.55110776E-02 -5.54500000E+00
  5.59171851E-02 -5.54500000E+00
  5.63126760E-02 -5.54500000E+00
  5.67187835E-02 -5.54500000E+00
  5.71142744E-02 -5.54500000E+00
  5.75203819E-02 -5.54500000E+00
  5.79158728E-02 -5.54500000E+00
  5.83219803E-02 -5.54500000E+00
  5.87174712E-02 -5.54500000E+00
  5.91235787E-02 -5.54500000E+00
  5.95190696E-02 -5.54500000E+00
  5.99251771E-02 -5.54500000E+00
  6.03206680E-02 -5.54500000E+00
  6.07267755E-02 -5.54500000E+00
  6.11222664E-02 -5.54500000E+00
  6.15283739E-02 -5.54500000E+00
  6.19238648E-02 -5.54500000E+00
  6.23299723E-02 -5.54500000E+00
  6.27254632E-02 -5.54500000E+00
  6.31315707E-02 -5.54500000E+00
  6.35270616E-02 -5.54500000E+00
  6.39331691E-02 -5.54500000E+00
  6.43286600E-02 -5.54500000E+00
  6.47347675E-02 -5.54500000E+00
  6.51302584E-02 -5.54500000E+00
  6.55363659E-02 -5.54500000E+00
  6.59318568E-02 -5.54500000E+00
  6.63379643E-02 -5.54500000E+00
  6.67334552E-02 -5.54500000E+00
  6.71395627E-02 -5.54500000E+00
  6.75350536E-02 -5.54500000E+00
  6.79411611E-02 -5.54500000E+00
  6.83366520E-02 -5.54500000E+00
  6.87427595E-02 -5.54500000E+00
  6.91382504E-02 -5.54500000E+00
  6.95443579E-02 -5.54500000E+00
  6.99398488E-02 -5.54500000E+00
  7.03459563E-02 -5.54500000E+00
  7.07414472E-02 -5.54500000E+00
  7.11475547E-02 -5.54500000E+00
  7.15430456E-02 -5.54500000E+00
  7.19491531E-02 -5.54500000E+00
  7.23446440E-02 -5.54500000E+00
  7.27507515E-02 -5.54500000E+00
  7.31462424E-02 -5.54500000E+00
  7.35523499E-02 -5.54500000E+00
  7.39478408E-02 -5.54500000E+00
  7.43539483E-02 -5.54500000E+00
  7.47494392E-02 -5.54500000E+00
  7.51555467E-02 -5.54500000E+00
  7.55510376E-02 -5.54500000E+00
  7.59571451E-02 -5.54500000E+00
  7.63526360E-02 -5.54500000E+00
  7.67587435E-02 -5.54500000E+00
  7.71542344E-02 -5.54500000E+00
  7.75603419E-02 -5.54500000E+00
  7.79558328E-02 -5.54500000E+00
  7.83619403E-02 -5.54500000E+00
  7.87574312E-02 -5.54500000E+00
  7.91635387E-02 -5.54500000E+00
  7.95590296E-02 -5.54500000E+00
  7.99651371E-02 -5.54500000E+00
  8.03606280E-02 -5.54500000E+00
  8.07667355E-02 -5.54500000E+00
  8.11622264E-02 -5.54500000E+00
  8.15683339E-02 -5.54500000E+00
  8.19638248E-02 -5.54500000E+00
  8.23699323E-02 -5.54500000E+00
  8.27654232E-02 -5.54500000E+00
  8.31715307E-02 -5.54500000E+00
  8.35670216E-02 -5.54500000E+00
  8.39731291E-02 -5.54500000E+00
  8.43686200E-02 -5.54500000E+00
  8.47747275E-02 -5.54500000E+00
  8.51702184E-02 -5.54500000E+00
  8.55763259E-02 -5.54500000E+00
  8.59718168E-02 -5.54500000E+00
  8.63779243E-02 -5.54500000E+00
  8.67734152E-02 -5.54500000E+00
  8.71795227E-02 -5.54500000E+00
  8.75750136E-02 -5.54500000E+00
  8.79811211E-02 -5.54500000E+00
  8.83766120E-02 -5.54500000E+00
  8.87827195E-02 -5.54500000E+00
  8.91782104E-02 -5.54500000E+00
  8.95843179E-02 -5.54500000E+00
  8.99798088E-02 -5.54500000E+00
  9.03859163E-02 -5.54500000E+00
  9.07814072E-02 -5.54500000E+00
  9.11875147E-02 -5.54500000E+00
  9.15830056E-02 -5.54500000E+00
  9.19891131E-02 -5.54500000E+00
  9.23846040E-02 -5.54500000E+00
  9.27907115E-02 -5.54500000E+00
  9.31862024E-02 -5.54500000E+00
  9.35923099E-02 -5.54500000E+00
  9.39878008E-02 -5.54500000E+00
  9.43939083E-02 -5.54500000E+00
  9.47893992E-02 -5.54500000E+00
  9.51955067E-02 -5.54500000E+00
  9.55909976E-02 -5.54500000E+00
  9.59971051E-02 -5.54500000E+00
  9.63925960E-02 -5.54500000E+00
  9.67987036E-02 -5.54500000E+00
  9.71941944E-02 -5.54500000E+00
  9.76003020E-02 -5.54500000E+00
  9.79957928E-02 -5.54500000E+00
  9.84019004E-02 -5.54500000E+00
  9.87973913E-02 -5.54500000E+00
  9.92034988E-02 -5.54500000E+00
  9.95989897E-02 -5.54500000E+00
  1.00005097E-01 -5.54500000E+00
  1.00400588E-01 -5.54500000E+00
  1.00806696E-01 -5.54500000E+00
  1.01202186E-01 -5.54500000E+00
  1.01608294E-01 -5.54500000E+00
  1.02003785E-01 -5.54500000E+00
  1.02409892E-01 -5.54500000E+00
  1.02805383E-01 -5.54500000E+00
  1.03211491E-01 -5.54500000E+00
  1.03606982E-01 -5.54500000E+00
  1.04013089E-01 -5.54500000E+00
  1.04408580E-01 -5.54500000E+00
  1.04814688E-01 -5.54500000E+00
  1.05210178E-01 -5.54500000E+00
  1.05616286E-01 -5.54500000E+00
  1.06011777E-01 -5.54500000E+00
  1.06417884E-01 -5.54500000E+00
  1.06813375E-01 -5.54500000E+00
  1.07219483E-01 -5.54500000E+00
  1.07614974E-01 -5.54500000E+00
  1.08021081E-01 -5.54500000E+00
  1.08416572E-01 -5.54500000E+00
  1.08822680E-01 -5.54500000E+00
  1.09218170E-01 -5.54500000E+00
  1.09624278E-01 -5.54500000E+00
  1.10019769E-01 -5.54500000E+00
  1.10425876E-01 -5.54500000E+00
  1.10821367E-01 -5.54500000E+00
  1.11227475E-01 -5.54500000E+00
  1.11622966E-01 -5.54500000E+00
  1.12029073E-01 -5.54500000E+00
  1.12424564E-01 -5.54500000E+00
  1.12830672E-01 -5.54500000E+00
  1.13226162E-01 -5.54500000E+00
  1.13632270E-01 -5.54500000E+00
  1.14027761E-01 -5.54500000E+00
  1.14433868E-01 -5.54500000E+00
  1.14829359E-01 -5.54500000E+00
  1.15235467E-01 -5.54500000E+00
  1.15630958E-01 -5.54500000E+00
  1.16037065E-01 -5.54500000E+00
  1.16432556E-01 -5.54500000E+00
  1.16838664E-01 -5.54500000E+00
  1.17234154E-01 -5.54500000E+00
  1.17640262E-01 -5.54500000E+00
  1.18035753E-01 -5.54500000E+00
  1.18441860E-01 -5.54500000E+00
  1.18837351E-01 -5.54500000E+00
  1.19243459E-01 -5.54500000E+00
  1.19638950E-01 -5.54500000E+00
  1.20045057E-01 -5.54500000E+00
  1.20440548E-01 -5.54500000E+00
  1.20846656E-01 -5.54500000E+00
  1.21242146E-01 -5.54500000E+00
  1.21648254E-01 -5.54500000E+00
  1.22043745E-01 -5.54500000E+00
  1.22449852E-01 -5.54500000E+00
  1.22845343E-01 -5.54500000E+00
  1.23251451E-01 -5.54500000E+00
  1.23646942E-01 -5.54500000E+00
  1.24053049E-01 -5.54500000E+00
  1.24448540E-01 -5.54500000E+00
  1.24854648E-01 -5.54500000E+00
  1.25250139E-01 -5.54500000E+00
  1.25656246E-01 -5.54500000E+00
  1.26051737E-01 -5.54500000E+00
  1.26457844E-01 -5.54500000E+00
  1.26853335E-01 -5.54500000E+00
  1.27259443E-01 -5.54500000E+00
  1.27654934E-01 -5.54500000E+00
  1.28061041E-01 -5.54500000E+00
  1.28456532E-01 -5.54500000E+00
  1.28862640E-01 -5.54500000E+00
  1.29258131E-01 -5.54500000E+00
  1.29664238E-01 -5.54500000E+00
  1.30059729E-01 -5.54500000E+00
  1.30465836E-01 -5.54500000E+00
  1.30861327E-01 -5.54500000E+00
  1.31267435E-01 -5.54500000E+00
  1.31662926E-01 -5.54500000E+00
  1.32069033E-01 -5.54500000E+00
  1.32464524E-01 -5.54500000E+00
  1.32870632E-01 -5.54500000E+00
  1.33266123E-01 -5.54500000E+00
  1.33672230E-01 -5.54500000E+00
  1.34067721E-01 -5.54500000E+00
  1.34473828E-01 -5.54500000E+00
  1.34869319E-01 -5.54500000E+00
  1.35275427E-01 -5.54500000E+00
  1.35670918E-01 -5.54500000E+00
  1.36077025E-01 -5.54500000E+00
  1.36472516E-01 -5.54500000E+00
  1.36878624E-01 -5.54500000E+00
  1.37274115E-01 -5.54500000E+00
  1.37680222E-01 -5.54500000E+00
  1.38075713E-01 -5.54500000E+00
  1.38481820E-01 -5.54500000E+00
  1.38877311E-01 -5.54500000E+00
  1.39283419E-01 -5.54500000E+00
  1.39678910E-01 -5.54500000E+00
  1.40085017E-01 -5.54500000E+00
  1.40480508E-01 -5.54500000E+00
  1.40886616E-01 -5.54500000E+00
  1.41282107E-01 -5.54500000E+00
  1.41688214E-01 -5.54500000E+00
  1.42083705E-01 -5.54500000E+00
  1.42489812E-01 -5.54500000E+00
  1.42885303E-01 -5.54500000E+00
  1.43291411E-01 -5.54500000E+00
  1.43686902E-01 -5.54500000E+00
  1.44093009E-01 -5.54500000E+00
  1.44488500E-01 -5.54500000E+00
  1.44894608E-01 -5.54500000E+00
  1.45290099E-01 -5.54500000E+00
  1.45696206E-01 -5.54500000E+00
  1.46091697E-01 -5.54500000E+00
  1.46497804E-01 -5.54500000E+00
  1.46893295E-01 -5.54500000E+00
  1.47299403E-01 -5.54500000E+00
  1.47694894E-01 -5.54500000E+00
  1.48101001E-01 -5.54500000E+00
  1.48496492E-01 -5.54500000E+00
  1.48902600E-01 -5.54500000E+00
  1.49298091E-01 -5.54500000E+00
  1.49704198E-01 -5.54500000E+00
  1.50099689E-01 -5.54500000E+00
  1.50505796E-01 -5.54500000E+00
  1.50901287E-01 -5.54500000E+00
  1.51307395E-01 -5.54500000E+00
  1.51702886E-01 -5.54500000E+00
  1.52108993E-01 -5.54500000E+00
  1.52504484E-01 -5.54500000E+00
  1.52910592E-01 -5.54500000E+00
  1.53306083E-01 -5.54500000E+00
  1.53712190E-01 -5.54500000E+00
  1.54107681E-01 -5.54500000E+00
  1.54513788E-01 -5.54500000E+00
  1.54909279E-01 -5.54500000E+00
  1.55315387E-01 -5.54500000E+00
  1.55710878E-01 -5.54500000E+00
  1.56116985E-01 -5.54500000E+00
  1.56512476E-01 -5.54500000E+00
  1.56918584E-01 -5.54500000E+00
  1.57314075E-01 -5.54500000E+00
  1.57720182E-01 -5.54500000E+00
  1.58115673E-01 -5.54500000E+00
  1.58521780E-01 -5.54500000E+00
  1.58917271E-01 -5.54500000E+00
  1.59323379E-01 -5.54500000E+00
  1.59718870E-01 -5.54500000E+00
  1.60124977E-01 -5.54500000E+00
  1.60520468E-01 -5.54500000E+00
  1.60926576E-01 -5.54500000E+00
  1.61322067E-01 -5.54500000E+00
  1.61728174E-01 -5.54500000E+00
  1.62123665E-01 -5.54500000E+00
  1.62529772E-01 -5.54500000E+00
  1.62925263E-01 -5.54500000E+00
  1.63331371E-01 -5.54500000E+00
  1.63726862E-01 -5.54500000E+00
  1.64132969E-01 -5.54500000E+00
  1.64528460E-01 -5.54500000E+00
  1.64934568E-01 -5.54500000E+00
  1.65330059E-01 -5.54500000E+00
  1.65736166E-01 -5.54500000E+00
  1.66131657E-01 -5.54500000E+00
  1.66537764E-01 -5.54500000E+00
  1.66933255E-01 -5.54500000E+00
  1.67339363E-01 -5.54500000E+00
  1.67734854E-01 -5.54500000E+00
  1.68140961E-01 -5.54500000E+00
  1.68536452E-01 -5.54500000E+00
  1.68942560E-01 -5.54500000E+00
  1.69338051E-01 -5.54500000E+00
  1.69744158E-01 -5.54500000E+00
  1.70139649E-01 -5.54500000E+00
  1.70545756E-01 -5.54500000E+00
  1.70941247E-01 -5.54500000E+00
  1.71347355E-01 -5.54500000E+00
  1.71742846E-01 -5.54500000E+00
  1.72148953E-01 -5.54500000E+00
  1.72544444E-01 -5.54500000E+00
  1.72950552E-01 -5.54500000E+00
  1.73346043E-01 -5.54500000E+00
  1.73752150E-01 -5.54500000E+00
  1.74147641E-01 -5.54500000E+00
  1.74553749E-01 -5.54500000E+00
  1.74949239E-01 -5.54500000E+00
  1.75355347E-01 -5.54500000E+00
  1.75750838E-01 -5.54500000E+00
  1.76156945E-01 -5.54500000E+00
  1.76552436E-01 -5.54500000E+00
  1.76958544E-01 -5.54500000E+00
  1.77354035E-01 -5.54500000E+00
  1.77760142E-01 -5.54500000E+00
  1.78155633E-01 -5.54500000E+00
  1.78561741E-01 -5.54500000E+00
  1.78957231E-01 -5.54500000E+00
  1.79363339E-01 -5.54500000E+00
  1.79758830E-01 -5.54500000E+00
  1.80164937E-01 -5.54500000E+00
  1.80560428E-01 -5.54500000E+00
  1.80966536E-01 -5.54500000E+00
  1.81362027E-01 -5.54500000E+00
  1.81768134E-01 -5.54500000E+00
  1.82163625E-01 -5.54500000E+00
  1.82569733E-01 -5.54500000E+00
  1.82965223E-01 -5.54500000E+00
  1.83371331E-01 -5.54500000E+00
  1.83766822E-01 -5.54500000E+00
  1.84172929E-01 -5.54500000E+00
  1.84568420E-01 -5.54500000E+00
  1.84974528E-01 -5.54500000E+00
  1.85370019E-01 -5.54500000E+00
  1.85776126E-01 -5.54500000E+00
  1.86171617E-01 -5.54500000E+00
  1.86577725E-01 -5.54500000E+00
  1.86973215E-01 -5.54500000E+00
  1.87379323E-01 -5.54500000E+00
  1.87774814E-01 -5.54500000E+00
  1.88180921E-01 -5.54500000E+00
  1.88576412E-01 -5.54500000E+00
  1.88982520E-01 -5.54500000E+00
  1.89378011E-01 -5.54500000E+00
  1.89784118E-01 -5.54500000E+00
  1.90179609E-01 -5.54500000E+00
  1.90585717E-01 -5.54500000E+00
  1.90981207E-01 -5.54500000E+00
  1.91387315E-01 -5.54500000E+00
  1.91782806E-01 -5.54500000E+00
  1.92188913E-01 -5.54500000E+00
  1.92584404E-01 -5.54500000E+00
  1.92990512E-01 -5.54500000E+00
  1.93386003E-01 -5.54500000E+00
  1.93792110E-01 -5.54500000E+00
  1.94187601E-01 -5.54500000E+00
  1.94593709E-01 -5.54500000E+00
  1.94989199E-01 -5.54500000E+00
  1.95395307E-01 -5.54500000E+00
  1.95790798E-01 -5.54500000E+00
  1.96196905E-01 -5.54500000E+00
  1.96592396E-01 -5.54500000E+00
  1.96998504E-01 -5.54500000E+00
  1.97393995E-01 -5.54500000E+00
  1.97800102E-01 -5.54500000E+00
  1.98195593E-01 -5.54500000E+00
  1.98601701E-01 -5.54500000E+00
  1.98997191E-01 -5.54500000E+00
  1.99403299E-01 -5.54500000E+00
  1.99798790E-01 -5.54500000E+00
  2.00204897E-01 -5.54500000E+00
  2.00600388E-01 -5.54500000E+00
  2.01006496E-01 -5.54500000E+00
  2.01401987E-01 -5.54500000E+00
  2.01808094E-01 -5.54500000E+00
  2.02203585E-01 -5.54500000E+00
  2.02609693E-01 -5.54500000E+00
  2.03005183E-01 -5.54500000E+00
  2.03411291E-01 -5.54500000E+00
  2.03806782E-01 -5.54500000E+00
  2.04212889E-01 -5.54500000E+00
  2.04608380E-01 -5.54500000E+00
  2.05014488E-01 -5.54500000E+00
  2.05409979E-01 -5.54500000E+00
  2.05816086E-01 -5.54500000E+00
  2.06211577E-01 -5.54500000E+00
  2.06617685E-01 -5.54500000E+00
  2.07013175E-01 -5.54500000E+00
  2.07419283E-01 -5.54500000E+00
  2.07814774E-01 -5.54500000E+00
  2.08220881E-01 -5.54500000E+00
  2.08616372E-01 -5.54500000E+00
  2.09022480E-01 -5.54500000E+00
  2.09417971E-01 -5.54500000E+00
  2.09824078E-01 -5.54500000E+00
  2.10219569E-01 -5.54500000E+00
  2.10625677E-01 -5.54500000E+00
  2.11021167E-01 -5.54500000E+00
  2.11427275E-01 -5.54500000E+00
  2.11822766E-01 -5.54500000E+00
  2.12228873E-01 -5.54500000E+00
  2.12624364E-01 -5.54500000E+00
  2.13030472E-01 -5.54500000E+00
  2.13425963E-01 -5.54500000E+00
  2.13832070E-01 -5.54500000E+00
  2.14227561E-01 -5.54500000E+00
  2.14633669E-01 -5.54500000E+00
  2.15029159E-01 -5.54500000E+00
  2.15435267E-01 -5.54500000E+00
  2.15830758E-01 -5.54500000E+00
  2.16236865E-01 -5.54500000E+00
  2.16632356E-01 -5.54500000E+00
  2.17038464E-01 -5.54500000E+00
  2.17433955E-01 -5.54500000E+00
  2.17840062E-01 -5.54500000E+00
  2.18235553E-01 -5.54500000E+00
  2.18641661E-01 -5.54500000E+00
  2.19037151E-01 -5.54500000E+00
  2.19443259E-01 -5.54500000E+00
  2.19838750E-01 -5.54500000E+00
  2.20000000E-01 -5.52648995E+00
  2.20000000E-01 -5.51430021E+00
  2.20000000E-01 -5.50211047E+00
  2.20000000E-01 -5.45370320E+00
  2.20000000E-01 -5.44151346E+00
  2.20000000E-01 -5.39310618E+00
  2.20000000E-01 -5.38091644E+00
  2.20000000E-01 -5.33250917E+00
  2.20000000E-01 -5.32031943E+00
  2.20000000E-01 -5.27191215E+00
  2.20000000E-01 -5.25972241E+00
  2.20000000E-01 -5.21131514E+00
  2.20000000E-01 -5.19912540E+00
  2.20000000E-01 -5.15071812E+00
  2.20000000E-01 -5.13852838E+00
  2.20000000E-01 -5.09012111E+00
  2.20000000E-01 -5.07793137E+00
  2.20000000E-01 -5.02952409E+00
  2.20000000E-01 -5.01733435E+00
  2.20000000E-01 -4.96892708E+00
  2.20000000E-01 -4.95673734E+00
  2.20000000E-01 -4.90833006E+00
  2.20000000E-01 -4.89614032E+00
  2.20000000E-01 -4.84773305E+00
  2.20000000E-01 -4.83554331E+00
  2.20000000E-01 -4.78713603E+00
  2.20000000E-01 -4.77494629E+00
  2.20000000E-01 -4.72653902E+00
  2.20000000E-01 -4.71434928E+00
  2.20000000E-01 -4.66594200E+00
  2.20000000E-01 -4.65375226E+00
  2.20000000E-01 -4.60534499E+00
  2.20000000E-01 -4.59315525E+00
  2.20000000E-01 -4.54474797E+00
  2.20000000E-01 -4.53255823E+00
  2.20000000E-01 -4.48415096E+00
  2.20000000E-01 -4.47196122E+00
  2.20000000E-01 -4.42355394E+00
  2.20000000E-01 -4.41136420E+00
  2.20000000E-01 -4.36295693E+00
  2.20000000E-01 -4.35076719E+00
  2.20000000E-01 -4.30235991E+00
  2.20000000E-01 -4.29017017E+00
  2.20000000E-01 -4.24176290E+00
  2.20000000E-01 -4.22957316E+00
  2.20000000E-01 -4.18116588E+00
  2.20000000E-01 -4.16897614E+00
  2.20000000E-01 -4.12056887E+00
  2.20000000E-01 -4.10837913E+00
  2.20000000E-01 -4.05997185E+00
  2.20000000E-01 -4.04778211E+00
  2.20000000E-01 -3.99937484E+00
  2.20000000E-01 -3.98718510E+00
  2.20000000E-01 -3.93877782E+00
  2.20000000E-01 -3.92658808E+00
  2.20000000E-01 -3.87818081E+00
  2.20000000E-01 -3.86599107E+00
  2.20000000E-01 -3.81758379E+00
  2.20000000E-01 -3.80539405E+00
  2.20000000E-01 -3.75698678E+00
  2.20000000E-01 -3.74479704E+00
  2.20000000E-01 -3.69638976E+00
  2.20000000E-01 -3.68420002E+00
  2.20000000E-01 -3.63579275E+00
  2.20000000E-01 -3.62360301E+00
  2.20000000E-01 -3.57519573E+00
  2.20000000E-01 -3.56300599E+00
  2.20000000E-01 -3.51459872E+00
  2.20000000E-01 -3.50240898E+00
  2.20000000E-01 -3.45400170E+00
  2.20000000E-01 -3.44181196E+00
  2.20000000E-01 -3.39340469E+00
  2.20000000E-01 -3.38121495E+00
  2.20000000E-01 -3.33280767E+00
  2.20000000E-01 -3.32061793E+00
  2.20000000E-01 -3.27221066E+00
  2.20000000E-01 -3.26002092E+00
  2.20000000E-01 -3.21161364E+00
  2.20000000E-01 -3.19942390E+00
  2.20000000E-01 -3.15101663E+00
  2.20000000E-01 -3.13882689E+00
  2.20000000E-01 -3.09041961E+00
  2.20000000E-01 -3.07822987E+00
  2.20000000E-01 -3.02982260E+00
  2.20000000E-01 -3.01763286E+00
  2.20000000E-01 -2.96922558E+00
  2.20000000E-01 -2.95703584E+00
  2.20000000E-01 -2.90862857E+00
  2.20000000E-01 -2.89643883E+00
  2.20000000E-01 -2.84803155E+00
  2.20000000E-01 -2.83584181E+00
  2.20000000E-01 -2.78743454E+00
  2.20000000E-01 -2.77524480E+00
  2.20000000E-01 -2.72683752E+00
  2.20000000E-01 -2.71464778E+00
  2.20000000E-01 -2.66624051E+00
  2.20000000E-01 -2.65405077E+00
  2.20000000E-01 -2.60564349E+00
  2.20000000E-01 -2.59345375E+00
  2.20000000E-01 -2.54504648E+00
  2.20000000E-01 -2.53285674E+00
  2.20000000E-01 -2.48444946E+00
  2.20000000E-01 -2.47225972E+00
  2.20000000E-01 -2.42385245E+00
  2.20000000E-01 -2.41166271E+00
  2.20000000E-01 -2.36325543E+00
  2.20000000E-01 -2.35106570E+00
  2.20000000E-01 -2.30265842E+00
  2.20000000E-01 -2.29046868E+00
  2.20000000E-01 -2.24206140E+00
  2.20000000E-01 -2.22987167E+00
  2.20000000E-01 -2.18146439E+00
  2.20000000E-01 -2.16927465E+00
  2.20000000E-01 -2.12086737E+00
  2.20000000E-01 -2.10867764E+00
  2.20000000E-01 -2.06027036E+00
  2.20000000E-01 -2.04808062E+00
  2.20000000E-01 -1.99967334E+00
  2.20000000E-01 -1.98748361E+00
  2.20000000E-01 -1.93907633E+00
  2.20000000E-01 -1.92688659E+00
  2.20000000E-01 -1.87847931E+00
  2.20000000E-01 -1.86628958E+00
  2.20000000E-01 -1.81788230E+00
  2.20000000E-01 -1.80569256E+00
  2.20000000E-01 -1.75728528E+00
  2.20000000E-01 -1.74509555E+00
  2.20000000E-01 -1.69668827E+00
  2.20000000E-01 -1.68449853E+00
  2.20000000E-01 -1.63609125E+00
  2.20000000E-01 -1.62390152E+00
  2.20000000E-01 -1.57549424E+00
  2.20000000E-01 -1.56330450E+00
  2.19838750E-01 -1.51500000E+00
  2.19038511E-01 -1.51500000E+00
  2.19037151E-01 -1.51500000E+00
  2.18236913E-01 -1.51500000E+00
  2.18235553E-01 -1.51500000E+00
  2.17435314E-01 -1.51500000E+00
  2.17433955E-01 -1.51500000E+00
  2.16633716E-01 -1.51500000E+00
  2.16632356E-01 -1.51500000E+00
  2.15832117E-01 -1.51500000E+00
  2.15830758E-01 -1.51500000E+00
  2.15030519E-01 -1.51500000E+00
  2.15029159E-01 -1.51500000E+00
  2.14228921E-01 -1.51500000E+00
  2.14227561E-01 -1.51500000E+00
  2.13427322E-01 -1.51500000E+00
  2.13425963E-01 -1.51500000E+00
  2.12625724E-01 -1.51500000E+00
  2.12624364E-01 -1.51500000E+00
  2.11824125E-01 -1.51500000E+00
  2.11822766E-01 -1.51500000E+00
  2.11022527E-01 -1.51500000E+00
  2.11021167E-01 -1.51500000E+00
  2.10220929E-01 -1.51500000E+00
  2.10219569E-01 -1.51500000E+00
  2.09419330E-01 -1.51500000E+00
  2.09417971E-01 -1.51500000E+00
  2.08617732E-01 -1.51500000E+00
  2.08616372E-01 -1.51500000E+00
  2.07816133E-01 -1.51500000E+00
  2.07814774E-01 -1.51500000E+00
  2.07014535E-01 -1.51500000E+00
  2.07013175E-01 -1.51500000E+00
  2.06212937E-01 -1.51500000E+00
  2.06211577E-01 -1.51500000E+00
  2.05411338E-01 -1.51500000E+00
  2.05409979E-01 -1.51500000E+00
  2.04609740E-01 -1.51500000E+00
  2.04608380E-01 -1.51500000E+00
  2.03808141E-01 -1.51500000E+00
  2.03806782E-01 -1.51500000E+00
  2.03006543E-01 -1.51500000E+00
  2.03005183E-01 -1.51500000E+00
  2.02204945E-01 -1.51500000E+00
  2.02203585E-01 -1.51500000E+00
  2.01403346E-01 -1.51500000E+00
  2.01401987E-01 -1.51500000E+00
  2.00601748E-01 -1.51500000E+00
  2.00600388E-01 -1.51500000E+00
  1.99800149E-01 -1.51500000E+00
  1.99798790E-01 -1.51500000E+00
  1.98998551E-01 -1.51500000E+00
  1.98997191E-01 -1.51500000E+00
  1.98196953E-01 -1.51500000E+00
  1.98195593E-01 -1.51500000E+00
  1.97395354E-01 -1.51500000E+00
  1.97393995E-01 -1.51500000E+00
  1.96593756E-01 -1.51500000E+00
  1.96592396E-01 -1.51500000E+00
  1.95792157E-01 -1.51500000E+00
  1.95790798E-01 -1.51500000E+00
  1.94990559E-01 -1.51500000E+00
  1.94989199E-01 -1.51500000E+00
  1.94188961E-01 -1.51500000E+00
  1.94187601E-01 -1.51500000E+00
  1.93387362E-01 -1.51500000E+00
  1.93386003E-01 -1.51500000E+00
  1.92585764E-01 -1.51500000E+00
  1.92584404E-01 -1.51500000E+00
  1.91784165E-01 -1.51500000E+00
  1.91782806E-01 -1.51500000E+00
  1.90982567E-01 -1.51500000E+00
  1.90981207E-01 -1.51500000E+00
  1.90180969E-01 -1.51500000E+00
  1.90179609E-01 -1.51500000E+00
  1.89379370E-01 -1.51500000E+00
  1.89378011E-01 -1.51500000E+00
  1.88577772E-01 -1.51500000E+00
  1.88576412E-01 -1.51500000E+00
  1.87776173E-01 -1.51500000E+00
  1.87774814E-01 -1.51500000E+00
  1.86974575E-01 -1.51500000E+00
  1.86973215E-01 -1.51500000E+00
  1.86172977E-01 -1.51500000E+00
  1.86171617E-01 -1.51500000E+00
  1.85371378E-01 -1.51500000E+00
  1.85370019E-01 -1.51500000E+00
  1.84569780E-01 -1.51500000E+00
  1.84568420E-01 -1.51500000E+00
  1.83768181E-01 -1.51500000E+00
  1.83766822E-01 -1.51500000E+00
  1.82966583E-01 -1.51500000E+00
  1.82965223E-01 -1.51500000E+00
  1.82164985E-01 -1.51500000E+00
  1.82163625E-01 -1.51500000E+00
  1.81363386E-01 -1.51500000E+00
  1.81362027E-01 -1.51500000E+00
  1.80561788E-01 -1.51500000E+00
  1.80560428E-01 -1.51500000E+00
  1.79760189E-01 -1.51500000E+00
  1.79758830E-01 -1.51500000E+00
  1.78958591E-01 -1.51500000E+00
  1.78957231E-01 -1.51500000E+00
  1.78156993E-01 -1.51500000E+00
  1.78155633E-01 -1.51500000E+00
  1.77355394E-01 -1.51500000E+00
  1.77354035E-01 -1.51500000E+00
  1.76553796E-01 -1.51500000E+00
  1.76552436E-01 -1.51500000E+00
  1.75752197E-01 -1.51500000E+00
  1.75750838E-01 -1.51500000E+00
  1.74950599E-01 -1.51500000E+00
  1.74949239E-01 -1.51500000E+00
  1.74149001E-01 -1.51500000E+00
  1.74147641E-01 -1.51500000E+00
  1.73347402E-01 -1.51500000E+00
  1.73346043E-01 -1.51500000E+00
  1.72545804E-01 -1.51500000E+00
  1.72544444E-01 -1.51500000E+00
  1.71744205E-01 -1.51500000E+00
  1.71742846E-01 -1.51500000E+00
  1.70942607E-01 -1.51500000E+00
  1.70941247E-01 -1.51500000E+00
  1.70141009E-01 -1.51500000E+00
  1.70139649E-01 -1.51500000E+00
  1.69339410E-01 -1.51500000E+00
  1.69338051E-01 -1.51500000E+00
  1.68537812E-01 -1.51500000E+00
  1.68536452E-01 -1.51500000E+00
  1.67736213E-01 -1.51500000E+00
  1.67734854E-01 -1.51500000E+00
  1.66934615E-01 -1.51500000E+00
  1.66933255E-01 -1.51500000E+00
  1.66133017E-01 -1.51500000E+00
  1.66131657E-01 -1.51500000E+00
  1.65331418E-01 -1.51500000E+00
  1.65330059E-01 -1.51500000E+00
  1.64529820E-01 -1.51500000E+00
  1.64528460E-01 -1.51500000E+00
  1.63728221E-01 -1.51500000E+00
  1.63726862E-01 -1.51500000E+00
  1.62926623E-01 -1.51500000E+00
  1.62925263E-01 -1.51500000E+00
  1.62125025E-01 -1.51500000E+00
  1.62123665E-01 -1.51500000E+00
  1.61323426E-01 -1.51500000E+00
  1.61322067E-01 -1.51500000E+00
  1.60521828E-01 -1.51500000E+00
  1.60520468E-01 -1.51500000E+00
  1.59720229E-01 -1.51500000E+00
  1.59718870E-01 -1.51500000E+00
  1.58918631E-01 -1.51500000E+00
  1.58917271E-01 -1.51500000E+00
  1.58117033E-01 -1.51500000E+00
  1.58115673E-01 -1.51500000E+00
  1.57315434E-01 -1.51500000E+00
  1.57314075E-01 -1.51500000E+00
  1.56513836E-01 -1.51500000E+00
  1.56512476E-01 -1.51500000E+00
  1.55712237E-01 -1.51500000E+00
  1.55710878E-01 -1.51500000E+00
  1.54910639E-01 -1.51500000E+00
  1.54909279E-01 -1.51500000E+00
  1.54109041E-01 -1.51500000E+00
  1.54107681E-01 -1.51500000E+00
  1.53307442E-01 -1.51500000E+00
  1.53306083E-01 -1.51500000E+00
  1.52505844E-01 -1.51500000E+00
  1.52504484E-01 -1.51500000E+00
  1.51704245E-01 -1.51500000E+00
  1.51702886E-01 -1.51500000E+00
  1.50902647E-01 -1.51500000E+00
  1.50901287E-01 -1.51500000E+00
  1.50101048E-01 -1.51500000E+00
  1.50099689E-01 -1.51500000E+00
  1.49299450E-01 -1.51500000E+00
  1.49298091E-01 -1.51500000E+00
  1.48497852E-01 -1.51500000E+00
  1.48496492E-01 -1.51500000E+00
  1.47696253E-01 -1.51500000E+00
  1.47694894E-01 -1.51500000E+00
  1.46894655E-01 -1.51500000E+00
  1.46893295E-01 -1.51500000E+00
  1.46093056E-01 -1.51500000E+00
  1.46091697E-01 -1.51500000E+00
  1.45291458E-01 -1.51500000E+00
  1.45290099E-01 -1.51500000E+00
  1.44489860E-01 -1.51500000E+00
  1.44488500E-01 -1.51500000E+00
  1.43688261E-01 -1.51500000E+00
  1.43686902E-01 -1.51500000E+00
  1.42886663E-01 -1.51500000E+00
  1.42885303E-01 -1.51500000E+00
  1.42085064E-01 -1.51500000E+00
  1.42083705E-01 -1.51500000E+00
  1.41283466E-01 -1.51500000E+00
  1.41282107E-01 -1.51500000E+00
  1.40481868E-01 -1.51500000E+00
  1.40480508E-01 -1.51500000E+00
  1.39680269E-01 -1.51500000E+00
  1.39678910E-01 -1.51500000E+00
  1.38878671E-01 -1.51500000E+00
  1.38877311E-01 -1.51500000E+00
  1.38077072E-01 -1.51500000E+00
  1.38075713E-01 -1.51500000E+00
  1.37275474E-01 -1.51500000E+00
  1.37274115E-01 -1.51500000E+00
  1.36473876E-01 -1.51500000E+00
  1.36472516E-01 -1.51500000E+00
  1.35672277E-01 -1.51500000E+00
  1.35670918E-01 -1.51500000E+00
  1.34870679E-01 -1.51500000E+00
  1.34869319E-01 -1.51500000E+00
  1.34069080E-01 -1.51500000E+00
  1.34067721E-01 -1.51500000E+00
  1.33267482E-01 -1.51500000E+00
  1.33266123E-01 -1.51500000E+00
  1.32465884E-01 -1.51500000E+00
  1.32464524E-01 -1.51500000E+00
  1.31664285E-01 -1.51500000E+00
  1.31662926E-01 -1.51500000E+00
  1.30862687E-01 -1.51500000E+00
  1.30861327E-01 -1.51500000E+00
  1.30061088E-01 -1.51500000E+00
  1.30059729E-01 -1.51500000E+00
  1.29259490E-01 -1.51500000E+00
  1.29258131E-01 -1.51500000E+00
  1.28457892E-01 -1.51500000E+00
  1.28456532E-01 -1.51500000E+00
  1.27656293E-01 -1.51500000E+00
  1.27654934E-01 -1.51500000E+00
  1.26854695E-01 -1.51500000E+00
  1.26853335E-01 -1.51500000E+00
  1.26053096E-01 -1.51500000E+00
  1.26051737E-01 -1.51500000E+00
  1.25251498E-01 -1.51500000E+00
  1.25250139E-01 -1.51500000E+00
  1.24449900E-01 -1.51500000E+00
  1.24448540E-01 -1.51500000E+00
  1.23648301E-01 -1.51500000E+00
  1.23646942E-01 -1.51500000E+00
  1.22846703E-01 -1.51500000E+00
  1.22845343E-01 -1.51500000E+00
  1.22045104E-01 -1.51500000E+00
  1.22043745E-01 -1.51500000E+00
  1.21243506E-01 -1.51500000E+00
  1.21242146E-01 -1.51500000E+00
  1.20441908E-01 -1.51500000E+00
  1.20440548E-01 -1.51500000E+00
  1.19640309E-01 -1.51500000E+00
  1.19638950E-01 -1.51500000E+00
  1.18838711E-01 -1.51500000E+00
  1.18837351E-01 -1.51500000E+00
  1.18037112E-01 -1.51500000E+00
  1.18035753E-01 -1.51500000E+00
  1.17235514E-01 -1.51500000E+00
  1.17234154E-01 -1.51500000E+00
  1.16433916E-01 -1.51500000E+00
  1.16432556E-01 -1.51500000E+00
  1.15632317E-01 -1.51500000E+00
  1.15630958E-01 -1.51500000E+00
  1.14830719E-01 -1.51500000E+00
  1.14829359E-01 -1.51500000E+00
  1.14029120E-01 -1.51500000E+00
  1.14027761E-01 -1.51500000E+00
  1.13227522E-01 -1.51500000E+00
  1.13226162E-01 -1.51500000E+00
  1.12425924E-01 -1.51500000E+00
  1.12424564E-01 -1.51500000E+00
  1.11624325E-01 -1.51500000E+00
  1.11622966E-01 -1.51500000E+00
  1.10822727E-01 -1.51500000E+00
  1.10821367E-01 -1.51500000E+00
  1.10021128E-01 -1.51500000E+00
  1.10000000E-01 -2.66773494E+00
  1.09218170E-01 -2.67900000E+00
  1.08585359E-01 -2.67900000E+00
  1.08416572E-01 -2.67900000E+00
  1.07783761E-01 -2.67900000E+00
  1.07614974E-01 -2.67900000E+00
  1.06982162E-01 -2.67900000E+00
  1.06813375E-01 -2.67900000E+00
  1.06180564E-01 -2.67900000E+00
  1.06011777E-01 -2.67900000E+00
  1.05378965E-01 -2.67900000E+00
  1.05210178E-01 -2.67900000E+00
  1.04577367E-01 -2.67900000E+00
  1.04408580E-01 -2.67900000E+00
  1.03775769E-01 -2.67900000E+00
  1.03606982E-01 -2.67900000E+00
  1.02974170E-01 -2.67900000E+00
  1.02805383E-01 -2.67900000E+00
  1.02172572E-01 -2.67900000E+00
  1.02003785E-01 -2.67900000E+00
  1.01370973E-01 -2.67900000E+00
  1.01202186E-01 -2.67900000E+00
  1.00569375E-01 -2.67900000E+00
  1.00400588E-01 -2.67900000E+00
  9.97677766E-02 -2.67900000E+00
  9.95989897E-02 -2.67900000E+00
  9.89661782E-02 -2.67900000E+00
  9.87973913E-02 -2.67900000E+00
  9.81645798E-02 -2.67900000E+00
  9.79957928E-02 -2.67900000E+00
  9.73629814E-02 -2.67900000E+00
  9.71941944E-02 -2.67900000E+00
  9.65613830E-02 -2.67900000E+00
  9.63925960E-02 -2.67900000E+00
  9.57597846E-02 -2.67900000E+00
  9.55909976E-02 -2.67900000E+00
  9.49581862E-02 -2.67900000E+00
  9.47893992E-02 -2.67900000E+00
  9.41565878E-02 -2.67900000E+00
  9.39878008E-02 -2.67900000E+00
  9.33549894E-02 -2.67900000E+00
  9.31862024E-02 -2.67900000E+00
  9.25533910E-02 -2.67900000E+00
  9.23846040E-02 -2.67900000E+00
  9.17517926E-02 -2.67900000E+00
  9.15830056E-02 -2.67900000E+00
  9.09501942E-02 -2.67900000E+00
  9.07814072E-02 -2.67900000E+00
  9.01485958E-02 -2.67900000E+00
  8.99798088E-02 -2.67900000E+00
  8.93469974E-02 -2.67900000E+00
  8.91782104E-02 -2.67900000E+00
  8.85453990E-02 -2.67900000E+00
  8.83766120E-02 -2.67900000E+00
  8.77438006E-02 -2.67900000E+00
  8.75750136E-02 -2.67900000E+00
  8.69422022E-02 -2.67900000E+00
  8.67734152E-02 -2.67900000E+00
  8.61406038E-02 -2.67900000E+00
  8.59718168E-02 -2.67900000E+00
  8.53390054E-02 -2.67900000E+00
  8.51702184E-02 -2.67900000E+00
  8.45374070E-02 -2.67900000E+00
  8.43686200E-02 -2.67900000E+00
  8.37358086E-02 -2.67900000E+00
  8.35670216E-02 -2.67900000E+00
  8.29342102E-02 -2.67900000E+00
  8.27654232E-02 -2.67900000E+00
  8.21326118E-02 -2.67900000E+00
  8.19638248E-02 -2.67900000E+00
  8.13310134E-02 -2.67900000E+00
  8.11622264E-02 -2.67900000E+00
  8.05294150E-02 -2.67900000E+00
  8.03606280E-02 -2.67900000E+00
  7.97278166E-02 -2.67900000E+00
  7.95590296E-02 -2.67900000E+00
  7.89262182E-02 -2.67900000E+00
  7.87574312E-02 -2.67900000E+00
  7.81246198E-02 -2.67900000E+00
  7.79558328E-02 -2.67900000E+00
  7.73230214E-02 -2.67900000E+00
  7.71542344E-02 -2.67900000E+00
  7.65214230E-02 -2.67900000E+00
  7.63526360E-02 -2.67900000E+00
  7.57198246E-02 -2.67900000E+00
  7.55510376E-02 -2.67900000E+00
  7.49182262E-02 -2.67900000E+00
  7.47494392E-02 -2.67900000E+00
  7.41166278E-02 -2.67900000E+00
  7.39478408E-02 -2.67900000E+00
  7.33150294E-02 -2.67900000E+00
  7.31462424E-02 -2.67900000E+00
  7.25134310E-02 -2.67900000E+00
  7.23446440E-02 -2.67900000E+00
  7.17118326E-02 -2.67900000E+00
  7.15430456E-02 -2.67900000E+00
  7.09102342E-02 -2.67900000E+00
  7.07414472E-02 -2.67900000E+00
  7.01086358E-02 -2.67900000E+00
  6.99398488E-02 -2.67900000E+00
  6.93070374E-02 -2.67900000E+00
  6.91382504E-02 -2.67900000E+00
  6.85054390E-02 -2.67900000E+00
  6.83366520E-02 -2.67900000E+00
  6.77038406E-02 -2.67900000E+00
  6.75350536E-02 -2.67900000E+00
  6.69022422E-02 -2.67900000E+00
  6.67334552E-02 -2.67900000E+00
  6.61006438E-02 -2.67900000E+00
  6.59318568E-02 -2.67900000E+00
  6.52990454E-02 -2.67900000E+00
  6.51302584E-02 -2.67900000E+00
  6.44974470E-02 -2.67900000E+00
  6.43286600E-02 -2.67900000E+00
  6.36958486E-02 -2.67900000E+00
  6.35270616E-02 -2.67900000E+00
  6.28942502E-02 -2.67900000E+00
  6.27254632E-02 -2.67900000E+00
  6.20926518E-02 -2.67900000E+00
  6.19238648E-02 -2.67900000E+00
  6.12910534E-02 -2.67900000E+00
  6.11222664E-02 -2.67900000E+00
  6.04894550E-02 -2.67900000E+00
  6.03206680E-02 -2.67900000E+00
  5.96878566E-02 -2.67900000E+00
  5.95190696E-02 -2.67900000E+00
  5.88862582E-02 -2.67900000E+00
  5.87174712E-02 -2.67900000E+00
  5.80846598E-02 -2.67900000E+00
  5.79158728E-02 -2.67900000E+00
  5.72830614E-02 -2.67900000E+00
  5.71142744E-02 -2.67900000E+00
  5.64814630E-02 -2.67900000E+00
  5.63126760E-02 -2.67900000E+00
  5.56798646E-02 -2.67900000E+00
  5.55110776E-02 -2.67900000E+00
  5.48782662E-02 -2.67900000E+00
  5.47094792E-02 -2.67900000E+00
  5.40766678E-02 -2.67900000E+00
  5.39078808E-02 -2.67900000E+00
  5.32750694E-02 -2.67900000E+00
  5.31062824E-02 -2.67900000E+00
  5.24734710E-02 -2.67900000E+00
  5.23046840E-02 -2.67900000E+00
  5.16718725E-02 -2.67900000E+00
  5.15030856E-02 -2.67900000E+00
  5.08702741E-02 -2.67900000E+00
  5.07014872E-02 -2.67900000E+00
  5.00686757E-02 -2.67900000E+00
  4.98998888E-02 -2.67900000E+00
  4.92670773E-02 -2.67900000E+00
  4.90982904E-02 -2.67900000E+00
  4.84654789E-02 -2.67900000E+00
  4.82966919E-02 -2.67900000E+00
  4.76638805E-02 -2.67900000E+00
  4.74950935E-02 -2.67900000E+00
  4.68622821E-02 -2.67900000E+00
  4.66934951E-02 -2.67900000E+00
  4.60606837E-02 -2.67900000E+00
  4.58918967E-02 -2.67900000E+00
  4.52590853E-02 -2.67900000E+00
  4.50902983E-02 -2.67900000E+00
  4.44574869E-02 -2.67900000E+00
  4.42886999E-02 -2.67900000E+00
  4.36558885E-02 -2.67900000E+00
  4.34871015E-02 -2.67900000E+00
  4.28542901E-02 -2.67900000E+00
  4.26855031E-02 -2.67900000E+00
  4.20526917E-02 -2.67900000E+00
  4.18839047E-02 -2.67900000E+00
  4.12510933E-02 -2.67900000E+00
  4.10823063E-02 -2.67900000E+00
  4.04494949E-02 -2.67900000E+00
  4.02807079E-02 -2.67900000E+00
  3.96478965E-02 -2.67900000E+00
  3.94791095E-02 -2.67900000E+00
  3.88462981E-02 -2.67900000E+00
  3.86775111E-02 -2.67900000E+00
  3.80446997E-02 -2.67900000E+00
  3.78759127E-02 -2.67900000E+00
  3.72431013E-02 -2.67900000E+00
  3.70743143E-02 -2.67900000E+00
  3.64415029E-02 -2.67900000E+00
  3.62727159E-02 -2.67900000E+00
  3.56399045E-02 -2.67900000E+00
  3.54711175E-02 -2.67900000E+00
  3.48383061E-02 -2.67900000E+00
  3.46695191E-02 -2.67900000E+00
  3.40367077E-02 -2.67900000E+00
  3.38679207E-02 -2.67900000E+00
  3.32351093E-02 -2.67900000E+00
  3.30663223E-02 -2.67900000E+00
  3.24335109E-02 -2.67900000E+00
  3.22647239E-02 -2.67900000E+00
  3.16319125E-02 -2.67900000E+00
  3.14631255E-02 -2.67900000E+00
  3.08303141E-02 -2.67900000E+00
  3.06615271E-02 -2.67900000E+00
  3.00287157E-02 -2.67900000E+00
  2.98599287E-02 -2.67900000E+00
  2.92271173E-02 -2.67900000E+00
  2.90583303E-02 -2.67900000E+00
  2.84255189E-02 -2.67900000E+00
  2.82567319E-02 -2.67900000E+00
  2.76239205E-02 -2.67900000E+00
  2.74551335E-02 -2.67900000E+00
  2.68223221E-02 -2.67900000E+00
  2.66535351E-02 -2.67900000E+00
  2.60207237E-02 -2.67900000E+00
  2.58519367E-02 -2.67900000E+00
  2.52191253E-02 -2.67900000E+00
  2.50503383E-02 -2.67900000E+00
  2.44175269E-02 -2.67900000E+00
  2.42487399E-02 -2.67900000E+00
  2.36159285E-02 -2.67900000E+00
  2.34471415E-02 -2.67900000E+00
  2.28143301E-02 -2.67900000E+00
  2.26455431E-02 -2.67900000E+00
  2.20127317E-02 -2.67900000E+00
  2.18439447E-02 -2.67900000E+00
  2.12111333E-02 -2.67900000E+00
  2.10423463E-02 -2.67900000E+00
  2.04095349E-02 -2.67900000E+00
  2.02407479E-02 -2.67900000E+00
  1.96079365E-02 -2.67900000E+00
  1.94391495E-02 -2.67900000E+00
  1.88063381E-02 -2.67900000E+00
  1.86375511E-02 -2.67900000E+00
  1.80047397E-02 -2.67900000E+00
  1.78359527E-02 -2.67900000E+00
  1.72031413E-02 -2.67900000E+00
  1.70343543E-02 -2.67900000E+00
  1.64015429E-02 -2.67900000E+00
  1.62327559E-02 -2.67900000E+00
  1.55999445E-02 -2.67900000E+00
  1.54311575E-02 -2.67900000E+00
  1.47983461E-02 -2.67900000E+00
  1.46295591E-02 -2.67900000E+00
  1.39967477E-02 -2.67900000E+00
  1.38279607E-02 -2.67900000E+00
  1.31951493E-02 -2.67900000E+00
  1.30263623E-02 -2.67900000E+00
  1.23935509E-02 -2.67900000E+00
  1.22247639E-02 -2.67900000E+00
  1.15919525E-02 -2.67900000E+00
  1.14231655E-02 -2.67900000E+00
  1.07903541E-02 -2.67900000E+00
  1.06215671E-02 -2.67900000E+00
  9.98875567E-03 -2.67900000E+00
  9.81996867E-03 -2.67900000E+00
  9.18715726E-03 -2.67900000E+00
  9.01837027E-03 -2.67900000E+00
  8.38555886E-03 -2.67900000E+00
  8.21677187E-03 -2.67900000E+00
  7.58396046E-03 -2.67900000E+00
  7.41517347E-03 -2.67900000E+00
  6.78236206E-03 -2.67900000E+00
  6.61357507E-03 -2.67900000E+00
  5.98076366E-03 -2.67900000E+00
  5.81197667E-03 -2.67900000E+00
  5.17916526E-03 -2.67900000E+00
  5.01037826E-03 -2.67900000E+00
  4.37756686E-03 -2.67900000E+00
  4.20877986E-03 -2.67900000E+00
  3.57596845E-03 -2.67900000E+00
  3.40718146E-03 -2.67900000E+00
  2.77437005E-03 -2.67900000E+00
  2.60558306E-03 -2.67900000E+00
  1.97277165E-03 -2.67900000E+00
  1.80398466E-03 -2.67900000E+00
  1.17117325E-03 -2.67900000E+00
  1.00238626E-03 -2.67900000E+00
  3.69574847E-04 -2.67900000E+00
  0.00000000E+00 -5.51430021E+00

w:104/ x(  -0.4500000E+00) y(   0.5000000E+00) ix(2) iy(2) s(   0.7000E+00)

h: x ny1,0  y2=[y1](Poly),ic[yellow]
 -1.000000E+00 -1.000000E+00

hb:   line clip z   cb(yellow)
clip:
 -5.00000000E-01 -3.99963075E+00
 -4.99996615E-01 -4.00000000E+00
 -4.99988345E-01 -4.00000000E+00
 -4.99195016E-01 -4.00000000E+00
 -4.99186746E-01 -4.00000000E+00
 -4.98393418E-01 -4.00000000E+00
 -4.98385148E-01 -4.00000000E+00
 -4.97591820E-01 -4.00000000E+00
 -4.97583550E-01 -4.00000000E+00
 -4.96790221E-01 -4.00000000E+00
 -4.96781951E-01 -4.00000000E+00
 -4.95988623E-01 -4.00000000E+00
 -4.95980353E-01 -4.00000000E+00
 -4.95187024E-01 -4.00000000E+00
 -4.95178754E-01 -4.00000000E+00
 -4.94385426E-01 -4.00000000E+00
 -4.94377156E-01 -4.00000000E+00
 -4.93583828E-01 -4.00000000E+00
 -4.93575558E-01 -4.00000000E+00
 -4.92782229E-01 -4.00000000E+00
 -4.92773959E-01 -4.00000000E+00
 -4.91980631E-01 -4.00000000E+00
 -4.91972361E-01 -4.00000000E+00
 -4.91179032E-01 -4.00000000E+00
 -4.91170762E-01 -4.00000000E+00
 -4.90377434E-01 -4.00000000E+00
 -4.90369164E-01 -4.00000000E+00
 -4.89575836E-01 -4.00000000E+00
 -4.89567566E-01 -4.00000000E+00
 -4.88774237E-01 -4.00000000E+00
 -4.88765967E-01 -4.00000000E+00
 -4.87972639E-01 -4.00000000E+00
 -4.87964369E-01 -4.00000000E+00
 -4.87171040E-01 -4.00000000E+00
 -4.87162770E-01 -4.00000000E+00
 -4.86369442E-01 -4.00000000E+00
 -4.86361172E-01 -4.00000000E+00
 -4.85567844E-01 -4.00000000E+00
 -4.85559574E-01 -4.00000000E+00
 -4.84766245E-01 -4.00000000E+00
 -4.84757975E-01 -4.00000000E+00
 -4.83964647E-01 -4.00000000E+00
 -4.83956377E-01 -4.00000000E+00
 -4.83163048E-01 -4.00000000E+00
 -4.83154778E-01 -4.00000000E+00
 -4.82361450E-01 -4.00000000E+00
 -4.82353180E-01 -4.00000000E+00
 -4.81559852E-01 -4.00000000E+00
 -4.81551582E-01 -4.00000000E+00
 -4.80758253E-01 -4.00000000E+00
 -4.80749983E-01 -4.00000000E+00
 -4.79956655E-01 -4.00000000E+00
 -4.79948385E-01 -4.00000000E+00
 -4.79155056E-01 -4.00000000E+00
 -4.79146786E-01 -4.00000000E+00
 -4.78353458E-01 -4.00000000E+00
 -4.78345188E-01 -4.00000000E+00
 -4.77551859E-01 -4.00000000E+00
 -4.77543590E-01 -4.00000000E+00
 -4.76750261E-01 -4.00000000E+00
 -4.76741991E-01 -4.00000000E+00
 -4.75948663E-01 -4.00000000E+00
 -4.75940393E-01 -4.00000000E+00
 -4.75147064E-01 -4.00000000E+00
 -4.75138794E-01 -4.00000000E+00
 -4.74345466E-01 -4.00000000E+00
 -4.74337196E-01 -4.00000000E+00
 -4.73543867E-01 -4.00000000E+00
 -4.73535598E-01 -4.00000000E+00
 -4.72742269E-01 -4.00000000E+00
 -4.72733999E-01 -4.00000000E+00
 -4.71940671E-01 -4.00000000E+00
 -4.71932401E-01 -4.00000000E+00
 -4.71139072E-01 -4.00000000E+00
 -4.71130802E-01 -4.00000000E+00
 -4.70337474E-01 -4.00000000E+00
 -4.70329204E-01 -4.00000000E+00
 -4.69535875E-01 -4.00000000E+00
 -4.69527606E-01 -4.00000000E+00
 -4.68734277E-01 -4.00000000E+00
 -4.68726007E-01 -4.00000000E+00
 -4.67932679E-01 -4.00000000E+00
 -4.67924409E-01 -4.00000000E+00
 -4.67131080E-01 -4.00000000E+00
 -4.67122810E-01 -4.00000000E+00
 -4.66329482E-01 -4.00000000E+00
 -4.66321212E-01 -4.00000000E+00
 -4.65527883E-01 -4.00000000E+00
 -4.65519614E-01 -4.00000000E+00
 -4.64726285E-01 -4.00000000E+00
 -4.64718015E-01 -4.00000000E+00
 -4.63924687E-01 -4.00000000E+00
 -4.63916417E-01 -4.00000000E+00
 -4.63123088E-01 -4.00000000E+00
 -4.63114818E-01 -4.00000000E+00
 -4.62321490E-01 -4.00000000E+00
 -4.62313220E-01 -4.00000000E+00
 -4.61519891E-01 -4.00000000E+00
 -4.61511622E-01 -4.00000000E+00
 -4.60718293E-01 -4.00000000E+00
 -4.60710023E-01 -4.00000000E+00
 -4.59916695E-01 -4.00000000E+00
 -4.59908425E-01 -4.00000000E+00
 -4.59115096E-01 -4.00000000E+00
 -4.59106826E-01 -4.00000000E+00
 -4.58313498E-01 -4.00000000E+00
 -4.58305228E-01 -4.00000000E+00
 -4.57511899E-01 -4.00000000E+00
 -4.57503630E-01 -4.00000000E+00
 -4.56710301E-01 -4.00000000E+00
 -4.56702031E-01 -4.00000000E+00
 -4.55908703E-01 -4.00000000E+00
 -4.55900433E-01 -4.00000000E+00
 -4.55107104E-01 -4.00000000E+00
 -4.55098834E-01 -4.00000000E+00
 -4.54305506E-01 -4.00000000E+00
 -4.54297236E-01 -4.00000000E+00
 -4.53503907E-01 -4.00000000E+00
 -4.53495638E-01 -4.00000000E+00
 -4.52702309E-01 -4.00000000E+00
 -4.52694039E-01 -4.00000000E+00
 -4.51900711E-01 -4.00000000E+00
 -4.51892441E-01 -4.00000000E+00
 -4.51099112E-01 -4.00000000E+00
 -4.51090842E-01 -4.00000000E+00
 -4.50297514E-01 -4.00000000E+00
 -4.50289244E-01 -4.00000000E+00
 -4.49495915E-01 -4.00000000E+00
 -4.49487646E-01 -4.00000000E+00
 -4.48694317E-01 -4.00000000E+00
 -4.48686047E-01 -4.00000000E+00
 -4.47892719E-01 -4.00000000E+00
 -4.47884449E-01 -4.00000000E+00
 -4.47091120E-01 -4.00000000E+00
 -4.47082850E-01 -4.00000000E+00
 -4.46289522E-01 -4.00000000E+00
 -4.46281252E-01 -4.00000000E+00
 -4.45487923E-01 -4.00000000E+00
 -4.45479654E-01 -4.00000000E+00
 -4.44686325E-01 -4.00000000E+00
 -4.44678055E-01 -4.00000000E+00
 -4.43884727E-01 -4.00000000E+00
 -4.43876457E-01 -4.00000000E+00
 -4.43083128E-01 -4.00000000E+00
 -4.43074858E-01 -4.00000000E+00
 -4.42281530E-01 -4.00000000E+00
 -4.42273260E-01 -4.00000000E+00
 -4.41479931E-01 -4.00000000E+00
 -4.41471662E-01 -4.00000000E+00
 -4.40678333E-01 -4.00000000E+00
 -4.40670063E-01 -4.00000000E+00
 -4.39876735E-01 -4.00000000E+00
 -4.39868465E-01 -4.00000000E+00
 -4.39075136E-01 -4.00000000E+00
 -4.39066866E-01 -4.00000000E+00
 -4.38273538E-01 -4.00000000E+00
 -4.38265268E-01 -4.00000000E+00
 -4.37471939E-01 -4.00000000E+00
 -4.37463670E-01 -4.00000000E+00
 -4.36670341E-01 -4.00000000E+00
 -4.36662071E-01 -4.00000000E+00
 -4.35868743E-01 -4.00000000E+00
 -4.35860473E-01 -4.00000000E+00
 -4.35067144E-01 -4.00000000E+00
 -4.35058874E-01 -4.00000000E+00
 -4.34265546E-01 -4.00000000E+00
 -4.34257276E-01 -4.00000000E+00
 -4.33463947E-01 -4.00000000E+00
 -4.33455678E-01 -4.00000000E+00
 -4.32662349E-01 -4.00000000E+00
 -4.32654079E-01 -4.00000000E+00
 -4.31860751E-01 -4.00000000E+00
 -4.31852481E-01 -4.00000000E+00
 -4.31059152E-01 -4.00000000E+00
 -4.31050882E-01 -4.00000000E+00
 -4.30257554E-01 -4.00000000E+00
 -4.30249284E-01 -4.00000000E+00
 -4.29455955E-01 -4.00000000E+00
 -4.29447686E-01 -4.00000000E+00
 -4.28654357E-01 -4.00000000E+00
 -4.28646087E-01 -4.00000000E+00
 -4.27852759E-01 -4.00000000E+00
 -4.27844489E-01 -4.00000000E+00
 -4.27051160E-01 -4.00000000E+00
 -4.27042890E-01 -4.00000000E+00
 -4.26249562E-01 -4.00000000E+00
 -4.26241292E-01 -4.00000000E+00
 -4.25447963E-01 -4.00000000E+00
 -4.25439694E-01 -4.00000000E+00
 -4.24646365E-01 -4.00000000E+00
 -4.24638095E-01 -4.00000000E+00
 -4.23844767E-01 -4.00000000E+00
 -4.23836497E-01 -4.00000000E+00
 -4.23043168E-01 -4.00000000E+00
 -4.23034898E-01 -4.00000000E+00
 -4.22241570E-01 -4.00000000E+00
 -4.22233300E-01 -4.00000000E+00
 -4.21439971E-01 -4.00000000E+00
 -4.21431702E-01 -4.00000000E+00
 -4.20638373E-01 -4.00000000E+00
 -4.20630103E-01 -4.00000000E+00
 -4.19836775E-01 -4.00000000E+00
 -4.19828505E-01 -4.00000000E+00
 -4.19035176E-01 -4.00000000E+00
 -4.19026906E-01 -4.00000000E+00
 -4.18233578E-01 -4.00000000E+00
 -4.18225308E-01 -4.00000000E+00
 -4.17431979E-01 -4.00000000E+00
 -4.17423710E-01 -4.00000000E+00
 -4.16630381E-01 -4.00000000E+00
 -4.16622111E-01 -4.00000000E+00
 -4.15828783E-01 -4.00000000E+00
 -4.15820513E-01 -4.00000000E+00
 -4.15027184E-01 -4.00000000E+00
 -4.15018914E-01 -4.00000000E+00
 -4.14225586E-01 -4.00000000E+00
 -4.14217316E-01 -4.00000000E+00
 -4.13423987E-01 -4.00000000E+00
 -4.13415717E-01 -4.00000000E+00
 -4.12622389E-01 -4.00000000E+00
 -4.12614119E-01 -4.00000000E+00
 -4.11820791E-01 -4.00000000E+00
 -4.11812521E-01 -4.00000000E+00
 -4.11019192E-01 -4.00000000E+00
 -4.11010922E-01 -4.00000000E+00
 -4.10217594E-01 -4.00000000E+00
 -4.10209324E-01 -4.00000000E+00
 -4.09415995E-01 -4.00000000E+00
 -4.09407725E-01 -4.00000000E+00
 -4.08614397E-01 -4.00000000E+00
 -4.08606127E-01 -4.00000000E+00
 -4.07812799E-01 -4.00000000E+00
 -4.07804529E-01 -4.00000000E+00
 -4.07011200E-01 -4.00000000E+00
 -4.07002930E-01 -4.00000000E+00
 -4.06209602E-01 -4.00000000E+00
 -4.06201332E-01 -4.00000000E+00
 -4.05408003E-01 -4.00000000E+00
 -4.05399733E-01 -4.00000000E+00
 -4.04606405E-01 -4.00000000E+00
 -4.04598135E-01 -4.00000000E+00
 -4.03804807E-01 -4.00000000E+00
 -4.03796537E-01 -4.00000000E+00
 -4.03003208E-01 -4.00000000E+00
 -4.02994938E-01 -4.00000000E+00
 -4.02201610E-01 -4.00000000E+00
 -4.02193340E-01 -4.00000000E+00
 -4.01400011E-01 -4.00000000E+00
 -4.01391741E-01 -4.00000000E+00
 -4.00598413E-01 -4.00000000E+00
 -4.00590143E-01 -4.00000000E+00
 -4.00000000E-01 -3.99937484E+00
 -4.00000000E-01 -3.95413767E+00
 -4.00000000E-01 -3.93877782E+00
 -4.00000000E-01 -3.89354066E+00
 -4.00000000E-01 -3.87818081E+00
 -4.00000000E-01 -3.83294364E+00
 -4.00000000E-01 -3.81758379E+00
 -4.00000000E-01 -3.77234663E+00
 -4.00000000E-01 -3.75698678E+00
 -4.00000000E-01 -3.71174961E+00
 -4.00000000E-01 -3.69638976E+00
 -4.00000000E-01 -3.65115260E+00
 -4.00000000E-01 -3.63579275E+00
 -4.00000000E-01 -3.59055558E+00
 -4.00000000E-01 -3.57519573E+00
 -4.00000000E-01 -3.52995857E+00
 -4.00000000E-01 -3.51459872E+00
 -4.00000000E-01 -3.46936155E+00
 -4.00000000E-01 -3.45400170E+00
 -4.00000000E-01 -3.40876454E+00
 -4.00000000E-01 -3.39340469E+00
 -4.00000000E-01 -3.34816752E+00
 -4.00000000E-01 -3.33280767E+00
 -4.00000000E-01 -3.28757051E+00
 -4.00000000E-01 -3.27221066E+00
 -4.00000000E-01 -3.22697349E+00
 -4.00000000E-01 -3.21161364E+00
 -4.00000000E-01 -3.16637648E+00
 -4.00000000E-01 -3.15101663E+00
 -4.00000000E-01 -3.10577946E+00
 -4.00000000E-01 -3.09041961E+00
 -4.00000000E-01 -3.04518245E+00
 -4.00000000E-01 -3.02982260E+00
 -4.00000000E-01 -2.98458543E+00
 -4.00000000E-01 -2.96922558E+00
 -4.00000000E-01 -2.92398842E+00
 -4.00000000E-01 -2.90862857E+00
 -4.00000000E-01 -2.86339140E+00
 -4.00000000E-01 -2.84803155E+00
 -4.00000000E-01 -2.80279439E+00
 -4.00000000E-01 -2.78743454E+00
 -4.00000000E-01 -2.74219737E+00
 -4.00000000E-01 -2.72683752E+00
 -4.00000000E-01 -2.68160036E+00
 -4.00000000E-01 -2.66624051E+00
 -4.00000000E-01 -2.62100334E+00
 -4.00000000E-01 -2.60564349E+00
 -4.00000000E-01 -2.56040633E+00
 -4.00000000E-01 -2.54504648E+00
 -4.00000000E-01 -2.49980931E+00
 -4.00000000E-01 -2.48444946E+00
 -4.00000000E-01 -2.43921230E+00
 -4.00000000E-01 -2.42385245E+00
 -4.00000000E-01 -2.37861529E+00
 -4.00000000E-01 -2.36325543E+00
 -4.00000000E-01 -2.31801827E+00
 -4.00000000E-01 -2.30265842E+00
 -4.00000000E-01 -2.25742126E+00
 -4.00000000E-01 -2.24206140E+00
 -4.00000000E-01 -2.19682424E+00
 -4.00000000E-01 -2.18146439E+00
 -4.00000000E-01 -2.13622723E+00
 -4.00000000E-01 -2.12086737E+00
 -4.00000000E-01 -2.07563021E+00
 -4.00000000E-01 -2.06027036E+00
 -4.00000000E-01 -2.01503320E+00
 -4.00000000E-01 -1.99967334E+00
 -4.00000000E-01 -1.95443618E+00
 -4.00000000E-01 -1.93907633E+00
 -4.00000000E-01 -1.89383917E+00
 -4.00000000E-01 -1.87847931E+00
 -4.00000000E-01 -1.83324215E+00
 -4.00000000E-01 -1.81788230E+00
 -4.00000000E-01 -1.77264514E+00
 -4.00000000E-01 -1.75728528E+00
 -4.00000000E-01 -1.71204812E+00
 -4.00000000E-01 -1.69668827E+00
 -4.00000000E-01 -1.65145111E+00
 -4.00000000E-01 -1.63609125E+00
 -4.00000000E-01 -1.59085409E+00
 -4.00000000E-01 -1.57549424E+00
 -4.00000000E-01 -1.53025708E+00
 -4.00000000E-01 -1.51489722E+00
 -4.00000000E-01 -1.46966006E+00
 -4.00000000E-01 -1.45430021E+00
 -4.00000000E-01 -1.40906305E+00
 -4.00000000E-01 -1.39370320E+00
 -4.00000000E-01 -1.34846603E+00
 -4.00000000E-01 -1.33310618E+00
 -4.00000000E-01 -1.28786902E+00
 -4.00000000E-01 -1.27250917E+00
 -4.00000000E-01 -1.22727200E+00
 -4.00000000E-01 -1.21191215E+00
 -4.00000000E-01 -1.16667499E+00
 -4.00000000E-01 -1.15131514E+00
 -4.00000000E-01 -1.10607797E+00
 -4.00000000E-01 -1.09071812E+00
 -4.00000000E-01 -1.04548096E+00
 -4.00000000E-01 -1.03012111E+00
 -4.00000000E-01 -9.84883942E-01
 -4.00000000E-01 -9.69524091E-01
 -4.00000000E-01 -9.24286927E-01
 -4.00000000E-01 -9.08927076E-01
 -4.00000000E-01 -8.63689912E-01
 -4.00000000E-01 -8.48330061E-01
 -4.00000000E-01 -8.03092897E-01
 -4.00000000E-01 -7.87733046E-01
 -4.00000000E-01 -7.42495882E-01
 -4.00000000E-01 -7.27136031E-01
 -4.00000000E-01 -6.81898867E-01
 -4.00000000E-01 -6.66539016E-01
 -4.00000000E-01 -6.21301852E-01
 -4.00000000E-01 -6.05942001E-01
 -4.00000000E-01 -5.60704837E-01
 -4.00000000E-01 -5.45344986E-01
 -4.00000000E-01 -5.00107822E-01
 -4.00000000E-01 -4.84747971E-01
 -4.00000000E-01 -4.39510807E-01
 -4.00000000E-01 -4.24150956E-01
 -4.00000000E-01 -3.78913793E-01
 -4.00000000E-01 -3.63553941E-01
 -4.00000000E-01 -3.18316778E-01
 -4.00000000E-01 -3.02956926E-01
 -4.00000000E-01 -2.57719763E-01
 -4.00000000E-01 -2.42359912E-01
 -4.00000000E-01 -1.97122748E-01
 -4.00000000E-01 -1.81762897E-01
 -4.00000000E-01 -1.36525733E-01
 -4.00000000E-01 -1.21165882E-01
 -4.00000000E-01 -7.59287179E-02
 -4.00000000E-01 -6.05688668E-02
 -4.00000000E-01 -1.53317030E-02
 -4.00000000E-01  2.81481468E-05
 -4.00000000E-01  4.52653119E-02
 -4.00000000E-01  6.06251631E-02
 -4.00000000E-01  1.05862327E-01
 -4.00000000E-01  1.21222178E-01
 -4.00000000E-01  1.66459342E-01
 -4.00000000E-01  1.81819193E-01
 -4.00000000E-01  2.27056357E-01
 -4.00000000E-01  2.42416208E-01
 -4.00000000E-01  2.87653372E-01
 -4.00000000E-01  3.03013223E-01
 -4.00000000E-01  3.48250387E-01
 -4.00000000E-01  3.63610238E-01
 -4.00000000E-01  4.08847401E-01
 -4.00000000E-01  4.24207253E-01
 -4.00000000E-01  4.69444416E-01
 -4.00000000E-01  4.84804268E-01
 -4.00000000E-01  5.30041431E-01
 -4.00000000E-01  5.45401282E-01
 -4.00000000E-01  5.90638446E-01
 -4.00000000E-01  6.05998297E-01
 -4.00000000E-01  6.51235461E-01
 -4.00000000E-01  6.66595312E-01
 -4.00000000E-01  7.11832476E-01
 -4.00000000E-01  7.27192327E-01
 -4.00000000E-01  7.72429491E-01
 -4.00000000E-01  7.87789342E-01
 -4.00000000E-01  8.33026506E-01
 -4.00000000E-01  8.48386357E-01
 -4.00000000E-01  8.93623521E-01
 -4.00000000E-01  9.08983372E-01
 -4.00000000E-01  9.54220536E-01
 -4.00000000E-01  9.69580387E-01
 -4.00000000E-01  1.01481755E+00
 -4.00000000E-01  1.03017740E+00
 -4.00000000E-01  1.07541457E+00
 -4.00000000E-01  1.09077442E+00
 -4.00000000E-01  1.13601158E+00
 -4.00000000E-01  1.15137143E+00
 -4.00000000E-01  1.19660860E+00
 -4.00000000E-01  1.21196845E+00
 -4.00000000E-01  1.25720561E+00
 -4.00000000E-01  1.27256546E+00
 -4.00000000E-01  1.31780263E+00
 -4.00000000E-01  1.33316248E+00
 -4.00000000E-01  1.37839964E+00
 -4.00000000E-01  1.39375949E+00
 -4.00000000E-01  1.43899666E+00
 -4.00000000E-01  1.45435651E+00
 -4.00000000E-01  1.49959367E+00
 -4.00000000E-01  1.51495352E+00
 -4.00000000E-01  1.56019069E+00
 -4.00000000E-01  1.57555054E+00
 -4.00000000E-01  1.62078770E+00
 -4.00000000E-01  1.63614755E+00
 -4.00000000E-01  1.68138471E+00
 -4.00000000E-01  1.69674457E+00
 -4.00000000E-01  1.74198173E+00
 -4.00000000E-01  1.75734158E+00
 -4.00000000E-01  1.80257874E+00
 -4.00000000E-01  1.81793860E+00
 -4.00000000E-01  1.86317576E+00
 -4.00000000E-01  1.87853561E+00
 -4.00000000E-01  1.92377277E+00
 -4.00000000E-01  1.93913263E+00
 -4.00000000E-01  1.98436979E+00
 -4.00000000E-01  1.99972964E+00
 -4.00000000E-01  2.04496680E+00
 -4.00000000E-01  2.06032666E+00
 -4.00000000E-01  2.10556382E+00
 -4.00000000E-01  2.12092367E+00
 -4.00000000E-01  2.16616083E+00
 -4.00000000E-01  2.18152069E+00
 -4.00000000E-01  2.22675785E+00
 -4.00000000E-01  2.24211770E+00
 -4.00000000E-01  2.28735486E+00
 -4.00000000E-01  2.30271472E+00
 -4.00000000E-01  2.34795188E+00
 -4.00000000E-01  2.36331173E+00
 -4.00000000E-01  2.40854889E+00
 -4.00000000E-01  2.42390875E+00
 -4.00000000E-01  2.46914591E+00
 -4.00000000E-01  2.48450576E+00
 -4.00000000E-01  2.52974292E+00
 -4.00000000E-01  2.54510278E+00
 -4.00000000E-01  2.59033994E+00
 -4.00000000E-01  2.60569979E+00
 -4.00000000E-01  2.65093695E+00
 -4.00000000E-01  2.66629680E+00
 -4.00000000E-01  2.71153397E+00
 -4.00000000E-01  2.72689382E+00
 -4.00000000E-01  2.77213098E+00
 -4.00000000E-01  2.78749083E+00
 -4.00000000E-01  2.83272800E+00
 -4.00000000E-01  2.84808785E+00
 -4.00000000E-01  2.89332501E+00
 -4.00000000E-01  2.90868486E+00
 -4.00000000E-01  2.95392203E+00
 -4.00000000E-01  2.96928188E+00
 -4.00000000E-01  3.01451904E+00
 -4.00000000E-01  3.02987889E+00
 -4.00000000E-01  3.07511606E+00
 -4.00000000E-01  3.09047591E+00
 -4.00000000E-01  3.13571307E+00
 -4.00000000E-01  3.15107292E+00
 -4.00000000E-01  3.19631009E+00
 -4.00000000E-01  3.21166994E+00
 -4.00000000E-01  3.25690710E+00
 -4.00000000E-01  3.27226695E+00
 -4.00000000E-01  3.31750412E+00
 -4.00000000E-01  3.33286397E+00
 -4.00000000E-01  3.37810113E+00
 -4.00000000E-01  3.39346098E+00
 -4.00000000E-01  3.43869815E+00
 -4.00000000E-01  3.45405800E+00
 -4.00000000E-01  3.49929516E+00
 -4.00000000E-01  3.51465501E+00
 -4.00000000E-01  3.55989218E+00
 -4.00000000E-01  3.57525203E+00
 -4.00000000E-01  3.62048919E+00
 -4.00000000E-01  3.63584904E+00
 -4.00000000E-01  3.68108621E+00
 -4.00000000E-01  3.69644606E+00
 -4.00000000E-01  3.74168322E+00
 -4.00000000E-01  3.75704307E+00
 -4.00000000E-01  3.80228024E+00
 -4.00000000E-01  3.81764009E+00
 -4.00000000E-01  3.86287725E+00
 -4.00000000E-01  3.87823710E+00
 -4.00000000E-01  3.92347427E+00
 -4.00000000E-01  3.93883412E+00
 -4.00000000E-01  3.98407128E+00
 -4.00000000E-01  3.99943113E+00
 -4.00000000E-01  4.04466830E+00
 -4.00000000E-01  4.06002815E+00
 -4.00000000E-01  4.10526531E+00
 -4.00000000E-01  4.12062516E+00
 -4.00000000E-01  4.16586233E+00
 -4.00000000E-01  4.18122218E+00
 -4.00000000E-01  4.22645934E+00
 -4.00000000E-01  4.24181919E+00
 -4.00000000E-01  4.28705636E+00
 -4.00000000E-01  4.30241621E+00
 -4.00000000E-01  4.34765337E+00
 -4.00000000E-01  4.36301322E+00
 -4.00000000E-01  4.40825039E+00
 -4.00000000E-01  4.42361024E+00
 -4.00000000E-01  4.46884740E+00
 -4.00000000E-01  4.48420725E+00
 -4.00000000E-01  4.52944442E+00
 -4.00000000E-01  4.54480427E+00
 -4.00000000E-01  4.59004143E+00
 -4.00000000E-01  4.60540128E+00
 -4.00000000E-01  4.65063845E+00
 -4.00000000E-01  4.66599830E+00
 -4.00000000E-01  4.71123546E+00
 -4.00000000E-01  4.72659531E+00
 -4.00000000E-01  4.77183248E+00
 -4.00000000E-01  4.78719233E+00
 -4.00000000E-01  4.83242949E+00
 -4.00000000E-01  4.84778934E+00
 -4.00000000E-01  4.89302651E+00
 -4.00000000E-01  4.90838636E+00
 -4.00000000E-01  4.95362352E+00
 -4.00000000E-01  4.96898337E+00
 -4.00188114E-01  5.00000000E+00
 -4.00598413E-01  5.00000000E+00
 -4.01008712E-01  5.00000000E+00
 -4.01400011E-01  5.00000000E+00
 -4.01810310E-01  5.00000000E+00
 -4.02201610E-01  5.00000000E+00
 -4.02611908E-01  5.00000000E+00
 -4.03003208E-01  5.00000000E+00
 -4.03413507E-01  5.00000000E+00
 -4.03804807E-01  5.00000000E+00
 -4.04215105E-01  5.00000000E+00
 -4.04606405E-01  5.00000000E+00
 -4.05016704E-01  5.00000000E+00
 -4.05408003E-01  5.00000000E+00
 -4.05818302E-01  5.00000000E+00
 -4.06209602E-01  5.00000000E+00
 -4.06619901E-01  5.00000000E+00
 -4.07011200E-01  5.00000000E+00
 -4.07421499E-01  5.00000000E+00
 -4.07812799E-01  5.00000000E+00
 -4.08223097E-01  5.00000000E+00
 -4.08614397E-01  5.00000000E+00
 -4.09024696E-01  5.00000000E+00
 -4.09415995E-01  5.00000000E+00
 -4.09826294E-01  5.00000000E+00
 -4.10217594E-01  5.00000000E+00
 -4.10627893E-01  5.00000000E+00
 -4.11019192E-01  5.00000000E+00
 -4.11429491E-01  5.00000000E+00
 -4.11820791E-01  5.00000000E+00
 -4.12231089E-01  5.00000000E+00
 -4.12622389E-01  5.00000000E+00
 -4.13032688E-01  5.00000000E+00
 -4.13423987E-01  5.00000000E+00
 -4.13834286E-01  5.00000000E+00
 -4.14225586E-01  5.00000000E+00
 -4.14635885E-01  5.00000000E+00
 -4.15027184E-01  5.00000000E+00
 -4.15437483E-01  5.00000000E+00
 -4.15828783E-01  5.00000000E+00
 -4.16239081E-01  5.00000000E+00
 -4.16630381E-01  5.00000000E+00
 -4.17040680E-01  5.00000000E+00
 -4.17431979E-01  5.00000000E+00
 -4.17842278E-01  5.00000000E+00
 -4.18233578E-01  5.00000000E+00
 -4.18643877E-01  5.00000000E+00
 -4.19035176E-01  5.00000000E+00
 -4.19445475E-01  5.00000000E+00
 -4.19836775E-01  5.00000000E+00
 -4.20247073E-01  5.00000000E+00
 -4.20638373E-01  5.00000000E+00
 -4.21048672E-01  5.00000000E+00
 -4.21439971E-01  5.00000000E+00
 -4.21850270E-01  5.00000000E+00
 -4.22241570E-01  5.00000000E+00
 -4.22651869E-01  5.00000000E+00
 -4.23043168E-01  5.00000000E+00
 -4.23453467E-01  5.00000000E+00
 -4.23844767E-01  5.00000000E+00
 -4.24255065E-01  5.00000000E+00
 -4.24646365E-01  5.00000000E+00
 -4.25056664E-01  5.00000000E+00
 -4.25447963E-01  5.00000000E+00
 -4.25858262E-01  5.00000000E+00
 -4.26249562E-01  5.00000000E+00
 -4.26659861E-01  5.00000000E+00
 -4.27051160E-01  5.00000000E+00
 -4.27461459E-01  5.00000000E+00
 -4.27852759E-01  5.00000000E+00
 -4.28263057E-01  5.00000000E+00
 -4.28654357E-01  5.00000000E+00
 -4.29064656E-01  5.00000000E+00
 -4.29455955E-01  5.00000000E+00
 -4.29866254E-01  5.00000000E+00
 -4.30257554E-01  5.00000000E+00
 -4.30667853E-01  5.00000000E+00
 -4.31059152E-01  5.00000000E+00
 -4.31469451E-01  5.00000000E+00
 -4.31860751E-01  5.00000000E+00
 -4.32271049E-01  5.00000000E+00
 -4.32662349E-01  5.00000000E+00
 -4.33072648E-01  5.00000000E+00
 -4.33463947E-01  5.00000000E+00
 -4.33874246E-01  5.00000000E+00
 -4.34265546E-01  5.00000000E+00
 -4.34675845E-01  5.00000000E+00
 -4.35067144E-01  5.00000000E+00
 -4.35477443E-01  5.00000000E+00
 -4.35868743E-01  5.00000000E+00
 -4.36279041E-01  5.00000000E+00
 -4.36670341E-01  5.00000000E+00
 -4.37080640E-01  5.00000000E+00
 -4.37471939E-01  5.00000000E+00
 -4.37882238E-01  5.00000000E+00
 -4.38273538E-01  5.00000000E+00
 -4.38683837E-01  5.00000000E+00
 -4.39075136E-01  5.00000000E+00
 -4.39485435E-01  5.00000000E+00
 -4.39876735E-01  5.00000000E+00
 -4.40287033E-01  5.00000000E+00
 -4.40678333E-01  5.00000000E+00
 -4.41088632E-01  5.00000000E+00
 -4.41479931E-01  5.00000000E+00
 -4.41890230E-01  5.00000000E+00
 -4.42281530E-01  5.00000000E+00
 -4.42691829E-01  5.00000000E+00
 -4.43083128E-01  5.00000000E+00
 -4.43493427E-01  5.00000000E+00
 -4.43884727E-01  5.00000000E+00
 -4.44295025E-01  5.00000000E+00
 -4.44686325E-01  5.00000000E+00
 -4.45096624E-01  5.00000000E+00
 -4.45487923E-01  5.00000000E+00
 -4.45898222E-01  5.00000000E+00
 -4.46289522E-01  5.00000000E+00
 -4.46699821E-01  5.00000000E+00
 -4.47091120E-01  5.00000000E+00
 -4.47501419E-01  5.00000000E+00
 -4.47892719E-01  5.00000000E+00
 -4.48303017E-01  5.00000000E+00
 -4.48694317E-01  5.00000000E+00
 -4.49104616E-01  5.00000000E+00
 -4.49495915E-01  5.00000000E+00
 -4.49906214E-01  5.00000000E+00
 -4.50297514E-01  5.00000000E+00
 -4.50707813E-01  5.00000000E+00
 -4.51099112E-01  5.00000000E+00
 -4.51509411E-01  5.00000000E+00
 -4.51900711E-01  5.00000000E+00
 -4.52311009E-01  5.00000000E+00
 -4.52702309E-01  5.00000000E+00
 -4.53112608E-01  5.00000000E+00
 -4.53503907E-01  5.00000000E+00
 -4.53914206E-01  5.00000000E+00
 -4.54305506E-01  5.00000000E+00
 -4.54715805E-01  5.00000000E+00
 -4.55107104E-01  5.00000000E+00
 -4.55517403E-01  5.00000000E+00
 -4.55908703E-01  5.00000000E+00
 -4.56319001E-01  5.00000000E+00
 -4.56710301E-01  5.00000000E+00
 -4.57120600E-01  5.00000000E+00
 -4.57511899E-01  5.00000000E+00
 -4.57922198E-01  5.00000000E+00
 -4.58313498E-01  5.00000000E+00
 -4.58723797E-01  5.00000000E+00
 -4.59115096E-01  5.00000000E+00
 -4.59525395E-01  5.00000000E+00
 -4.59916695E-01  5.00000000E+00
 -4.60326993E-01  5.00000000E+00
 -4.60718293E-01  5.00000000E+00
 -4.61128592E-01  5.00000000E+00
 -4.61519891E-01  5.00000000E+00
 -4.61930190E-01  5.00000000E+00
 -4.62321490E-01  5.00000000E+00
 -4.62731789E-01  5.00000000E+00
 -4.63123088E-01  5.00000000E+00
 -4.63533387E-01  5.00000000E+00
 -4.63924687E-01  5.00000000E+00
 -4.64334985E-01  5.00000000E+00
 -4.64726285E-01  5.00000000E+00
 -4.65136584E-01  5.00000000E+00
 -4.65527883E-01  5.00000000E+00
 -4.65938182E-01  5.00000000E+00
 -4.66329482E-01  5.00000000E+00
 -4.66739781E-01  5.00000000E+00
 -4.67131080E-01  5.00000000E+00
 -4.67541379E-01  5.00000000E+00
 -4.67932679E-01  5.00000000E+00
 -4.68342977E-01  5.00000000E+00
 -4.68734277E-01  5.00000000E+00
 -4.69144576E-01  5.00000000E+00
 -4.69535875E-01  5.00000000E+00
 -4.69946174E-01  5.00000000E+00
 -4.70337474E-01  5.00000000E+00
 -4.70747773E-01  5.00000000E+00
 -4.71139072E-01  5.00000000E+00
 -4.71549371E-01  5.00000000E+00
 -4.71940671E-01  5.00000000E+00
 -4.72350969E-01  5.00000000E+00
 -4.72742269E-01  5.00000000E+00
 -4.73152568E-01  5.00000000E+00
 -4.73543867E-01  5.00000000E+00
 -4.73954166E-01  5.00000000E+00
 -4.74345466E-01  5.00000000E+00
 -4.74755765E-01  5.00000000E+00
 -4.75147064E-01  5.00000000E+00
 -4.75557363E-01  5.00000000E+00
 -4.75948663E-01  5.00000000E+00
 -4.76358961E-01  5.00000000E+00
 -4.76750261E-01  5.00000000E+00
 -4.77160560E-01  5.00000000E+00
 -4.77551859E-01  5.00000000E+00
 -4.77962158E-01  5.00000000E+00
 -4.78353458E-01  5.00000000E+00
 -4.78763757E-01  5.00000000E+00
 -4.79155056E-01  5.00000000E+00
 -4.79565355E-01  5.00000000E+00
 -4.79956655E-01  5.00000000E+00
 -4.80366953E-01  5.00000000E+00
 -4.80758253E-01  5.00000000E+00
 -4.81168552E-01  5.00000000E+00
 -4.81559852E-01  5.00000000E+00
 -4.81970150E-01  5.00000000E+00
 -4.82361450E-01  5.00000000E+00
 -4.82771749E-01  5.00000000E+00
 -4.83163048E-01  5.00000000E+00
 -4.83573347E-01  5.00000000E+00
 -4.83964647E-01  5.00000000E+00
 -4.84374945E-01  5.00000000E+00
 -4.84766245E-01  5.00000000E+00
 -4.85176544E-01  5.00000000E+00
 -4.85567844E-01  5.00000000E+00
 -4.85978142E-01  5.00000000E+00
 -4.86369442E-01  5.00000000E+00
 -4.86779741E-01  5.00000000E+00
 -4.87171040E-01  5.00000000E+00
 -4.87581339E-01  5.00000000E+00
 -4.87972639E-01  5.00000000E+00
 -4.88382937E-01  5.00000000E+00
 -4.88774237E-01  5.00000000E+00
 -4.89184536E-01  5.00000000E+00
 -4.89575836E-01  5.00000000E+00
 -4.89986134E-01  5.00000000E+00
 -4.90377434E-01  5.00000000E+00
 -4.90787733E-01  5.00000000E+00
 -4.91179032E-01  5.00000000E+00
 -4.91589331E-01  5.00000000E+00
 -4.91980631E-01  5.00000000E+00
 -4.92390929E-01  5.00000000E+00
 -4.92782229E-01  5.00000000E+00
 -4.93192528E-01  5.00000000E+00
 -4.93583828E-01  5.00000000E+00
 -4.93994126E-01  5.00000000E+00
 -4.94385426E-01  5.00000000E+00
 -4.94795725E-01  5.00000000E+00
 -4.95187024E-01  5.00000000E+00
 -4.95597323E-01  5.00000000E+00
 -4.95988623E-01  5.00000000E+00
 -4.96398921E-01  5.00000000E+00
 -4.96790221E-01  5.00000000E+00
 -4.97200520E-01  5.00000000E+00
 -4.97591820E-01  5.00000000E+00
 -4.98002118E-01  5.00000000E+00
 -4.98393418E-01  5.00000000E+00
 -4.98803717E-01  5.00000000E+00
 -4.99195016E-01  5.00000000E+00
 -4.99605315E-01  5.00000000E+00
 -4.99996615E-01  5.00000000E+00
 -5.00000000E-01  4.96923928E+00
 -5.00000000E-01 -3.99937484E+00

w:112/ x(  -0.2370000E+00) y(   0.1271000E+01) ix(2) iy(2) s(   0.7000E+00)

hb:   line clip z   cb(0.933)
clip:
 -3.16000000E-01 -2.99727275E+00
 -3.15628982E-01 -3.00300000E+00
 -3.15182203E-01 -3.00300000E+00
 -1.58068916E-01 -3.00300000E+00
 -1.58000000E-01 -2.96922558E+00
 -1.58000000E-01 -2.93024145E+00
 -1.58000000E-01 -2.90862857E+00
 -1.58000000E-01 -2.86964444E+00
 -1.58000000E-01 -2.84803155E+00
 -1.58000000E-01 -2.80904742E+00
 -1.58000000E-01 -2.78743454E+00
 -1.58000000E-01 -2.74845041E+00
 -1.58000000E-01 -2.72683752E+00
 -1.58000000E-01 -2.68785339E+00
 -1.58000000E-01 -2.66624051E+00
 -1.58000000E-01 -2.62725638E+00
 -1.58000000E-01 -2.60564349E+00
 -1.58000000E-01 -2.56665936E+00
 -1.58000000E-01 -2.54504648E+00
 -1.58000000E-01 -2.50606235E+00
 -1.58000000E-01 -2.48444946E+00
 -1.58000000E-01 -2.44546533E+00
 -1.58000000E-01 -2.42385245E+00
 -1.58000000E-01 -2.38486832E+00
 -1.58000000E-01 -2.36325543E+00
 -1.58000000E-01 -2.32427130E+00
 -1.58000000E-01 -2.30265842E+00
 -1.58000000E-01 -2.26367429E+00
 -1.58000000E-01 -2.24206140E+00
 -1.58000000E-01 -2.20307727E+00
 -1.58000000E-01 -2.18146439E+00
 -1.58000000E-01 -2.14248026E+00
 -1.58000000E-01 -2.12086737E+00
 -1.58000000E-01 -2.08188324E+00
 -1.58000000E-01 -2.06027036E+00
 -1.58000000E-01 -2.02128623E+00
 -1.58000000E-01 -1.99967334E+00
 -1.58000000E-01 -1.96068921E+00
 -1.58000000E-01 -1.93907633E+00
 -1.58000000E-01 -1.90009220E+00
 -1.58000000E-01 -1.87847931E+00
 -1.58000000E-01 -1.83949518E+00
 -1.58000000E-01 -1.81788230E+00
 -1.58000000E-01 -1.77889817E+00
 -1.58000000E-01 -1.75728528E+00
 -1.58000000E-01 -1.71830115E+00
 -1.58000000E-01 -1.69668827E+00
 -1.58000000E-01 -1.65770414E+00
 -1.58000000E-01 -1.63609125E+00
 -1.58000000E-01 -1.59710712E+00
 -1.58000000E-01 -1.57549424E+00
 -1.58000000E-01 -1.53651011E+00
 -1.58000000E-01 -1.51489722E+00
 -1.58000000E-01 -1.47591309E+00
 -1.58000000E-01 -1.45430021E+00
 -1.58000000E-01 -1.41531608E+00
 -1.58000000E-01 -1.39370320E+00
 -1.58000000E-01 -1.35471906E+00
 -1.58000000E-01 -1.33310618E+00
 -1.58000000E-01 -1.29412205E+00
 -1.58000000E-01 -1.27250917E+00
 -1.58000000E-01 -1.23352503E+00
 -1.58000000E-01 -1.21191215E+00
 -1.58000000E-01 -1.17292802E+00
 -1.58000000E-01 -1.15131514E+00
 -1.58000000E-01 -1.11233100E+00
 -1.58000000E-01 -1.09071812E+00
 -1.58000000E-01 -1.05173399E+00
 -1.58000000E-01 -1.03012111E+00
 -1.58000000E-01 -9.91136974E-01
 -1.58000000E-01 -9.69524091E-01
 -1.58000000E-01 -9.30539959E-01
 -1.58000000E-01 -9.08927076E-01
 -1.58000000E-01 -8.69942944E-01
 -1.58000000E-01 -8.48330061E-01
 -1.58000000E-01 -8.09345929E-01
 -1.58000000E-01 -7.87733046E-01
 -1.58000000E-01 -7.48748914E-01
 -1.58000000E-01 -7.27136031E-01
 -1.58000000E-01 -6.88151899E-01
 -1.58000000E-01 -6.66539016E-01
 -1.58000000E-01 -6.27554884E-01
 -1.58000000E-01 -6.05942001E-01
 -1.58000000E-01 -5.66957869E-01
 -1.58000000E-01 -5.45344986E-01
 -1.58000000E-01 -5.06360854E-01
 -1.58000000E-01 -4.84747971E-01
 -1.58000000E-01 -4.45763839E-01
 -1.58000000E-01 -4.24150956E-01
 -1.58000000E-01 -3.85166825E-01
 -1.58000000E-01 -3.63553941E-01
 -1.58000000E-01 -3.24569810E-01
 -1.58000000E-01 -3.02956926E-01
 -1.58000000E-01 -2.63972795E-01
 -1.58000000E-01 -2.42359912E-01
 -1.58000000E-01 -2.03375780E-01
 -1.58000000E-01 -1.81762897E-01
 -1.58000000E-01 -1.42778765E-01
 -1.58000000E-01 -1.21165882E-01
 -1.58000000E-01 -8.21817499E-02
 -1.58000000E-01 -6.05688668E-02
 -1.58000000E-01 -2.15847350E-02
 -1.58000000E-01  2.81481468E-05
 -1.58000000E-01  3.90122800E-02
 -1.58000000E-01  6.06251631E-02
 -1.58000000E-01  9.96092949E-02
 -1.58000000E-01  1.21222178E-01
 -1.58000000E-01  1.60206310E-01
 -1.58000000E-01  1.81819193E-01
 -1.58000000E-01  2.20803325E-01
 -1.58000000E-01  2.42416208E-01
 -1.58000000E-01  2.81400340E-01
 -1.58000000E-01  3.03013223E-01
 -1.58000000E-01  3.41997355E-01
 -1.58000000E-01  3.63610238E-01
 -1.58000000E-01  4.02594370E-01
 -1.58000000E-01  4.24207253E-01
 -1.58000000E-01  4.63191384E-01
 -1.58000000E-01  4.84804268E-01
 -1.58000000E-01  5.23788399E-01
 -1.58000000E-01  5.45401282E-01
 -1.58000000E-01  5.84385414E-01
 -1.58000000E-01  6.05998297E-01
 -1.58000000E-01  6.44982429E-01
 -1.58000000E-01  6.66595312E-01
 -1.58000000E-01  7.05579444E-01
 -1.58000000E-01  7.27192327E-01
 -1.58000000E-01  7.66176459E-01
 -1.58000000E-01  7.87789342E-01
 -1.58000000E-01  8.26773474E-01
 -1.58000000E-01  8.48386357E-01
 -1.58000000E-01  8.87370489E-01
 -1.58000000E-01  9.08983372E-01
 -1.58000000E-01  9.47967504E-01
 -1.58000000E-01  9.69580387E-01
 -1.58000000E-01  1.00856452E+00
 -1.58000000E-01  1.03017740E+00
 -1.58000000E-01  1.06916153E+00
 -1.58000000E-01  1.09077442E+00
 -1.58000000E-01  1.12975855E+00
 -1.58000000E-01  1.15137143E+00
 -1.58000000E-01  1.19035556E+00
 -1.58000000E-01  1.21196845E+00
 -1.58000000E-01  1.25095258E+00
 -1.58000000E-01  1.27256546E+00
 -1.58000000E-01  1.31154959E+00
 -1.58000000E-01  1.33316248E+00
 -1.58000000E-01  1.37214661E+00
 -1.58000000E-01  1.39375949E+00
 -1.58000000E-01  1.43274362E+00
 -1.58000000E-01  1.45435651E+00
 -1.58000000E-01  1.49334064E+00
 -1.58000000E-01  1.51495352E+00
 -1.58000000E-01  1.55393765E+00
 -1.58000000E-01  1.57555054E+00
 -1.58000000E-01  1.61453467E+00
 -1.58000000E-01  1.63614755E+00
 -1.58000000E-01  1.67513168E+00
 -1.58000000E-01  1.69674457E+00
 -1.58000000E-01  1.73572870E+00
 -1.58000000E-01  1.75734158E+00
 -1.58000000E-01  1.79632571E+00
 -1.58000000E-01  1.81793860E+00
 -1.58000000E-01  1.85692273E+00
 -1.58000000E-01  1.87853561E+00
 -1.58000000E-01  1.91751974E+00
 -1.58000000E-01  1.93913263E+00
 -1.58000000E-01  1.97811676E+00
 -1.58000000E-01  1.99972964E+00
 -1.58000000E-01  2.03871377E+00
 -1.58000000E-01  2.06032666E+00
 -1.58000000E-01  2.09931079E+00
 -1.58000000E-01  2.12092367E+00
 -1.58000000E-01  2.15990780E+00
 -1.58000000E-01  2.18152069E+00
 -1.58000000E-01  2.22050482E+00
 -1.58000000E-01  2.24211770E+00
 -1.58000000E-01  2.28110183E+00
 -1.58000000E-01  2.30271472E+00
 -1.58000000E-01  2.34169885E+00
 -1.58000000E-01  2.36331173E+00
 -1.58000000E-01  2.40229586E+00
 -1.58000000E-01  2.42390875E+00
 -1.58000000E-01  2.46289288E+00
 -1.58000000E-01  2.48450576E+00
 -1.58000000E-01  2.52348989E+00
 -1.58000000E-01  2.54510278E+00
 -1.58000000E-01  2.58408691E+00
 -1.58000000E-01  2.60569979E+00
 -1.58000000E-01  2.64468392E+00
 -1.58000000E-01  2.66629680E+00
 -1.58000000E-01  2.70528094E+00
 -1.58000000E-01  2.72689382E+00
 -1.58000000E-01  2.76587795E+00
 -1.58000000E-01  2.78749083E+00
 -1.58000000E-01  2.82647497E+00
 -1.58000000E-01  2.84808785E+00
 -1.58000000E-01  2.88707198E+00
 -1.58000000E-01  2.90868486E+00
 -1.58000000E-01  2.94766900E+00
 -1.58000000E-01  2.96928188E+00
 -1.58000000E-01  3.00826601E+00
 -1.58000000E-01  3.02987889E+00
 -1.58000000E-01  3.06886303E+00
 -1.58000000E-01  3.09047591E+00
 -1.58000000E-01  3.12946004E+00
 -1.58000000E-01  3.15107292E+00
 -1.58000000E-01  3.19005706E+00
 -1.58000000E-01  3.21166994E+00
 -1.58000000E-01  3.25065407E+00
 -1.58000000E-01  3.27226695E+00
 -1.58000000E-01  3.31125109E+00
 -1.58000000E-01  3.33286397E+00
 -1.58000000E-01  3.37184810E+00
 -1.58000000E-01  3.39346098E+00
 -1.58000000E-01  3.43244512E+00
 -1.58000000E-01  3.45405800E+00
 -1.58000000E-01  3.49304213E+00
 -1.58000000E-01  3.51465501E+00
 -1.58000000E-01  3.55363915E+00
 -1.58000000E-01  3.57525203E+00
 -1.58000000E-01  3.61423616E+00
 -1.58000000E-01  3.63584904E+00
 -1.58000000E-01  3.67483318E+00
 -1.58000000E-01  3.69644606E+00
 -1.58000000E-01  3.73543019E+00
 -1.58000000E-01  3.75704307E+00
 -1.58000000E-01  3.79602721E+00
 -1.58000000E-01  3.81764009E+00
 -1.58000000E-01  3.85662422E+00
 -1.58000000E-01  3.87823710E+00
 -1.58000000E-01  3.91722124E+00
 -1.58000000E-01  3.93883412E+00
 -1.58000000E-01  3.97781825E+00
 -1.58000000E-01  3.99943113E+00
 -1.58000000E-01  4.03841527E+00
 -1.58000000E-01  4.06002815E+00
 -1.58000000E-01  4.09901228E+00
 -1.58000000E-01  4.12062516E+00
 -1.58000000E-01  4.15960929E+00
 -1.58000000E-01  4.18122218E+00
 -1.58000000E-01  4.22020631E+00
 -1.58000000E-01  4.24181919E+00
 -1.58000000E-01  4.28080332E+00
 -1.58000000E-01  4.30241621E+00
 -1.58000000E-01  4.34140034E+00
 -1.58000000E-01  4.36301322E+00
 -1.58000000E-01  4.40199735E+00
 -1.58000000E-01  4.42361024E+00
 -1.58000000E-01  4.46259437E+00
 -1.58000000E-01  4.48420725E+00
 -1.58000000E-01  4.52319138E+00
 -1.58000000E-01  4.54480427E+00
 -1.58000000E-01  4.58378840E+00
 -1.58000000E-01  4.60540128E+00
 -1.58000000E-01  4.64438541E+00
 -1.58000000E-01  4.66599830E+00
 -1.58000000E-01  4.70498243E+00
 -1.58000000E-01  4.72659531E+00
 -1.58000000E-01  4.76557944E+00
 -1.58000000E-01  4.78719233E+00
 -1.58000000E-01  4.82617646E+00
 -1.58000000E-01  4.84778934E+00
 -1.58000000E-01  4.88677347E+00
 -1.58000000E-01  4.90838636E+00
 -1.58000000E-01  4.94737049E+00
 -1.58000000E-01  4.96898337E+00
 -1.58000000E-01  5.00796750E+00
 -1.58000000E-01  5.02958039E+00
 -1.58000000E-01  5.06856452E+00
 -1.58000000E-01  5.09017740E+00
 -1.58000000E-01  5.12916153E+00
 -1.58000000E-01  5.15077442E+00
 -1.58000000E-01  5.18975855E+00
 -1.58000000E-01  5.21137143E+00
 -1.58000000E-01  5.25035556E+00
 -1.58000000E-01  5.27196845E+00
 -1.58000000E-01  5.31095258E+00
 -1.58000000E-01  5.33256546E+00
 -1.58000000E-01  5.37154959E+00
 -1.58000000E-01  5.39316248E+00
 -1.58000000E-01  5.43214661E+00
 -1.58000000E-01  5.45375949E+00
 -1.58000000E-01  5.49274362E+00
 -1.58000000E-01  5.51435651E+00
 -1.58110333E-01  5.54500000E+00
 -1.58515696E-01  5.54500000E+00
 -1.58921058E-01  5.54500000E+00
 -1.59317294E-01  5.54500000E+00
 -1.59722657E-01  5.54500000E+00
 -1.60118892E-01  5.54500000E+00
 -1.60524255E-01  5.54500000E+00
 -1.60920491E-01  5.54500000E+00
 -1.61325854E-01  5.54500000E+00
 -1.61722089E-01  5.54500000E+00
 -1.62127452E-01  5.54500000E+00
 -1.62523688E-01  5.54500000E+00
 -1.62929050E-01  5.54500000E+00
 -1.63325286E-01  5.54500000E+00
 -1.63730649E-01  5.54500000E+00
 -1.64126884E-01  5.54500000E+00
 -1.64532247E-01  5.54500000E+00
 -1.64928483E-01  5.54500000E+00
 -1.65333846E-01  5.54500000E+00
 -1.65730081E-01  5.54500000E+00
 -1.66135444E-01  5.54500000E+00
 -1.66531680E-01  5.54500000E+00
 -1.66937042E-01  5.54500000E+00
 -1.67333278E-01  5.54500000E+00
 -1.67738641E-01  5.54500000E+00
 -1.68134876E-01  5.54500000E+00
 -1.68540239E-01  5.54500000E+00
 -1.68936475E-01  5.54500000E+00
 -1.69341838E-01  5.54500000E+00
 -1.69738073E-01  5.54500000E+00
 -1.70143436E-01  5.54500000E+00
 -1.70539672E-01  5.54500000E+00
 -1.70945034E-01  5.54500000E+00
 -1.71341270E-01  5.54500000E+00
 -1.71746633E-01  5.54500000E+00
 -1.72142868E-01  5.54500000E+00
 -1.72548231E-01  5.54500000E+00
 -1.72944467E-01  5.54500000E+00
 -1.73349830E-01  5.54500000E+00
 -1.73746065E-01  5.54500000E+00
 -1.74151428E-01  5.54500000E+00
 -1.74547664E-01  5.54500000E+00
 -1.74953026E-01  5.54500000E+00
 -1.75349262E-01  5.54500000E+00
 -1.75754625E-01  5.54500000E+00
 -1.76150860E-01  5.54500000E+00
 -1.76556223E-01  5.54500000E+00
 -1.76952459E-01  5.54500000E+00
 -1.77357822E-01  5.54500000E+00
 -1.77754057E-01  5.54500000E+00
 -1.78159420E-01  5.54500000E+00
 -1.78555656E-01  5.54500000E+00
 -1.78961019E-01  5.54500000E+00
 -1.79357254E-01  5.54500000E+00
 -1.79762617E-01  5.54500000E+00
 -1.80158853E-01  5.54500000E+00
 -1.80564215E-01  5.54500000E+00
 -1.80960451E-01  5.54500000E+00
 -1.81365814E-01  5.54500000E+00
 -1.81762049E-01  5.54500000E+00
 -1.82167412E-01  5.54500000E+00
 -1.82563648E-01  5.54500000E+00
 -1.82969011E-01  5.54500000E+00
 -1.83365246E-01  5.54500000E+00
 -1.83770609E-01  5.54500000E+00
 -1.84166845E-01  5.54500000E+00
 -1.84572207E-01  5.54500000E+00
 -1.84968443E-01  5.54500000E+00
 -1.85373806E-01  5.54500000E+00
 -1.85770041E-01  5.54500000E+00
 -1.86175404E-01  5.54500000E+00
 -1.86571640E-01  5.54500000E+00
 -1.86977003E-01  5.54500000E+00
 -1.87373238E-01  5.54500000E+00
 -1.87778601E-01  5.54500000E+00
 -1.88174837E-01  5.54500000E+00
 -1.88580199E-01  5.54500000E+00
 -1.88976435E-01  5.54500000E+00
 -1.89381798E-01  5.54500000E+00
 -1.89778033E-01  5.54500000E+00
 -1.90183396E-01  5.54500000E+00
 -1.90579632E-01  5.54500000E+00
 -1.90984995E-01  5.54500000E+00
 -1.91381230E-01  5.54500000E+00
 -1.91786593E-01  5.54500000E+00
 -1.92182829E-01  5.54500000E+00
 -1.92588191E-01  5.54500000E+00
 -1.92984427E-01  5.54500000E+00
 -1.93389790E-01  5.54500000E+00
 -1.93786025E-01  5.54500000E+00
 -1.94191388E-01  5.54500000E+00
 -1.94587624E-01  5.54500000E+00
 -1.94992987E-01  5.54500000E+00
 -1.95389222E-01  5.54500000E+00
 -1.95794585E-01  5.54500000E+00
 -1.96190821E-01  5.54500000E+00
 -1.96596183E-01  5.54500000E+00
 -1.96992419E-01  5.54500000E+00
 -1.97397782E-01  5.54500000E+00
 -1.97794017E-01  5.54500000E+00
 -1.98199380E-01  5.54500000E+00
 -1.98595616E-01  5.54500000E+00
 -1.99000979E-01  5.54500000E+00
 -1.99397214E-01  5.54500000E+00
 -1.99802577E-01  5.54500000E+00
 -2.00198813E-01  5.54500000E+00
 -2.00604175E-01  5.54500000E+00
 -2.01000411E-01  5.54500000E+00
 -2.01405774E-01  5.54500000E+00
 -2.01802009E-01  5.54500000E+00
 -2.02207372E-01  5.54500000E+00
 -2.02603608E-01  5.54500000E+00
 -2.03008971E-01  5.54500000E+00
 -2.03405206E-01  5.54500000E+00
 -2.03810569E-01  5.54500000E+00
 -2.04206805E-01  5.54500000E+00
 -2.04612167E-01  5.54500000E+00
 -2.05008403E-01  5.54500000E+00
 -2.05413766E-01  5.54500000E+00
 -2.05810001E-01  5.54500000E+00
 -2.06215364E-01  5.54500000E+00
 -2.06611600E-01  5.54500000E+00
 -2.07016963E-01  5.54500000E+00
 -2.07413198E-01  5.54500000E+00
 -2.07818561E-01  5.54500000E+00
 -2.08214797E-01  5.54500000E+00
 -2.08620159E-01  5.54500000E+00
 -2.09016395E-01  5.54500000E+00
 -2.09421758E-01  5.54500000E+00
 -2.09817993E-01  5.54500000E+00
 -2.10223356E-01  5.54500000E+00
 -2.10619592E-01  5.54500000E+00
 -2.11024955E-01  5.54500000E+00
 -2.11421190E-01  5.54500000E+00
 -2.11826553E-01  5.54500000E+00
 -2.12222789E-01  5.54500000E+00
 -2.12628151E-01  5.54500000E+00
 -2.13024387E-01  5.54500000E+00
 -2.13429750E-01  5.54500000E+00
 -2.13825985E-01  5.54500000E+00
 -2.14231348E-01  5.54500000E+00
 -2.14627584E-01  5.54500000E+00
 -2.15032947E-01  5.54500000E+00
 -2.15429182E-01  5.54500000E+00
 -2.15834545E-01  5.54500000E+00
 -2.16230781E-01  5.54500000E+00
 -2.16636143E-01  5.54500000E+00
 -2.17032379E-01  5.54500000E+00
 -2.17437742E-01  5.54500000E+00
 -2.17833977E-01  5.54500000E+00
 -2.18239340E-01  5.54500000E+00
 -2.18635576E-01  5.54500000E+00
 -2.19040939E-01  5.54500000E+00
 -2.19437174E-01  5.54500000E+00
 -2.19842537E-01  5.54500000E+00
 -2.20238773E-01  5.54500000E+00
 -2.20644135E-01  5.54500000E+00
 -2.21040371E-01  5.54500000E+00
 -2.21445734E-01  5.54500000E+00
 -2.21841969E-01  5.54500000E+00
 -2.22247332E-01  5.54500000E+00
 -2.22643568E-01  5.54500000E+00
 -2.23048931E-01  5.54500000E+00
 -2.23445166E-01  5.54500000E+00
 -2.23850529E-01  5.54500000E+00
 -2.24246765E-01  5.54500000E+00
 -2.24652127E-01  5.54500000E+00
 -2.25048363E-01  5.54500000E+00
 -2.25453726E-01  5.54500000E+00
 -2.25849961E-01  5.54500000E+00
 -2.26255324E-01  5.54500000E+00
 -2.26651560E-01  5.54500000E+00
 -2.27056923E-01  5.54500000E+00
 -2.27453158E-01  5.54500000E+00
 -2.27858521E-01  5.54500000E+00
 -2.28254757E-01  5.54500000E+00
 -2.28660119E-01  5.54500000E+00
 -2.29056355E-01  5.54500000E+00
 -2.29461718E-01  5.54500000E+00
 -2.29857953E-01  5.54500000E+00
 -2.30263316E-01  5.54500000E+00
 -2.30659552E-01  5.54500000E+00
 -2.31064915E-01  5.54500000E+00
 -2.31461150E-01  5.54500000E+00
 -2.31866513E-01  5.54500000E+00
 -2.32262749E-01  5.54500000E+00
 -2.32668111E-01  5.54500000E+00
 -2.33064347E-01  5.54500000E+00
 -2.33469710E-01  5.54500000E+00
 -2.33865945E-01  5.54500000E+00
 -2.34271308E-01  5.54500000E+00
 -2.34667544E-01  5.54500000E+00
 -2.35072907E-01  5.54500000E+00
 -2.35469142E-01  5.54500000E+00
 -2.35874505E-01  5.54500000E+00
 -2.36270741E-01  5.54500000E+00
 -2.36676103E-01  5.54500000E+00
 -2.37072339E-01  5.54500000E+00
 -2.37477702E-01  5.54500000E+00
 -2.37873937E-01  5.54500000E+00
 -2.38279300E-01  5.54500000E+00
 -2.38675536E-01  5.54500000E+00
 -2.39080899E-01  5.54500000E+00
 -2.39477134E-01  5.54500000E+00
 -2.39882497E-01  5.54500000E+00
 -2.40278733E-01  5.54500000E+00
 -2.40684095E-01  5.54500000E+00
 -2.41080331E-01  5.54500000E+00
 -2.41485694E-01  5.54500000E+00
 -2.41881929E-01  5.54500000E+00
 -2.42287292E-01  5.54500000E+00
 -2.42683528E-01  5.54500000E+00
 -2.43088891E-01  5.54500000E+00
 -2.43485126E-01  5.54500000E+00
 -2.43890489E-01  5.54500000E+00
 -2.44286725E-01  5.54500000E+00
 -2.44692087E-01  5.54500000E+00
 -2.45088323E-01  5.54500000E+00
 -2.45493686E-01  5.54500000E+00
 -2.45889921E-01  5.54500000E+00
 -2.46295284E-01  5.54500000E+00
 -2.46691520E-01  5.54500000E+00
 -2.47096883E-01  5.54500000E+00
 -2.47493118E-01  5.54500000E+00
 -2.47898481E-01  5.54500000E+00
 -2.48294717E-01  5.54500000E+00
 -2.48700079E-01  5.54500000E+00
 -2.49096315E-01  5.54500000E+00
 -2.49501678E-01  5.54500000E+00
 -2.49897913E-01  5.54500000E+00
 -2.50303276E-01  5.54500000E+00
 -2.50699512E-01  5.54500000E+00
 -2.51104875E-01  5.54500000E+00
 -2.51501110E-01  5.54500000E+00
 -2.51906473E-01  5.54500000E+00
 -2.52302709E-01  5.54500000E+00
 -2.52708071E-01  5.54500000E+00
 -2.53104307E-01  5.54500000E+00
 -2.53509670E-01  5.54500000E+00
 -2.53905905E-01  5.54500000E+00
 -2.54311268E-01  5.54500000E+00
 -2.54707504E-01  5.54500000E+00
 -2.55112867E-01  5.54500000E+00
 -2.55509102E-01  5.54500000E+00
 -2.55914465E-01  5.54500000E+00
 -2.56310701E-01  5.54500000E+00
 -2.56716063E-01  5.54500000E+00
 -2.57112299E-01  5.54500000E+00
 -2.57517662E-01  5.54500000E+00
 -2.57913897E-01  5.54500000E+00
 -2.58319260E-01  5.54500000E+00
 -2.58715496E-01  5.54500000E+00
 -2.59120859E-01  5.54500000E+00
 -2.59517094E-01  5.54500000E+00
 -2.59922457E-01  5.54500000E+00
 -2.60318693E-01  5.54500000E+00
 -2.60724055E-01  5.54500000E+00
 -2.61120291E-01  5.54500000E+00
 -2.61525654E-01  5.54500000E+00
 -2.61921889E-01  5.54500000E+00
 -2.62327252E-01  5.54500000E+00
 -2.62723488E-01  5.54500000E+00
 -2.63128851E-01  5.54500000E+00
 -2.63525086E-01  5.54500000E+00
 -2.63930449E-01  5.54500000E+00
 -2.64326685E-01  5.54500000E+00
 -2.64732047E-01  5.54500000E+00
 -2.65128283E-01  5.54500000E+00
 -2.65533646E-01  5.54500000E+00
 -2.65929881E-01  5.54500000E+00
 -2.66335244E-01  5.54500000E+00
 -2.66731480E-01  5.54500000E+00
 -2.67136843E-01  5.54500000E+00
 -2.67533078E-01  5.54500000E+00
 -2.67938441E-01  5.54500000E+00
 -2.68334677E-01  5.54500000E+00
 -2.68740039E-01  5.54500000E+00
 -2.69136275E-01  5.54500000E+00
 -2.69541638E-01  5.54500000E+00
 -2.69937873E-01  5.54500000E+00
 -2.70343236E-01  5.54500000E+00
 -2.70739472E-01  5.54500000E+00
 -2.71144835E-01  5.54500000E+00
 -2.71541070E-01  5.54500000E+00
 -2.71946433E-01  5.54500000E+00
 -2.72342669E-01  5.54500000E+00
 -2.72748031E-01  5.54500000E+00
 -2.73144267E-01  5.54500000E+00
 -2.73549630E-01  5.54500000E+00
 -2.73945865E-01  5.54500000E+00
 -2.74351228E-01  5.54500000E+00
 -2.74747464E-01  5.54500000E+00
 -2.75152827E-01  5.54500000E+00
 -2.75549062E-01  5.54500000E+00
 -2.75954425E-01  5.54500000E+00
 -2.76350661E-01  5.54500000E+00
 -2.76756023E-01  5.54500000E+00
 -2.77152259E-01  5.54500000E+00
 -2.77557622E-01  5.54500000E+00
 -2.77953858E-01  5.54500000E+00
 -2.78359220E-01  5.54500000E+00
 -2.78755456E-01  5.54500000E+00
 -2.79160819E-01  5.54500000E+00
 -2.79557054E-01  5.54500000E+00
 -2.79962417E-01  5.54500000E+00
 -2.80358653E-01  5.54500000E+00
 -2.80764016E-01  5.54500000E+00
 -2.81160251E-01  5.54500000E+00
 -2.81565614E-01  5.54500000E+00
 -2.81961850E-01  5.54500000E+00
 -2.82367212E-01  5.54500000E+00
 -2.82763448E-01  5.54500000E+00
 -2.83168811E-01  5.54500000E+00
 -2.83565046E-01  5.54500000E+00
 -2.83970409E-01  5.54500000E+00
 -2.84366645E-01  5.54500000E+00
 -2.84772008E-01  5.54500000E+00
 -2.85168243E-01  5.54500000E+00
 -2.85573606E-01  5.54500000E+00
 -2.85969842E-01  5.54500000E+00
 -2.86375204E-01  5.54500000E+00
 -2.86771440E-01  5.54500000E+00
 -2.87176803E-01  5.54500000E+00
 -2.87573038E-01  5.54500000E+00
 -2.87978401E-01  5.54500000E+00
 -2.88374637E-01  5.54500000E+00
 -2.88780000E-01  5.54500000E+00
 -2.89176235E-01  5.54500000E+00
 -2.89581598E-01  5.54500000E+00
 -2.89977834E-01  5.54500000E+00
 -2.90383196E-01  5.54500000E+00
 -2.90779432E-01  5.54500000E+00
 -2.91184795E-01  5.54500000E+00
 -2.91581030E-01  5.54500000E+00
 -2.91986393E-01  5.54500000E+00
 -2.92382629E-01  5.54500000E+00
 -2.92787992E-01  5.54500000E+00
 -2.93184227E-01  5.54500000E+00
 -2.93589590E-01  5.54500000E+00
 -2.93985826E-01  5.54500000E+00
 -2.94391188E-01  5.54500000E+00
 -2.94787424E-01  5.54500000E+00
 -2.95192787E-01  5.54500000E+00
 -2.95589022E-01  5.54500000E+00
 -2.95994385E-01  5.54500000E+00
 -2.96390621E-01  5.54500000E+00
 -2.96795984E-01  5.54500000E+00
 -2.97192219E-01  5.54500000E+00
 -2.97597582E-01  5.54500000E+00
 -2.97993818E-01  5.54500000E+00
 -2.98399180E-01  5.54500000E+00
 -2.98795416E-01  5.54500000E+00
 -2.99200779E-01  5.54500000E+00
 -2.99597014E-01  5.54500000E+00
 -3.00002377E-01  5.54500000E+00
 -3.00398613E-01  5.54500000E+00
 -3.00803976E-01  5.54500000E+00
 -3.01200211E-01  5.54500000E+00
 -3.01605574E-01  5.54500000E+00
 -3.02001810E-01  5.54500000E+00
 -3.02407172E-01  5.54500000E+00
 -3.02803408E-01  5.54500000E+00
 -3.03208771E-01  5.54500000E+00
 -3.03605006E-01  5.54500000E+00
 -3.04010369E-01  5.54500000E+00
 -3.04406605E-01  5.54500000E+00
 -3.04811968E-01  5.54500000E+00
 -3.05208203E-01  5.54500000E+00
 -3.05613566E-01  5.54500000E+00
 -3.06009802E-01  5.54500000E+00
 -3.06415164E-01  5.54500000E+00
 -3.06811400E-01  5.54500000E+00
 -3.07216763E-01  5.54500000E+00
 -3.07612998E-01  5.54500000E+00
 -3.08018361E-01  5.54500000E+00
 -3.08414597E-01  5.54500000E+00
 -3.08819960E-01  5.54500000E+00
 -3.09216195E-01  5.54500000E+00
 -3.09621558E-01  5.54500000E+00
 -3.10017794E-01  5.54500000E+00
 -3.10423156E-01  5.54500000E+00
 -3.10819392E-01  5.54500000E+00
 -3.11224755E-01  5.54500000E+00
 -3.11620990E-01  5.54500000E+00
 -3.12026353E-01  5.54500000E+00
 -3.12422589E-01  5.54500000E+00
 -3.12827952E-01  5.54500000E+00
 -3.13224187E-01  5.54500000E+00
 -3.13629550E-01  5.54500000E+00
 -3.14025786E-01  5.54500000E+00
 -3.14431148E-01  5.54500000E+00
 -3.14827384E-01  5.54500000E+00
 -3.15232747E-01  5.54500000E+00
 -3.15628982E-01  5.54500000E+00
 -3.16000000E-01  5.54240367E+00
 -3.16000000E-01  5.51435651E+00
 -3.16000000E-01  5.48630934E+00
 -3.16000000E-01  5.45375949E+00
 -3.16000000E-01  5.42571233E+00
 -3.16000000E-01  5.39316248E+00
 -3.16000000E-01  5.36511531E+00
 -3.16000000E-01  5.33256546E+00
 -3.16000000E-01  5.30451830E+00
 -3.16000000E-01  5.27196845E+00
 -3.16000000E-01  5.24392128E+00
 -3.16000000E-01  5.21137143E+00
 -3.16000000E-01  5.18332427E+00
 -3.16000000E-01  5.15077442E+00
 -3.16000000E-01  5.12272725E+00
 -3.16000000E-01  5.09017740E+00
 -3.16000000E-01  5.06213024E+00
 -3.16000000E-01  5.02958039E+00
 -3.16000000E-01  5.00153322E+00
 -3.16000000E-01  4.96898337E+00
 -3.16000000E-01  4.94093621E+00
 -3.16000000E-01  4.90838636E+00
 -3.16000000E-01  4.88033919E+00
 -3.16000000E-01  4.84778934E+00
 -3.16000000E-01  4.81974218E+00
 -3.16000000E-01  4.78719233E+00
 -3.16000000E-01  4.75914516E+00
 -3.16000000E-01  4.72659531E+00
 -3.16000000E-01  4.69854815E+00
 -3.16000000E-01  4.66599830E+00
 -3.16000000E-01  4.63795114E+00
 -3.16000000E-01  4.60540128E+00
 -3.16000000E-01  4.57735412E+00
 -3.16000000E-01  4.54480427E+00
 -3.16000000E-01  4.51675711E+00
 -3.16000000E-01  4.48420725E+00
 -3.16000000E-01  4.45616009E+00
 -3.16000000E-01  4.42361024E+00
 -3.16000000E-01  4.39556308E+00
 -3.16000000E-01  4.36301322E+00
 -3.16000000E-01  4.33496606E+00
 -3.16000000E-01  4.30241621E+00
 -3.16000000E-01  4.27436905E+00
 -3.16000000E-01  4.24181919E+00
 -3.16000000E-01  4.21377203E+00
 -3.16000000E-01  4.18122218E+00
 -3.16000000E-01  4.15317502E+00
 -3.16000000E-01  4.12062516E+00
 -3.16000000E-01  4.09257800E+00
 -3.16000000E-01  4.06002815E+00
 -3.16000000E-01  4.03198099E+00
 -3.16000000E-01  3.99943113E+00
 -3.16000000E-01  3.97138397E+00
 -3.16000000E-01  3.93883412E+00
 -3.16000000E-01  3.91078696E+00
 -3.16000000E-01  3.87823710E+00
 -3.16000000E-01  3.85018994E+00
 -3.16000000E-01  3.81764009E+00
 -3.16000000E-01  3.78959293E+00
 -3.16000000E-01  3.75704307E+00
 -3.16000000E-01  3.72899591E+00
 -3.16000000E-01  3.69644606E+00
 -3.16000000E-01  3.66839890E+00
 -3.16000000E-01  3.63584904E+00
 -3.16000000E-01  3.60780188E+00
 -3.16000000E-01  3.57525203E+00
 -3.16000000E-01  3.54720487E+00
 -3.16000000E-01  3.51465501E+00
 -3.16000000E-01  3.48660785E+00
 -3.16000000E-01  3.45405800E+00
 -3.16000000E-01  3.42601084E+00
 -3.16000000E-01  3.39346098E+00
 -3.16000000E-01  3.36541382E+00
 -3.16000000E-01  3.33286397E+00
 -3.16000000E-01  3.30481681E+00
 -3.16000000E-01  3.27226695E+00
 -3.16000000E-01  3.24421979E+00
 -3.16000000E-01  3.21166994E+00
 -3.16000000E-01  3.18362278E+00
 -3.16000000E-01  3.15107292E+00
 -3.16000000E-01  3.12302576E+00
 -3.16000000E-01  3.09047591E+00
 -3.16000000E-01  3.06242875E+00
 -3.16000000E-01  3.02987889E+00
 -3.16000000E-01  3.00183173E+00
 -3.16000000E-01  2.96928188E+00
 -3.16000000E-01  2.94123472E+00
 -3.16000000E-01  2.90868486E+00
 -3.16000000E-01  2.88063770E+00
 -3.16000000E-01  2.84808785E+00
 -3.16000000E-01  2.82004069E+00
 -3.16000000E-01  2.78749083E+00
 -3.16000000E-01  2.75944367E+00
 -3.16000000E-01  2.72689382E+00
 -3.16000000E-01  2.69884666E+00
 -3.16000000E-01  2.66629680E+00
 -3.16000000E-01  2.63824964E+00
 -3.16000000E-01  2.60569979E+00
 -3.16000000E-01  2.57765263E+00
 -3.16000000E-01  2.54510278E+00
 -3.16000000E-01  2.51705561E+00
 -3.16000000E-01  2.48450576E+00
 -3.16000000E-01  2.45645860E+00
 -3.16000000E-01  2.42390875E+00
 -3.16000000E-01  2.39586158E+00
 -3.16000000E-01  2.36331173E+00
 -3.16000000E-01  2.33526457E+00
 -3.16000000E-01  2.30271472E+00
 -3.16000000E-01  2.27466755E+00
 -3.16000000E-01  2.24211770E+00
 -3.16000000E-01  2.21407054E+00
 -3.16000000E-01  2.18152069E+00
 -3.16000000E-01  2.15347352E+00
 -3.16000000E-01  2.12092367E+00
 -3.16000000E-01  2.09287651E+00
 -3.16000000E-01  2.06032666E+00
 -3.16000000E-01  2.03227949E+00
 -3.16000000E-01  1.99972964E+00
 -3.16000000E-01  1.97168248E+00
 -3.16000000E-01  1.93913263E+00
 -3.16000000E-01  1.91108546E+00
 -3.16000000E-01  1.87853561E+00
 -3.16000000E-01  1.85048845E+00
 -3.16000000E-01  1.81793860E+00
 -3.16000000E-01  1.78989143E+00
 -3.16000000E-01  1.75734158E+00
 -3.16000000E-01  1.72929442E+00
 -3.16000000E-01  1.69674457E+00
 -3.16000000E-01  1.66869740E+00
 -3.16000000E-01  1.63614755E+00
 -3.16000000E-01  1.60810039E+00
 -3.16000000E-01  1.57555054E+00
 -3.16000000E-01  1.54750337E+00
 -3.16000000E-01  1.51495352E+00
 -3.16000000E-01  1.48690636E+00
 -3.16000000E-01  1.45435651E+00
 -3.16000000E-01  1.42630934E+00
 -3.16000000E-01  1.39375949E+00
 -3.16000000E-01  1.36571233E+00
 -3.16000000E-01  1.33316248E+00
 -3.16000000E-01  1.30511531E+00
 -3.16000000E-01  1.27256546E+00
 -3.16000000E-01  1.24451830E+00
 -3.16000000E-01  1.21196845E+00
 -3.16000000E-01  1.18392128E+00
 -3.16000000E-01  1.15137143E+00
 -3.16000000E-01  1.12332427E+00
 -3.16000000E-01  1.09077442E+00
 -3.16000000E-01  1.06272725E+00
 -3.16000000E-01  1.03017740E+00
 -3.16000000E-01  1.00213024E+00
 -3.16000000E-01  9.69580387E-01
 -3.16000000E-01  9.41533225E-01
 -3.16000000E-01  9.08983372E-01
 -3.16000000E-01  8.80936210E-01
 -3.16000000E-01  8.48386357E-01
 -3.16000000E-01  8.20339195E-01
 -3.16000000E-01  7.87789342E-01
 -3.16000000E-01  7.59742180E-01
 -3.16000000E-01  7.27192327E-01
 -3.16000000E-01  6.99145165E-01
 -3.16000000E-01  6.66595312E-01
 -3.16000000E-01  6.38548150E-01
 -3.16000000E-01  6.05998297E-01
 -3.16000000E-01  5.77951135E-01
 -3.16000000E-01  5.45401282E-01
 -3.16000000E-01  5.17354120E-01
 -3.16000000E-01  4.84804268E-01
 -3.16000000E-01  4.56757105E-01
 -3.16000000E-01  4.24207253E-01
 -3.16000000E-01  3.96160090E-01
 -3.16000000E-01  3.63610238E-01
 -3.16000000E-01  3.35563075E-01
 -3.16000000E-01  3.03013223E-01
 -3.16000000E-01  2.74966060E-01
 -3.16000000E-01  2.42416208E-01
 -3.16000000E-01  2.14369045E-01
 -3.16000000E-01  1.81819193E-01
 -3.16000000E-01  1.53772031E-01
 -3.16000000E-01  1.21222178E-01
 -3.16000000E-01  9.31750156E-02
 -3.16000000E-01  6.06251631E-02
 -3.16000000E-01  3.25780007E-02
 -3.16000000E-01  2.81481468E-05
 -3.16000000E-01 -2.80190142E-02
 -3.16000000E-01 -6.05688668E-02
 -3.16000000E-01 -8.86160291E-02
 -3.16000000E-01 -1.21165882E-01
 -3.16000000E-01 -1.49213044E-01
 -3.16000000E-01 -1.81762897E-01
 -3.16000000E-01 -2.09810059E-01
 -3.16000000E-01 -2.42359912E-01
 -3.16000000E-01 -2.70407074E-01
 -3.16000000E-01 -3.02956926E-01
 -3.16000000E-01 -3.31004089E-01
 -3.16000000E-01 -3.63553941E-01
 -3.16000000E-01 -3.91601104E-01
 -3.16000000E-01 -4.24150956E-01
 -3.16000000E-01 -4.52198119E-01
 -3.16000000E-01 -4.84747971E-01
 -3.16000000E-01 -5.12795134E-01
 -3.16000000E-01 -5.45344986E-01
 -3.16000000E-01 -5.73392149E-01
 -3.16000000E-01 -6.05942001E-01
 -3.16000000E-01 -6.33989163E-01
 -3.16000000E-01 -6.66539016E-01
 -3.16000000E-01 -6.94586178E-01
 -3.16000000E-01 -7.27136031E-01
 -3.16000000E-01 -7.55183193E-01
 -3.16000000E-01 -7.87733046E-01
 -3.16000000E-01 -8.15780208E-01
 -3.16000000E-01 -8.48330061E-01
 -3.16000000E-01 -8.76377223E-01
 -3.16000000E-01 -9.08927076E-01
 -3.16000000E-01 -9.36974238E-01
 -3.16000000E-01 -9.69524091E-01
 -3.16000000E-01 -9.97571253E-01
 -3.16000000E-01 -1.03012111E+00
 -3.16000000E-01 -1.05816827E+00
 -3.16000000E-01 -1.09071812E+00
 -3.16000000E-01 -1.11876528E+00
 -3.16000000E-01 -1.15131514E+00
 -3.16000000E-01 -1.17936230E+00
 -3.16000000E-01 -1.21191215E+00
 -3.16000000E-01 -1.23995931E+00
 -3.16000000E-01 -1.27250917E+00
 -3.16000000E-01 -1.30055633E+00
 -3.16000000E-01 -1.33310618E+00
 -3.16000000E-01 -1.36115334E+00
 -3.16000000E-01 -1.39370320E+00
 -3.16000000E-01 -1.42175036E+00
 -3.16000000E-01 -1.45430021E+00
 -3.16000000E-01 -1.48234737E+00
 -3.16000000E-01 -1.51489722E+00
 -3.16000000E-01 -1.54294439E+00
 -3.16000000E-01 -1.57549424E+00
 -3.16000000E-01 -1.60354140E+00
 -3.16000000E-01 -1.63609125E+00
 -3.16000000E-01 -1.66413842E+00
 -3.16000000E-01 -1.69668827E+00
 -3.16000000E-01 -1.72473543E+00
 -3.16000000E-01 -1.75728528E+00
 -3.16000000E-01 -1.78533245E+00
 -3.16000000E-01 -1.81788230E+00
 -3.16000000E-01 -1.84592946E+00
 -3.16000000E-01 -1.87847931E+00
 -3.16000000E-01 -1.90652648E+00
 -3.16000000E-01 -1.93907633E+00
 -3.16000000E-01 -1.96712349E+00
 -3.16000000E-01 -1.99967334E+00
 -3.16000000E-01 -2.02772051E+00
 -3.16000000E-01 -2.06027036E+00
 -3.16000000E-01 -2.08831752E+00
 -3.16000000E-01 -2.12086737E+00
 -3.16000000E-01 -2.14891454E+00
 -3.16000000E-01 -2.18146439E+00
 -3.16000000E-01 -2.20951155E+00
 -3.16000000E-01 -2.24206140E+00
 -3.16000000E-01 -2.27010857E+00
 -3.16000000E-01 -2.30265842E+00
 -3.16000000E-01 -2.33070558E+00
 -3.16000000E-01 -2.36325543E+00
 -3.16000000E-01 -2.39130260E+00
 -3.16000000E-01 -2.42385245E+00
 -3.16000000E-01 -2.45189961E+00
 -3.16000000E-01 -2.48444946E+00
 -3.16000000E-01 -2.51249663E+00
 -3.16000000E-01 -2.54504648E+00
 -3.16000000E-01 -2.57309364E+00
 -3.16000000E-01 -2.60564349E+00
 -3.16000000E-01 -2.63369066E+00
 -3.16000000E-01 -2.66624051E+00
 -3.16000000E-01 -2.69428767E+00
 -3.16000000E-01 -2.72683752E+00
 -3.16000000E-01 -2.75488469E+00
 -3.16000000E-01 -2.78743454E+00
 -3.16000000E-01 -2.81548170E+00
 -3.16000000E-01 -2.84803155E+00
 -3.16000000E-01 -2.87607872E+00
 -3.16000000E-01 -2.90862857E+00
 -3.16000000E-01 -2.93667573E+00
 -3.16000000E-01 -2.96922558E+00

w:110/ x(  -0.7900000E-01) y(  -0.2569000E+01) ix(2) iy(2) s(   0.7000E+00)

hb:   line clip z   cb(0.933)
clip:
 -1.58000000E-01 -2.99083847E+00
 -1.57714097E-01 -3.02500000E+00
 -1.56976294E-01 -3.02500000E+00
 -6.00810548E-04 -3.02500000E+00
  0.00000000E+00 -3.01464399E+00
  0.00000000E+00 -2.96922558E+00
  0.00000000E+00 -2.92380717E+00
  0.00000000E+00 -2.90862857E+00
  0.00000000E+00 -2.86321016E+00
  0.00000000E+00 -2.84803155E+00
  0.00000000E+00 -2.80261314E+00
  0.00000000E+00 -2.78743454E+00
  0.00000000E+00 -2.74201613E+00
  0.00000000E+00 -2.72683752E+00
  0.00000000E+00 -2.68141911E+00
  0.00000000E+00 -2.66624051E+00
  0.00000000E+00 -2.62082210E+00
  0.00000000E+00 -2.60564349E+00
  0.00000000E+00 -2.56022508E+00
  0.00000000E+00 -2.54504648E+00
  0.00000000E+00 -2.49962807E+00
  0.00000000E+00 -2.48444946E+00
  0.00000000E+00 -2.43903105E+00
  0.00000000E+00 -2.42385245E+00
  0.00000000E+00 -2.37843404E+00
  0.00000000E+00 -2.36325543E+00
  0.00000000E+00 -2.31783702E+00
  0.00000000E+00 -2.30265842E+00
  0.00000000E+00 -2.25724001E+00
  0.00000000E+00 -2.24206140E+00
  0.00000000E+00 -2.19664299E+00
  0.00000000E+00 -2.18146439E+00
  0.00000000E+00 -2.13604598E+00
  0.00000000E+00 -2.12086737E+00
 -4.96738183E-04 -2.11300000E+00
 -6.00810548E-04 -2.11300000E+00
 -7.04882912E-04 -2.11300000E+00
 -1.40240895E-03 -2.11300000E+00
 -1.50648131E-03 -2.11300000E+00
 -2.20400735E-03 -2.11300000E+00
 -2.30807972E-03 -2.11300000E+00
 -3.00560575E-03 -2.11300000E+00
 -3.10967812E-03 -2.11300000E+00
 -3.80720415E-03 -2.11300000E+00
 -3.91127652E-03 -2.11300000E+00
 -4.60880256E-03 -2.11300000E+00
 -4.71287492E-03 -2.11300000E+00
 -5.41040096E-03 -2.11300000E+00
 -5.51447332E-03 -2.11300000E+00
 -6.21199936E-03 -2.11300000E+00
 -6.31607172E-03 -2.11300000E+00
 -7.01359776E-03 -2.11300000E+00
 -7.11767012E-03 -2.11300000E+00
 -7.81519616E-03 -2.11300000E+00
 -7.91926853E-03 -2.11300000E+00
 -8.61679456E-03 -2.11300000E+00
 -8.72086693E-03 -2.11300000E+00
 -9.41839297E-03 -2.11300000E+00
 -9.52246533E-03 -2.11300000E+00
 -1.02199914E-02 -2.11300000E+00
 -1.03240637E-02 -2.11300000E+00
 -1.10215898E-02 -2.11300000E+00
 -1.11256621E-02 -2.11300000E+00
 -1.18231882E-02 -2.11300000E+00
 -1.19272605E-02 -2.11300000E+00
 -1.26247866E-02 -2.11300000E+00
 -1.27288589E-02 -2.11300000E+00
 -1.34263850E-02 -2.11300000E+00
 -1.35304573E-02 -2.11300000E+00
 -1.42279834E-02 -2.11300000E+00
 -1.43320557E-02 -2.11300000E+00
 -1.50295818E-02 -2.11300000E+00
 -1.51336541E-02 -2.11300000E+00
 -1.58311802E-02 -2.11300000E+00
 -1.59352525E-02 -2.11300000E+00
 -1.66327786E-02 -2.11300000E+00
 -1.67368509E-02 -2.11300000E+00
 -1.74343770E-02 -2.11300000E+00
 -1.75384493E-02 -2.11300000E+00
 -1.82359754E-02 -2.11300000E+00
 -1.83400477E-02 -2.11300000E+00
 -1.90375738E-02 -2.11300000E+00
 -1.91416461E-02 -2.11300000E+00
 -1.98391722E-02 -2.11300000E+00
 -1.99432446E-02 -2.11300000E+00
 -2.06407706E-02 -2.11300000E+00
 -2.07448430E-02 -2.11300000E+00
 -2.14423690E-02 -2.11300000E+00
 -2.15464414E-02 -2.11300000E+00
 -2.22439674E-02 -2.11300000E+00
 -2.23480398E-02 -2.11300000E+00
 -2.30455658E-02 -2.11300000E+00
 -2.31496382E-02 -2.11300000E+00
 -2.38471642E-02 -2.11300000E+00
 -2.39512366E-02 -2.11300000E+00
 -2.46487626E-02 -2.11300000E+00
 -2.47528350E-02 -2.11300000E+00
 -2.54503610E-02 -2.11300000E+00
 -2.55544334E-02 -2.11300000E+00
 -2.62519594E-02 -2.11300000E+00
 -2.63560318E-02 -2.11300000E+00
 -2.70535578E-02 -2.11300000E+00
 -2.71576302E-02 -2.11300000E+00
 -2.78551562E-02 -2.11300000E+00
 -2.79592286E-02 -2.11300000E+00
 -2.86567546E-02 -2.11300000E+00
 -2.87608270E-02 -2.11300000E+00
 -2.94583530E-02 -2.11300000E+00
 -2.95624254E-02 -2.11300000E+00
 -3.02599514E-02 -2.11300000E+00
 -3.03640238E-02 -2.11300000E+00
 -3.10615498E-02 -2.11300000E+00
 -3.11656222E-02 -2.11300000E+00
 -3.18631482E-02 -2.11300000E+00
 -3.19672206E-02 -2.11300000E+00
 -3.26647466E-02 -2.11300000E+00
 -3.27688190E-02 -2.11300000E+00
 -3.34663450E-02 -2.11300000E+00
 -3.35704174E-02 -2.11300000E+00
 -3.42679434E-02 -2.11300000E+00
 -3.43720158E-02 -2.11300000E+00
 -3.50695418E-02 -2.11300000E+00
 -3.51736142E-02 -2.11300000E+00
 -3.58711402E-02 -2.11300000E+00
 -3.59752126E-02 -2.11300000E+00
 -3.66727386E-02 -2.11300000E+00
 -3.67768110E-02 -2.11300000E+00
 -3.74743370E-02 -2.11300000E+00
 -3.75784094E-02 -2.11300000E+00
 -3.82759354E-02 -2.11300000E+00
 -3.83800078E-02 -2.11300000E+00
 -3.90775338E-02 -2.11300000E+00
 -3.91816062E-02 -2.11300000E+00
 -3.98791322E-02 -2.11300000E+00
 -3.99832046E-02 -2.11300000E+00
 -4.06807306E-02 -2.11300000E+00
 -4.07848030E-02 -2.11300000E+00
 -4.14823290E-02 -2.11300000E+00
 -4.15864014E-02 -2.11300000E+00
 -4.22839274E-02 -2.11300000E+00
 -4.23879998E-02 -2.11300000E+00
 -4.30855258E-02 -2.11300000E+00
 -4.31895982E-02 -2.11300000E+00
 -4.38871242E-02 -2.11300000E+00
 -4.39911966E-02 -2.11300000E+00
 -4.46887226E-02 -2.11300000E+00
 -4.47927950E-02 -2.11300000E+00
 -4.54903210E-02 -2.11300000E+00
 -4.55943934E-02 -2.11300000E+00
 -4.62919194E-02 -2.11300000E+00
 -4.63959918E-02 -2.11300000E+00
 -4.70935178E-02 -2.11300000E+00
 -4.71975902E-02 -2.11300000E+00
 -4.78951162E-02 -2.11300000E+00
 -4.79991886E-02 -2.11300000E+00
 -4.86967146E-02 -2.11300000E+00
 -4.88007870E-02 -2.11300000E+00
 -4.94983130E-02 -2.11300000E+00
 -4.96023854E-02 -2.11300000E+00
 -5.02999114E-02 -2.11300000E+00
 -5.04039838E-02 -2.11300000E+00
 -5.11015098E-02 -2.11300000E+00
 -5.12055822E-02 -2.11300000E+00
 -5.19031082E-02 -2.11300000E+00
 -5.20071806E-02 -2.11300000E+00
 -5.27047067E-02 -2.11300000E+00
 -5.28087790E-02 -2.11300000E+00
 -5.35063051E-02 -2.11300000E+00
 -5.36103774E-02 -2.11300000E+00
 -5.43079035E-02 -2.11300000E+00
 -5.44119758E-02 -2.11300000E+00
 -5.51095019E-02 -2.11300000E+00
 -5.52135742E-02 -2.11300000E+00
 -5.59111003E-02 -2.11300000E+00
 -5.60151726E-02 -2.11300000E+00
 -5.67126987E-02 -2.11300000E+00
 -5.68167710E-02 -2.11300000E+00
 -5.75142971E-02 -2.11300000E+00
 -5.76183694E-02 -2.11300000E+00
 -5.83158955E-02 -2.11300000E+00
 -5.84199678E-02 -2.11300000E+00
 -5.91174939E-02 -2.11300000E+00
 -5.92215662E-02 -2.11300000E+00
 -5.99190923E-02 -2.11300000E+00
 -6.00231646E-02 -2.11300000E+00
 -6.07206907E-02 -2.11300000E+00
 -6.08247630E-02 -2.11300000E+00
 -6.15222891E-02 -2.11300000E+00
 -6.16263614E-02 -2.11300000E+00
 -6.23238875E-02 -2.11300000E+00
 -6.24279598E-02 -2.11300000E+00
 -6.31254859E-02 -2.11300000E+00
 -6.32295582E-02 -2.11300000E+00
 -6.39270843E-02 -2.11300000E+00
 -6.40311566E-02 -2.11300000E+00
 -6.47286827E-02 -2.11300000E+00
 -6.48327550E-02 -2.11300000E+00
 -6.55302811E-02 -2.11300000E+00
 -6.56343534E-02 -2.11300000E+00
 -6.63318795E-02 -2.11300000E+00
 -6.64359518E-02 -2.11300000E+00
 -6.71334779E-02 -2.11300000E+00
 -6.72375502E-02 -2.11300000E+00
 -6.79350763E-02 -2.11300000E+00
 -6.80391486E-02 -2.11300000E+00
 -6.87366747E-02 -2.11300000E+00
 -6.88407470E-02 -2.11300000E+00
 -6.95382731E-02 -2.11300000E+00
 -6.96423454E-02 -2.11300000E+00
 -7.03398715E-02 -2.11300000E+00
 -7.04439439E-02 -2.11300000E+00
 -7.11414699E-02 -2.11300000E+00
 -7.12455423E-02 -2.11300000E+00
 -7.19430683E-02 -2.11300000E+00
 -7.20471407E-02 -2.11300000E+00
 -7.27446667E-02 -2.11300000E+00
 -7.28487391E-02 -2.11300000E+00
 -7.35462651E-02 -2.11300000E+00
 -7.36503375E-02 -2.11300000E+00
 -7.43478635E-02 -2.11300000E+00
 -7.44519359E-02 -2.11300000E+00
 -7.51494619E-02 -2.11300000E+00
 -7.52535343E-02 -2.11300000E+00
 -7.59510603E-02 -2.11300000E+00
 -7.60551327E-02 -2.11300000E+00
 -7.67526587E-02 -2.11300000E+00
 -7.68567311E-02 -2.11300000E+00
 -7.75542571E-02 -2.11300000E+00
 -7.76583295E-02 -2.11300000E+00
 -7.83558555E-02 -2.11300000E+00
 -7.84599279E-02 -2.11300000E+00
 -7.91574539E-02 -2.11300000E+00
 -7.92615263E-02 -2.11300000E+00
 -7.99590523E-02 -2.11300000E+00
 -8.00631247E-02 -2.11300000E+00
 -8.07606507E-02 -2.11300000E+00
 -8.08647231E-02 -2.11300000E+00
 -8.15622491E-02 -2.11300000E+00
 -8.16663215E-02 -2.11300000E+00
 -8.23638475E-02 -2.11300000E+00
 -8.24679199E-02 -2.11300000E+00
 -8.31654459E-02 -2.11300000E+00
 -8.32695183E-02 -2.11300000E+00
 -8.39670443E-02 -2.11300000E+00
 -8.40711167E-02 -2.11300000E+00
 -8.47686427E-02 -2.11300000E+00
 -8.48727151E-02 -2.11300000E+00
 -8.55702411E-02 -2.11300000E+00
 -8.56743135E-02 -2.11300000E+00
 -8.63718395E-02 -2.11300000E+00
 -8.64759119E-02 -2.11300000E+00
 -8.71734379E-02 -2.11300000E+00
 -8.72775103E-02 -2.11300000E+00
 -8.79750363E-02 -2.11300000E+00
 -8.80791087E-02 -2.11300000E+00
 -8.87766347E-02 -2.11300000E+00
 -8.88807071E-02 -2.11300000E+00
 -8.95782331E-02 -2.11300000E+00
 -8.96823055E-02 -2.11300000E+00
 -9.03798315E-02 -2.11300000E+00
 -9.04839039E-02 -2.11300000E+00
 -9.11814299E-02 -2.11300000E+00
 -9.12855023E-02 -2.11300000E+00
 -9.19830283E-02 -2.11300000E+00
 -9.20871007E-02 -2.11300000E+00
 -9.27846267E-02 -2.11300000E+00
 -9.28886991E-02 -2.11300000E+00
 -9.35862251E-02 -2.11300000E+00
 -9.36902975E-02 -2.11300000E+00
 -9.43878235E-02 -2.11300000E+00
 -9.44918959E-02 -2.11300000E+00
 -9.51894219E-02 -2.11300000E+00
 -9.52934943E-02 -2.11300000E+00
 -9.59910203E-02 -2.11300000E+00
 -9.60950927E-02 -2.11300000E+00
 -9.67926187E-02 -2.11300000E+00
 -9.68966911E-02 -2.11300000E+00
 -9.75942171E-02 -2.11300000E+00
 -9.76982895E-02 -2.11300000E+00
 -9.83958155E-02 -2.11300000E+00
 -9.84998879E-02 -2.11300000E+00
 -9.91974139E-02 -2.11300000E+00
 -9.93014863E-02 -2.11300000E+00
 -9.99990123E-02 -2.11300000E+00
 -1.00103085E-01 -2.11300000E+00
 -1.00800611E-01 -2.11300000E+00
 -1.00904683E-01 -2.11300000E+00
 -1.01602209E-01 -2.11300000E+00
 -1.01706282E-01 -2.11300000E+00
 -1.02403808E-01 -2.11300000E+00
 -1.02507880E-01 -2.11300000E+00
 -1.03205406E-01 -2.11300000E+00
 -1.03309478E-01 -2.11300000E+00
 -1.04007004E-01 -2.11300000E+00
 -1.04111077E-01 -2.11300000E+00
 -1.04808603E-01 -2.11300000E+00
 -1.04912675E-01 -2.11300000E+00
 -1.05610201E-01 -2.11300000E+00
 -1.05714274E-01 -2.11300000E+00
 -1.06411800E-01 -2.11300000E+00
 -1.06515872E-01 -2.11300000E+00
 -1.07213398E-01 -2.11300000E+00
 -1.07317470E-01 -2.11300000E+00
 -1.08014996E-01 -2.11300000E+00
 -1.08119069E-01 -2.11300000E+00
 -1.08816595E-01 -2.11300000E+00
 -1.08920667E-01 -2.11300000E+00
 -1.09618193E-01 -2.11300000E+00
 -1.09722266E-01 -2.11300000E+00
 -1.10419792E-01 -2.11300000E+00
 -1.10523864E-01 -2.11300000E+00
 -1.11221390E-01 -2.11300000E+00
 -1.11325462E-01 -2.11300000E+00
 -1.12022988E-01 -2.11300000E+00
 -1.12127061E-01 -2.11300000E+00
 -1.12824587E-01 -2.11300000E+00
 -1.12928659E-01 -2.11300000E+00
 -1.13626185E-01 -2.11300000E+00
 -1.13730258E-01 -2.11300000E+00
 -1.14427784E-01 -2.11300000E+00
 -1.14531856E-01 -2.11300000E+00
 -1.15229382E-01 -2.11300000E+00
 -1.15333454E-01 -2.11300000E+00
 -1.16030980E-01 -2.11300000E+00
 -1.16135053E-01 -2.11300000E+00
 -1.16832579E-01 -2.11300000E+00
 -1.16936651E-01 -2.11300000E+00
 -1.17634177E-01 -2.11300000E+00
 -1.17738250E-01 -2.11300000E+00
 -1.18435776E-01 -2.11300000E+00
 -1.18539848E-01 -2.11300000E+00
 -1.19237374E-01 -2.11300000E+00
 -1.19341446E-01 -2.11300000E+00
 -1.20038972E-01 -2.11300000E+00
 -1.20143045E-01 -2.11300000E+00
 -1.20840571E-01 -2.11300000E+00
 -1.20944643E-01 -2.11300000E+00
 -1.21642169E-01 -2.11300000E+00
 -1.21746242E-01 -2.11300000E+00
 -1.22443768E-01 -2.11300000E+00
 -1.22547840E-01 -2.11300000E+00
 -1.23245366E-01 -2.11300000E+00
 -1.23349438E-01 -2.11300000E+00
 -1.24046964E-01 -2.11300000E+00
 -1.24151037E-01 -2.11300000E+00
 -1.24848563E-01 -2.11300000E+00
 -1.24952635E-01 -2.11300000E+00
 -1.25650161E-01 -2.11300000E+00
 -1.25754234E-01 -2.11300000E+00
 -1.26451760E-01 -2.11300000E+00
 -1.26555832E-01 -2.11300000E+00
 -1.27253358E-01 -2.11300000E+00
 -1.27357430E-01 -2.11300000E+00
 -1.28054956E-01 -2.11300000E+00
 -1.28159029E-01 -2.11300000E+00
 -1.28856555E-01 -2.11300000E+00
 -1.28960627E-01 -2.11300000E+00
 -1.29658153E-01 -2.11300000E+00
 -1.29762226E-01 -2.11300000E+00
 -1.30459752E-01 -2.11300000E+00
 -1.30563824E-01 -2.11300000E+00
 -1.31261350E-01 -2.11300000E+00
 -1.31365422E-01 -2.11300000E+00
 -1.32062948E-01 -2.11300000E+00
 -1.32167021E-01 -2.11300000E+00
 -1.32864547E-01 -2.11300000E+00
 -1.32968619E-01 -2.11300000E+00
 -1.33666145E-01 -2.11300000E+00
 -1.33770218E-01 -2.11300000E+00
 -1.34467744E-01 -2.11300000E+00
 -1.34571816E-01 -2.11300000E+00
 -1.35269342E-01 -2.11300000E+00
 -1.35373414E-01 -2.11300000E+00
 -1.36070940E-01 -2.11300000E+00
 -1.36175013E-01 -2.11300000E+00
 -1.36872539E-01 -2.11300000E+00
 -1.36976611E-01 -2.11300000E+00
 -1.37674137E-01 -2.11300000E+00
 -1.37778210E-01 -2.11300000E+00
 -1.38475736E-01 -2.11300000E+00
 -1.38579808E-01 -2.11300000E+00
 -1.39277334E-01 -2.11300000E+00
 -1.39381406E-01 -2.11300000E+00
 -1.40078932E-01 -2.11300000E+00
 -1.40183005E-01 -2.11300000E+00
 -1.40880531E-01 -2.11300000E+00
 -1.40984603E-01 -2.11300000E+00
 -1.41682129E-01 -2.11300000E+00
 -1.41786202E-01 -2.11300000E+00
 -1.42483728E-01 -2.11300000E+00
 -1.42587800E-01 -2.11300000E+00
 -1.43285326E-01 -2.11300000E+00
 -1.43389398E-01 -2.11300000E+00
 -1.44086924E-01 -2.11300000E+00
 -1.44190997E-01 -2.11300000E+00
 -1.44888523E-01 -2.11300000E+00
 -1.44992595E-01 -2.11300000E+00
 -1.45690121E-01 -2.11300000E+00
 -1.45794194E-01 -2.11300000E+00
 -1.46491720E-01 -2.11300000E+00
 -1.46595792E-01 -2.11300000E+00
 -1.47293318E-01 -2.11300000E+00
 -1.47397390E-01 -2.11300000E+00
 -1.48094916E-01 -2.11300000E+00
 -1.48198989E-01 -2.11300000E+00
 -1.48896515E-01 -2.11300000E+00
 -1.49000587E-01 -2.11300000E+00
 -1.49698113E-01 -2.11300000E+00
 -1.49802186E-01 -2.11300000E+00
 -1.50499712E-01 -2.11300000E+00
 -1.50603784E-01 -2.11300000E+00
 -1.51301310E-01 -2.11300000E+00
 -1.51405382E-01 -2.11300000E+00
 -1.52102908E-01 -2.11300000E+00
 -1.52206981E-01 -2.11300000E+00
 -1.52904507E-01 -2.11300000E+00
 -1.53008579E-01 -2.11300000E+00
 -1.53706105E-01 -2.11300000E+00
 -1.53810178E-01 -2.11300000E+00
 -1.54507704E-01 -2.11300000E+00
 -1.54611776E-01 -2.11300000E+00
 -1.55309302E-01 -2.11300000E+00
 -1.55413374E-01 -2.11300000E+00
 -1.56110900E-01 -2.11300000E+00
 -1.56214973E-01 -2.11300000E+00
 -1.56912499E-01 -2.11300000E+00
 -1.57016571E-01 -2.11300000E+00
 -1.57714097E-01 -2.11300000E+00
 -1.57818170E-01 -2.11300000E+00
 -1.58000000E-01 -2.12086737E+00
 -1.58000000E-01 -2.14248026E+00
 -1.58000000E-01 -2.18146439E+00
 -1.58000000E-01 -2.20307727E+00
 -1.58000000E-01 -2.24206140E+00
 -1.58000000E-01 -2.26367429E+00
 -1.58000000E-01 -2.30265842E+00
 -1.58000000E-01 -2.32427130E+00
 -1.58000000E-01 -2.36325543E+00
 -1.58000000E-01 -2.38486832E+00
 -1.58000000E-01 -2.42385245E+00
 -1.58000000E-01 -2.44546533E+00
 -1.58000000E-01 -2.48444946E+00
 -1.58000000E-01 -2.50606235E+00
 -1.58000000E-01 -2.54504648E+00
 -1.58000000E-01 -2.56665936E+00
 -1.58000000E-01 -2.60564349E+00
 -1.58000000E-01 -2.62725638E+00
 -1.58000000E-01 -2.66624051E+00
 -1.58000000E-01 -2.68785339E+00
 -1.58000000E-01 -2.72683752E+00
 -1.58000000E-01 -2.74845041E+00
 -1.58000000E-01 -2.78743454E+00
 -1.58000000E-01 -2.80904742E+00
 -1.58000000E-01 -2.84803155E+00
 -1.58000000E-01 -2.86964444E+00
 -1.58000000E-01 -2.90862857E+00
 -1.58000000E-01 -2.93024145E+00
 -1.58000000E-01 -2.96922558E+00

w:108/ x(   0.2125000E-01) y(  -0.2097000E+01) ix(2) iy(2) s(   0.7000E+00)

hb:   line clip z   cb(-0.9)
clip:
  3.20008610E-05 -2.67900000E+00
  4.20526917E-02 -2.67900000E+00
  4.25000000E-02 -2.66624051E+00
  4.25000000E-02 -2.61966665E+00
  4.25000000E-02 -2.60564349E+00
  4.25000000E-02 -2.55906963E+00
  4.25000000E-02 -2.54504648E+00
  4.25000000E-02 -2.49847262E+00
  4.25000000E-02 -2.48444946E+00
  4.25000000E-02 -2.43787560E+00
  4.25000000E-02 -2.42385245E+00
  4.25000000E-02 -2.37727859E+00
  4.25000000E-02 -2.36325543E+00
  4.25000000E-02 -2.31668157E+00
  4.25000000E-02 -2.30265842E+00
  4.25000000E-02 -2.25608456E+00
  4.25000000E-02 -2.24206140E+00
  4.25000000E-02 -2.19548754E+00
  4.25000000E-02 -2.18146439E+00
  4.25000000E-02 -2.13489053E+00
  4.25000000E-02 -2.12086737E+00
  4.25000000E-02 -2.07429351E+00
  4.25000000E-02 -2.06027036E+00
  4.25000000E-02 -2.01369650E+00
  4.25000000E-02 -1.99967334E+00
  4.25000000E-02 -1.95309948E+00
  4.25000000E-02 -1.93907633E+00
  4.25000000E-02 -1.89250247E+00
  4.25000000E-02 -1.87847931E+00
  4.25000000E-02 -1.83190545E+00
  4.25000000E-02 -1.81788230E+00
  4.25000000E-02 -1.77130844E+00
  4.25000000E-02 -1.75728528E+00
  4.25000000E-02 -1.71071142E+00
  4.25000000E-02 -1.69668827E+00
  4.25000000E-02 -1.65011441E+00
  4.25000000E-02 -1.63609125E+00
  4.25000000E-02 -1.58951739E+00
  4.25000000E-02 -1.57549424E+00
  4.25000000E-02 -1.52892038E+00
  4.18839047E-02 -1.51500000E+00
  4.10836659E-02 -1.51500000E+00
  4.10823063E-02 -1.51500000E+00
  4.02820675E-02 -1.51500000E+00
  4.02807079E-02 -1.51500000E+00
  3.94804691E-02 -1.51500000E+00
  3.94791095E-02 -1.51500000E+00
  3.86788707E-02 -1.51500000E+00
  3.86775111E-02 -1.51500000E+00
  3.78772723E-02 -1.51500000E+00
  3.78759127E-02 -1.51500000E+00
  3.70756739E-02 -1.51500000E+00
  3.70743143E-02 -1.51500000E+00
  3.62740755E-02 -1.51500000E+00
  3.62727159E-02 -1.51500000E+00
  3.54724771E-02 -1.51500000E+00
  3.54711175E-02 -1.51500000E+00
  3.46708787E-02 -1.51500000E+00
  3.46695191E-02 -1.51500000E+00
  3.38692803E-02 -1.51500000E+00
  3.38679207E-02 -1.51500000E+00
  3.30676819E-02 -1.51500000E+00
  3.30663223E-02 -1.51500000E+00
  3.22660835E-02 -1.51500000E+00
  3.22647239E-02 -1.51500000E+00
  3.14644851E-02 -1.51500000E+00
  3.14631255E-02 -1.51500000E+00
  3.06628867E-02 -1.51500000E+00
  3.06615271E-02 -1.51500000E+00
  2.98612883E-02 -1.51500000E+00
  2.98599287E-02 -1.51500000E+00
  2.90596899E-02 -1.51500000E+00
  2.90583303E-02 -1.51500000E+00
  2.82580915E-02 -1.51500000E+00
  2.82567319E-02 -1.51500000E+00
  2.74564931E-02 -1.51500000E+00
  2.74551335E-02 -1.51500000E+00
  2.66548947E-02 -1.51500000E+00
  2.66535351E-02 -1.51500000E+00
  2.58532962E-02 -1.51500000E+00
  2.58519367E-02 -1.51500000E+00
  2.50516978E-02 -1.51500000E+00
  2.50503383E-02 -1.51500000E+00
  2.42500994E-02 -1.51500000E+00
  2.42487399E-02 -1.51500000E+00
  2.34485010E-02 -1.51500000E+00
  2.34471415E-02 -1.51500000E+00
  2.26469026E-02 -1.51500000E+00
  2.26455431E-02 -1.51500000E+00
  2.18453042E-02 -1.51500000E+00
  2.18439447E-02 -1.51500000E+00
  2.10437058E-02 -1.51500000E+00
  2.10423463E-02 -1.51500000E+00
  2.02421074E-02 -1.51500000E+00
  2.02407479E-02 -1.51500000E+00
  1.94405090E-02 -1.51500000E+00
  1.94391495E-02 -1.51500000E+00
  1.86389106E-02 -1.51500000E+00
  1.86375511E-02 -1.51500000E+00
  1.78373122E-02 -1.51500000E+00
  1.78359527E-02 -1.51500000E+00
  1.70357138E-02 -1.51500000E+00
  1.70343543E-02 -1.51500000E+00
  1.62341154E-02 -1.51500000E+00
  1.62327559E-02 -1.51500000E+00
  1.54325170E-02 -1.51500000E+00
  1.54311575E-02 -1.51500000E+00
  1.46309186E-02 -1.51500000E+00
  1.46295591E-02 -1.51500000E+00
  1.38293202E-02 -1.51500000E+00
  1.38279607E-02 -1.51500000E+00
  1.30277218E-02 -1.51500000E+00
  1.30263623E-02 -1.51500000E+00
  1.22261234E-02 -1.51500000E+00
  1.22247639E-02 -1.51500000E+00
  1.14245250E-02 -1.51500000E+00
  1.14231655E-02 -1.51500000E+00
  1.06229266E-02 -1.51500000E+00
  1.06215671E-02 -1.51500000E+00
  9.82132822E-03 -1.51500000E+00
  9.81996867E-03 -1.51500000E+00
  9.01972982E-03 -1.51500000E+00
  9.01837027E-03 -1.51500000E+00
  8.21813141E-03 -1.51500000E+00
  8.21677187E-03 -1.51500000E+00
  7.41653301E-03 -1.51500000E+00
  7.41517347E-03 -1.51500000E+00
  6.61493461E-03 -1.51500000E+00
  6.61357507E-03 -1.51500000E+00
  5.81333621E-03 -1.51500000E+00
  5.81197667E-03 -1.51500000E+00
  5.01173781E-03 -1.51500000E+00
  5.01037826E-03 -1.51500000E+00
  4.21013941E-03 -1.51500000E+00
  4.20877986E-03 -1.51500000E+00
  3.40854100E-03 -1.51500000E+00
  3.40718146E-03 -1.51500000E+00
  2.60694260E-03 -1.51500000E+00
  2.60558306E-03 -1.51500000E+00
  1.80534420E-03 -1.51500000E+00
  1.80398466E-03 -1.51500000E+00
  1.00374580E-03 -1.51500000E+00
  1.00238626E-03 -1.51500000E+00
  2.02147398E-04 -1.51500000E+00
  2.00787854E-04 -1.51500000E+00
  0.00000000E+00 -1.56031564E+00
  0.00000000E+00 -1.57549424E+00
  0.00000000E+00 -1.59067284E+00
  0.00000000E+00 -1.63609125E+00
  0.00000000E+00 -1.65126986E+00
  0.00000000E+00 -1.69668827E+00
  0.00000000E+00 -1.71186687E+00
  0.00000000E+00 -1.75728528E+00
  0.00000000E+00 -1.77246389E+00
  0.00000000E+00 -1.81788230E+00
  0.00000000E+00 -1.83306090E+00
  0.00000000E+00 -1.87847931E+00
  0.00000000E+00 -1.89365792E+00
  0.00000000E+00 -1.93907633E+00
  0.00000000E+00 -1.95425493E+00
  0.00000000E+00 -1.99967334E+00
  0.00000000E+00 -2.01485195E+00
  0.00000000E+00 -2.06027036E+00
  0.00000000E+00 -2.07544896E+00
  0.00000000E+00 -2.12086737E+00
  0.00000000E+00 -2.13604598E+00
  0.00000000E+00 -2.18146439E+00
  0.00000000E+00 -2.19664299E+00
  0.00000000E+00 -2.24206140E+00
  0.00000000E+00 -2.25724001E+00
  0.00000000E+00 -2.30265842E+00
  0.00000000E+00 -2.31783702E+00
  0.00000000E+00 -2.36325543E+00
  0.00000000E+00 -2.37843404E+00
  0.00000000E+00 -2.42385245E+00
  0.00000000E+00 -2.43903105E+00
  0.00000000E+00 -2.48444946E+00
  0.00000000E+00 -2.49962807E+00
  0.00000000E+00 -2.54504648E+00
  0.00000000E+00 -2.56022508E+00
  0.00000000E+00 -2.60564349E+00
  0.00000000E+00 -2.62082210E+00
  0.00000000E+00 -2.66624051E+00

w:105/ x(   0.7575000E-01) y(   0.1183000E+01) ix(2) iy(2) s(   0.7000E+00)

h: x ny1,0  y2=[y1](Si),ic[0.002 1.0 1.00]
 -1.000000E+00 -1.000000E+00

hb:   line clip z   cb(0.002 1.0 1.00)
clip:
  4.25167161E-02 -2.67900000E+00
  1.08585359E-01 -2.67900000E+00
  1.09000000E-01 -2.66624051E+00
  1.09000000E-01 -2.62213614E+00
  1.09000000E-01 -2.60564349E+00
  1.09000000E-01 -2.56153913E+00
  1.09000000E-01 -2.54504648E+00
  1.09000000E-01 -2.50094211E+00
  1.09000000E-01 -2.48444946E+00
  1.09000000E-01 -2.44034510E+00
  1.09000000E-01 -2.42385245E+00
  1.09000000E-01 -2.37974808E+00
  1.09000000E-01 -2.36325543E+00
  1.09000000E-01 -2.31915107E+00
  1.09000000E-01 -2.30265842E+00
  1.09000000E-01 -2.25855405E+00
  1.09000000E-01 -2.24206140E+00
  1.09000000E-01 -2.19795704E+00
  1.09000000E-01 -2.18146439E+00
  1.09000000E-01 -2.13736002E+00
  1.09000000E-01 -2.12086737E+00
  1.09000000E-01 -2.07676301E+00
  1.09000000E-01 -2.06027036E+00
  1.09000000E-01 -2.01616599E+00
  1.09000000E-01 -1.99967334E+00
  1.09000000E-01 -1.95556898E+00
  1.09000000E-01 -1.93907633E+00
  1.09000000E-01 -1.89497196E+00
  1.09000000E-01 -1.87847931E+00
  1.09000000E-01 -1.83437495E+00
  1.09000000E-01 -1.81788230E+00
  1.09000000E-01 -1.77377793E+00
  1.09000000E-01 -1.75728528E+00
  1.09000000E-01 -1.71318092E+00
  1.09000000E-01 -1.69668827E+00
  1.09000000E-01 -1.65258390E+00
  1.09000000E-01 -1.63609125E+00
  1.09000000E-01 -1.59198689E+00
  1.09000000E-01 -1.57549424E+00
  1.09000000E-01 -1.53138987E+00
  1.09000000E-01 -1.51489722E+00
  1.09000000E-01 -1.47079286E+00
  1.09000000E-01 -1.45430021E+00
  1.09000000E-01 -1.41019584E+00
  1.09000000E-01 -1.39370320E+00
  1.09000000E-01 -1.34959883E+00
  1.09000000E-01 -1.33310618E+00
  1.09000000E-01 -1.28900181E+00
  1.09000000E-01 -1.27250917E+00
  1.09000000E-01 -1.22840480E+00
  1.09000000E-01 -1.21191215E+00
  1.09000000E-01 -1.16780778E+00
  1.09000000E-01 -1.15131514E+00
  1.09000000E-01 -1.10721077E+00
  1.09000000E-01 -1.09071812E+00
  1.09000000E-01 -1.04661375E+00
  1.09000000E-01 -1.03012111E+00
  1.09000000E-01 -9.86016737E-01
  1.09000000E-01 -9.69524091E-01
  1.09000000E-01 -9.25419723E-01
  1.09000000E-01 -9.08927076E-01
  1.09000000E-01 -8.64822708E-01
  1.09000000E-01 -8.48330061E-01
  1.09000000E-01 -8.04225693E-01
  1.09000000E-01 -7.87733046E-01
  1.09000000E-01 -7.43628678E-01
  1.09000000E-01 -7.27136031E-01
  1.09000000E-01 -6.83031663E-01
  1.09000000E-01 -6.66539016E-01
  1.09000000E-01 -6.22434648E-01
  1.09000000E-01 -6.05942001E-01
  1.09000000E-01 -5.61837633E-01
  1.09000000E-01 -5.45344986E-01
  1.09000000E-01 -5.01240618E-01
  1.09000000E-01 -4.84747971E-01
  1.09000000E-01 -4.40643603E-01
  1.09000000E-01 -4.24150956E-01
  1.09000000E-01 -3.80046588E-01
  1.09000000E-01 -3.63553941E-01
  1.09000000E-01 -3.19449573E-01
  1.09000000E-01 -3.02956926E-01
  1.09000000E-01 -2.58852558E-01
  1.09000000E-01 -2.42359912E-01
  1.09000000E-01 -1.98255543E-01
  1.09000000E-01 -1.81762897E-01
  1.09000000E-01 -1.37658529E-01
  1.09000000E-01 -1.21165882E-01
  1.09000000E-01 -7.70615136E-02
  1.09000000E-01 -6.05688668E-02
  1.09000000E-01 -1.64644987E-02
  1.09000000E-01  2.81481468E-05
  1.09000000E-01  4.41325163E-02
  1.09000000E-01  6.06251631E-02
  1.09000000E-01  1.04729531E-01
  1.09000000E-01  1.21222178E-01
  1.09000000E-01  1.65326546E-01
  1.09000000E-01  1.81819193E-01
  1.09000000E-01  2.25923561E-01
  1.09000000E-01  2.42416208E-01
  1.09000000E-01  2.86520576E-01
  1.09000000E-01  3.03013223E-01
  1.09000000E-01  3.47117591E-01
  1.09000000E-01  3.63610238E-01
  1.09000000E-01  4.07714606E-01
  1.09000000E-01  4.24207253E-01
  1.09000000E-01  4.68311621E-01
  1.09000000E-01  4.84804268E-01
  1.09000000E-01  5.28908636E-01
  1.09000000E-01  5.45401282E-01
  1.09000000E-01  5.89505651E-01
  1.09000000E-01  6.05998297E-01
  1.09000000E-01  6.50102666E-01
  1.09000000E-01  6.66595312E-01
  1.09000000E-01  7.10699680E-01
  1.09000000E-01  7.27192327E-01
  1.09000000E-01  7.71296695E-01
  1.09000000E-01  7.87789342E-01
  1.09000000E-01  8.31893710E-01
  1.09000000E-01  8.48386357E-01
  1.09000000E-01  8.92490725E-01
  1.09000000E-01  9.08983372E-01
  1.09000000E-01  9.53087740E-01
  1.09000000E-01  9.69580387E-01
  1.09000000E-01  1.01368476E+00
  1.09000000E-01  1.03017740E+00
  1.09000000E-01  1.07428177E+00
  1.09000000E-01  1.09077442E+00
  1.09000000E-01  1.13487878E+00
  1.09000000E-01  1.15137143E+00
  1.09000000E-01  1.19547580E+00
  1.09000000E-01  1.21196845E+00
  1.09000000E-01  1.25607281E+00
  1.09000000E-01  1.27256546E+00
  1.09000000E-01  1.31666983E+00
  1.09000000E-01  1.33316248E+00
  1.09000000E-01  1.37726684E+00
  1.09000000E-01  1.39375949E+00
  1.09000000E-01  1.43786386E+00
  1.09000000E-01  1.45435651E+00
  1.09000000E-01  1.49846087E+00
  1.09000000E-01  1.51495352E+00
  1.09000000E-01  1.55905789E+00
  1.09000000E-01  1.57555054E+00
  1.09000000E-01  1.61965490E+00
  1.09000000E-01  1.63614755E+00
  1.09000000E-01  1.68025192E+00
  1.09000000E-01  1.69674457E+00
  1.09000000E-01  1.74084893E+00
  1.09000000E-01  1.75734158E+00
  1.09000000E-01  1.80144595E+00
  1.09000000E-01  1.81793860E+00
  1.09000000E-01  1.86204296E+00
  1.09000000E-01  1.87853561E+00
  1.09000000E-01  1.92263998E+00
  1.09000000E-01  1.93913263E+00
  1.09000000E-01  1.98323699E+00
  1.09000000E-01  1.99972964E+00
  1.09000000E-01  2.04383401E+00
  1.09000000E-01  2.06032666E+00
  1.09000000E-01  2.10443102E+00
  1.09000000E-01  2.12092367E+00
  1.09000000E-01  2.16502804E+00
  1.09000000E-01  2.18152069E+00
  1.09000000E-01  2.22562505E+00
  1.09000000E-01  2.24211770E+00
  1.09000000E-01  2.28622207E+00
  1.09000000E-01  2.30271472E+00
  1.09000000E-01  2.34681908E+00
  1.09000000E-01  2.36331173E+00
  1.09000000E-01  2.40741610E+00
  1.09000000E-01  2.42390875E+00
  1.09000000E-01  2.46801311E+00
  1.09000000E-01  2.48450576E+00
  1.09000000E-01  2.52861013E+00
  1.09000000E-01  2.54510278E+00
  1.09000000E-01  2.58920714E+00
  1.09000000E-01  2.60569979E+00
  1.09000000E-01  2.64980416E+00
  1.09000000E-01  2.66629680E+00
  1.09000000E-01  2.71040117E+00
  1.09000000E-01  2.72689382E+00
  1.09000000E-01  2.77099819E+00
  1.09000000E-01  2.78749083E+00
  1.09000000E-01  2.83159520E+00
  1.09000000E-01  2.84808785E+00
  1.09000000E-01  2.89219222E+00
  1.09000000E-01  2.90868486E+00
  1.09000000E-01  2.95278923E+00
  1.09000000E-01  2.96928188E+00
  1.09000000E-01  3.01338625E+00
  1.09000000E-01  3.02987889E+00
  1.09000000E-01  3.07398326E+00
  1.09000000E-01  3.09047591E+00
  1.09000000E-01  3.13458028E+00
  1.09000000E-01  3.15107292E+00
  1.09000000E-01  3.19517729E+00
  1.09000000E-01  3.21166994E+00
  1.09000000E-01  3.25577431E+00
  1.09000000E-01  3.27226695E+00
  1.09000000E-01  3.31637132E+00
  1.09000000E-01  3.33286397E+00
  1.09000000E-01  3.37696834E+00
  1.09000000E-01  3.39346098E+00
  1.09000000E-01  3.43756535E+00
  1.09000000E-01  3.45405800E+00
  1.09000000E-01  3.49816237E+00
  1.09000000E-01  3.51465501E+00
  1.09000000E-01  3.55875938E+00
  1.09000000E-01  3.57525203E+00
  1.09000000E-01  3.61935640E+00
  1.09000000E-01  3.63584904E+00
  1.09000000E-01  3.67995341E+00
  1.09000000E-01  3.69644606E+00
  1.09000000E-01  3.74055043E+00
  1.09000000E-01  3.75704307E+00
  1.09000000E-01  3.80114744E+00
  1.09000000E-01  3.81764009E+00
  1.09000000E-01  3.86174446E+00
  1.09000000E-01  3.87823710E+00
  1.09000000E-01  3.92234147E+00
  1.09000000E-01  3.93883412E+00
  1.09000000E-01  3.98293849E+00
  1.09000000E-01  3.99943113E+00
  1.09000000E-01  4.04353550E+00
  1.09000000E-01  4.06002815E+00
  1.09000000E-01  4.10413252E+00
  1.09000000E-01  4.12062516E+00
  1.09000000E-01  4.16472953E+00
  1.09000000E-01  4.18122218E+00
  1.09000000E-01  4.22532655E+00
  1.09000000E-01  4.24181919E+00
  1.09000000E-01  4.28592356E+00
  1.09000000E-01  4.30241621E+00
  1.09000000E-01  4.34652058E+00
  1.09000000E-01  4.36301322E+00
  1.09000000E-01  4.40711759E+00
  1.09000000E-01  4.42361024E+00
  1.09000000E-01  4.46771461E+00
  1.09000000E-01  4.48420725E+00
  1.09000000E-01  4.52831162E+00
  1.09000000E-01  4.54480427E+00
  1.09000000E-01  4.58890864E+00
  1.09000000E-01  4.60540128E+00
  1.09000000E-01  4.64950565E+00
  1.09000000E-01  4.66599830E+00
  1.09000000E-01  4.71010267E+00
  1.09000000E-01  4.72659531E+00
  1.09000000E-01  4.77069968E+00
  1.09000000E-01  4.78719233E+00
  1.09000000E-01  4.83129670E+00
  1.09000000E-01  4.84778934E+00
  1.09000000E-01  4.89189371E+00
  1.09000000E-01  4.90838636E+00
  1.09000000E-01  4.95249073E+00
  1.09000000E-01  4.96898337E+00
  1.09000000E-01  5.01308774E+00
  1.09000000E-01  5.02958039E+00
  1.08620548E-01  5.04500000E+00
  1.08416572E-01  5.04500000E+00
  1.08212596E-01  5.04500000E+00
  1.07614974E-01  5.04500000E+00
  1.07410998E-01  5.04500000E+00
  1.06813375E-01  5.04500000E+00
  1.06609399E-01  5.04500000E+00
  1.06011777E-01  5.04500000E+00
  1.05807801E-01  5.04500000E+00
  1.05210178E-01  5.04500000E+00
  1.05006202E-01  5.04500000E+00
  1.04408580E-01  5.04500000E+00
  1.04204604E-01  5.04500000E+00
  1.03606982E-01  5.04500000E+00
  1.03403006E-01  5.04500000E+00
  1.02805383E-01  5.04500000E+00
  1.02601407E-01  5.04500000E+00
  1.02003785E-01  5.04500000E+00
  1.01799809E-01  5.04500000E+00
  1.01202186E-01  5.04500000E+00
  1.00998210E-01  5.04500000E+00
  1.00400588E-01  5.04500000E+00
  1.00196612E-01  5.04500000E+00
  9.95989897E-02  5.04500000E+00
  9.93950136E-02  5.04500000E+00
  9.87973913E-02  5.04500000E+00
  9.85934152E-02  5.04500000E+00
  9.79957928E-02  5.04500000E+00
  9.77918168E-02  5.04500000E+00
  9.71941944E-02  5.04500000E+00
  9.69902184E-02  5.04500000E+00
  9.63925960E-02  5.04500000E+00
  9.61886200E-02  5.04500000E+00
  9.55909976E-02  5.04500000E+00
  9.53870216E-02  5.04500000E+00
  9.47893992E-02  5.04500000E+00
  9.45854232E-02  5.04500000E+00
  9.39878008E-02  5.04500000E+00
  9.37838248E-02  5.04500000E+00
  9.31862024E-02  5.04500000E+00
  9.29822264E-02  5.04500000E+00
  9.23846040E-02  5.04500000E+00
  9.21806280E-02  5.04500000E+00
  9.15830056E-02  5.04500000E+00
  9.13790296E-02  5.04500000E+00
  9.07814072E-02  5.04500000E+00
  9.05774312E-02  5.04500000E+00
  8.99798088E-02  5.04500000E+00
  8.97758328E-02  5.04500000E+00
  8.91782104E-02  5.04500000E+00
  8.89742344E-02  5.04500000E+00
  8.83766120E-02  5.04500000E+00
  8.81726360E-02  5.04500000E+00
  8.75750136E-02  5.04500000E+00
  8.73710376E-02  5.04500000E+00
  8.67734152E-02  5.04500000E+00
  8.65694392E-02  5.04500000E+00
  8.59718168E-02  5.04500000E+00
  8.57678408E-02  5.04500000E+00
  8.51702184E-02  5.04500000E+00
  8.49662424E-02  5.04500000E+00
  8.43686200E-02  5.04500000E+00
  8.41646440E-02  5.04500000E+00
  8.35670216E-02  5.04500000E+00
  8.33630456E-02  5.04500000E+00
  8.27654232E-02  5.04500000E+00
  8.25614472E-02  5.04500000E+00
  8.19638248E-02  5.04500000E+00
  8.17598488E-02  5.04500000E+00
  8.11622264E-02  5.04500000E+00
  8.09582504E-02  5.04500000E+00
  8.03606280E-02  5.04500000E+00
  8.01566520E-02  5.04500000E+00
  7.95590296E-02  5.04500000E+00
  7.93550536E-02  5.04500000E+00
  7.87574312E-02  5.04500000E+00
  7.85534552E-02  5.04500000E+00
  7.79558328E-02  5.04500000E+00
  7.77518568E-02  5.04500000E+00
  7.71542344E-02  5.04500000E+00
  7.69502584E-02  5.04500000E+00
  7.63526360E-02  5.04500000E+00
  7.61486600E-02  5.04500000E+00
  7.55510376E-02  5.04500000E+00
  7.53470616E-02  5.04500000E+00
  7.47494392E-02  5.04500000E+00
  7.45454632E-02  5.04500000E+00
  7.39478408E-02  5.04500000E+00
  7.37438648E-02  5.04500000E+00
  7.31462424E-02  5.04500000E+00
  7.29422664E-02  5.04500000E+00
  7.23446440E-02  5.04500000E+00
  7.21406680E-02  5.04500000E+00
  7.15430456E-02  5.04500000E+00
  7.13390696E-02  5.04500000E+00
  7.07414472E-02  5.04500000E+00
  7.05374712E-02  5.04500000E+00
  6.99398488E-02  5.04500000E+00
  6.97358728E-02  5.04500000E+00
  6.91382504E-02  5.04500000E+00
  6.89342744E-02  5.04500000E+00
  6.83366520E-02  5.04500000E+00
  6.81326760E-02  5.04500000E+00
  6.75350536E-02  5.04500000E+00
  6.73310776E-02  5.04500000E+00
  6.67334552E-02  5.04500000E+00
  6.65294792E-02  5.04500000E+00
  6.59318568E-02  5.04500000E+00
  6.57278808E-02  5.04500000E+00
  6.51302584E-02  5.04500000E+00
  6.49262824E-02  5.04500000E+00
  6.43286600E-02  5.04500000E+00
  6.41246840E-02  5.04500000E+00
  6.35270616E-02  5.04500000E+00
  6.33230856E-02  5.04500000E+00
  6.27254632E-02  5.04500000E+00
  6.25214872E-02  5.04500000E+00
  6.19238648E-02  5.04500000E+00
  6.17198888E-02  5.04500000E+00
  6.11222664E-02  5.04500000E+00
  6.09182904E-02  5.04500000E+00
  6.03206680E-02  5.04500000E+00
  6.01166920E-02  5.04500000E+00
  5.95190696E-02  5.04500000E+00
  5.93150936E-02  5.04500000E+00
  5.87174712E-02  5.04500000E+00
  5.85134952E-02  5.04500000E+00
  5.79158728E-02  5.04500000E+00
  5.77118968E-02  5.04500000E+00
  5.71142744E-02  5.04500000E+00
  5.69102984E-02  5.04500000E+00
  5.63126760E-02  5.04500000E+00
  5.61087000E-02  5.04500000E+00
  5.55110776E-02  5.04500000E+00
  5.53071016E-02  5.04500000E+00
  5.47094792E-02  5.04500000E+00
  5.45055032E-02  5.04500000E+00
  5.39078808E-02  5.04500000E+00
  5.37039048E-02  5.04500000E+00
  5.31062824E-02  5.04500000E+00
  5.29023064E-02  5.04500000E+00
  5.23046840E-02  5.04500000E+00
  5.21007080E-02  5.04500000E+00
  5.15030856E-02  5.04500000E+00
  5.12991095E-02  5.04500000E+00
  5.07014872E-02  5.04500000E+00
  5.04975111E-02  5.04500000E+00
  4.98998888E-02  5.04500000E+00
  4.96959127E-02  5.04500000E+00
  4.90982904E-02  5.04500000E+00
  4.88943143E-02  5.04500000E+00
  4.82966919E-02  5.04500000E+00
  4.80927159E-02  5.04500000E+00
  4.74950935E-02  5.04500000E+00
  4.72911175E-02  5.04500000E+00
  4.66934951E-02  5.04500000E+00
  4.64895191E-02  5.04500000E+00
  4.58918967E-02  5.04500000E+00
  4.56879207E-02  5.04500000E+00
  4.50902983E-02  5.04500000E+00
  4.48863223E-02  5.04500000E+00
  4.42886999E-02  5.04500000E+00
  4.40847239E-02  5.04500000E+00
  4.34871015E-02  5.04500000E+00
  4.32831255E-02  5.04500000E+00
  4.26855031E-02  5.04500000E+00
  4.25000000E-02  5.04360354E+00
  4.25000000E-02  5.02958039E+00
  4.25000000E-02  5.01555723E+00
  4.25000000E-02  4.96898337E+00
  4.25000000E-02  4.95496022E+00
  4.25000000E-02  4.90838636E+00
  4.25000000E-02  4.89436320E+00
  4.25000000E-02  4.84778934E+00
  4.25000000E-02  4.83376619E+00
  4.25000000E-02  4.78719233E+00
  4.25000000E-02  4.77316917E+00
  4.25000000E-02  4.72659531E+00
  4.25000000E-02  4.71257216E+00
  4.25000000E-02  4.66599830E+00
  4.25000000E-02  4.65197515E+00
  4.25000000E-02  4.60540128E+00
  4.25000000E-02  4.59137813E+00
  4.25000000E-02  4.54480427E+00
  4.25000000E-02  4.53078112E+00
  4.25000000E-02  4.48420725E+00
  4.25000000E-02  4.47018410E+00
  4.25000000E-02  4.42361024E+00
  4.25000000E-02  4.40958709E+00
  4.25000000E-02  4.36301322E+00
  4.25000000E-02  4.34899007E+00
  4.25000000E-02  4.30241621E+00
  4.25000000E-02  4.28839306E+00
  4.25000000E-02  4.24181919E+00
  4.25000000E-02  4.22779604E+00
  4.25000000E-02  4.18122218E+00
  4.25000000E-02  4.16719903E+00
  4.25000000E-02  4.12062516E+00
  4.25000000E-02  4.10660201E+00
  4.25000000E-02  4.06002815E+00
  4.25000000E-02  4.04600500E+00
  4.25000000E-02  3.99943113E+00
  4.25000000E-02  3.98540798E+00
  4.25000000E-02  3.93883412E+00
  4.25000000E-02  3.92481097E+00
  4.25000000E-02  3.87823710E+00
  4.25000000E-02  3.86421395E+00
  4.25000000E-02  3.81764009E+00
  4.25000000E-02  3.80361694E+00
  4.25000000E-02  3.75704307E+00
  4.25000000E-02  3.74301992E+00
  4.25000000E-02  3.69644606E+00
  4.25000000E-02  3.68242291E+00
  4.25000000E-02  3.63584904E+00
  4.25000000E-02  3.62182589E+00
  4.25000000E-02  3.57525203E+00
  4.25000000E-02  3.56122888E+00
  4.25000000E-02  3.51465501E+00
  4.25000000E-02  3.50063186E+00
  4.25000000E-02  3.45405800E+00
  4.25000000E-02  3.44003485E+00
  4.25000000E-02  3.39346098E+00
  4.25000000E-02  3.37943783E+00
  4.25000000E-02  3.33286397E+00
  4.25000000E-02  3.31884082E+00
  4.25000000E-02  3.27226695E+00
  4.25000000E-02  3.25824380E+00
  4.25000000E-02  3.21166994E+00
  4.25000000E-02  3.19764679E+00
  4.25000000E-02  3.15107292E+00
  4.25000000E-02  3.13704977E+00
  4.25000000E-02  3.09047591E+00
  4.25000000E-02  3.07645276E+00
  4.25000000E-02  3.02987889E+00
  4.25000000E-02  3.01585574E+00
  4.25000000E-02  2.96928188E+00
  4.25000000E-02  2.95525873E+00
  4.25000000E-02  2.90868486E+00
  4.25000000E-02  2.89466171E+00
  4.25000000E-02  2.84808785E+00
  4.25000000E-02  2.83406470E+00
  4.25000000E-02  2.78749083E+00
  4.25000000E-02  2.77346768E+00
  4.25000000E-02  2.72689382E+00
  4.25000000E-02  2.71287067E+00
  4.25000000E-02  2.66629680E+00
  4.25000000E-02  2.65227365E+00
  4.25000000E-02  2.60569979E+00
  4.25000000E-02  2.59167664E+00
  4.25000000E-02  2.54510278E+00
  4.25000000E-02  2.53107962E+00
  4.25000000E-02  2.48450576E+00
  4.25000000E-02  2.47048261E+00
  4.25000000E-02  2.42390875E+00
  4.25000000E-02  2.40988559E+00
  4.25000000E-02  2.36331173E+00
  4.25000000E-02  2.34928858E+00
  4.25000000E-02  2.30271472E+00
  4.25000000E-02  2.28869156E+00
  4.25000000E-02  2.24211770E+00
  4.25000000E-02  2.22809455E+00
  4.25000000E-02  2.18152069E+00
  4.25000000E-02  2.16749753E+00
  4.25000000E-02  2.12092367E+00
  4.25000000E-02  2.10690052E+00
  4.25000000E-02  2.06032666E+00
  4.25000000E-02  2.04630350E+00
  4.25000000E-02  1.99972964E+00
  4.25000000E-02  1.98570649E+00
  4.25000000E-02  1.93913263E+00
  4.25000000E-02  1.92510947E+00
  4.25000000E-02  1.87853561E+00
  4.25000000E-02  1.86451246E+00
  4.25000000E-02  1.81793860E+00
  4.25000000E-02  1.80391544E+00
  4.25000000E-02  1.75734158E+00
  4.25000000E-02  1.74331843E+00
  4.25000000E-02  1.69674457E+00
  4.25000000E-02  1.68272141E+00
  4.25000000E-02  1.63614755E+00
  4.25000000E-02  1.62212440E+00
  4.25000000E-02  1.57555054E+00
  4.25000000E-02  1.56152738E+00
  4.25000000E-02  1.51495352E+00
  4.25000000E-02  1.50093037E+00
  4.25000000E-02  1.45435651E+00
  4.25000000E-02  1.44033335E+00
  4.25000000E-02  1.39375949E+00
  4.25000000E-02  1.37973634E+00
  4.25000000E-02  1.33316248E+00
  4.25000000E-02  1.31913932E+00
  4.25000000E-02  1.27256546E+00
  4.25000000E-02  1.25854231E+00
  4.25000000E-02  1.21196845E+00
  4.25000000E-02  1.19794529E+00
  4.25000000E-02  1.15137143E+00
  4.25000000E-02  1.13734828E+00
  4.25000000E-02  1.09077442E+00
  4.25000000E-02  1.07675126E+00
  4.25000000E-02  1.03017740E+00
  4.25000000E-02  1.01615425E+00
  4.25000000E-02  9.69580387E-01
  4.25000000E-02  9.55557235E-01
  4.25000000E-02  9.08983372E-01
  4.25000000E-02  8.94960220E-01
  4.25000000E-02  8.48386357E-01
  4.25000000E-02  8.34363205E-01
  4.25000000E-02  7.87789342E-01
  4.25000000E-02  7.73766190E-01
  4.25000000E-02  7.27192327E-01
  4.25000000E-02  7.13169175E-01
  4.25000000E-02  6.66595312E-01
  4.25000000E-02  6.52572160E-01
  4.25000000E-02  6.05998297E-01
  4.25000000E-02  5.91975145E-01
  4.25000000E-02  5.45401282E-01
  4.25000000E-02  5.31378130E-01
  4.25000000E-02  4.84804268E-01
  4.25000000E-02  4.70781115E-01
  4.25000000E-02  4.24207253E-01
  4.25000000E-02  4.10184100E-01
  4.25000000E-02  3.63610238E-01
  4.25000000E-02  3.49587085E-01
  4.25000000E-02  3.03013223E-01
  4.25000000E-02  2.88990070E-01
  4.25000000E-02  2.42416208E-01
  4.25000000E-02  2.28393056E-01
  4.25000000E-02  1.81819193E-01
  4.25000000E-02  1.67796041E-01
  4.25000000E-02  1.21222178E-01
  4.25000000E-02  1.07199026E-01
  4.25000000E-02  6.06251631E-02
  4.25000000E-02  4.66020108E-02
  4.25000000E-02  2.81481468E-05
  4.25000000E-02 -1.39950042E-02
  4.25000000E-02 -6.05688668E-02
  4.25000000E-02 -7.45920191E-02
  4.25000000E-02 -1.21165882E-01
  4.25000000E-02 -1.35189034E-01
  4.25000000E-02 -1.81762897E-01
  4.25000000E-02 -1.95786049E-01
  4.25000000E-02 -2.42359912E-01
  4.25000000E-02 -2.56383064E-01
  4.25000000E-02 -3.02956926E-01
  4.25000000E-02 -3.16980079E-01
  4.25000000E-02 -3.63553941E-01
  4.25000000E-02 -3.77577094E-01
  4.25000000E-02 -4.24150956E-01
  4.25000000E-02 -4.38174109E-01
  4.25000000E-02 -4.84747971E-01
  4.25000000E-02 -4.98771124E-01
  4.25000000E-02 -5.45344986E-01
  4.25000000E-02 -5.59368138E-01
  4.25000000E-02 -6.05942001E-01
  4.25000000E-02 -6.19965153E-01
  4.25000000E-02 -6.66539016E-01
  4.25000000E-02 -6.80562168E-01
  4.25000000E-02 -7.27136031E-01
  4.25000000E-02 -7.41159183E-01
  4.25000000E-02 -7.87733046E-01
  4.25000000E-02 -8.01756198E-01
  4.25000000E-02 -8.48330061E-01
  4.25000000E-02 -8.62353213E-01
  4.25000000E-02 -9.08927076E-01
  4.25000000E-02 -9.22950228E-01
  4.25000000E-02 -9.69524091E-01
  4.25000000E-02 -9.83547243E-01
  4.25000000E-02 -1.03012111E+00
  4.25000000E-02 -1.04414426E+00
  4.25000000E-02 -1.09071812E+00
  4.25000000E-02 -1.10474127E+00
  4.25000000E-02 -1.15131514E+00
  4.25000000E-02 -1.16533829E+00
  4.25000000E-02 -1.21191215E+00
  4.25000000E-02 -1.22593530E+00
  4.25000000E-02 -1.27250917E+00
  4.25000000E-02 -1.28653232E+00
  4.25000000E-02 -1.33310618E+00
  4.25000000E-02 -1.34712933E+00
  4.25000000E-02 -1.39370320E+00
  4.25000000E-02 -1.40772635E+00
  4.25000000E-02 -1.45430021E+00
  4.25000000E-02 -1.46832336E+00
  4.25000000E-02 -1.51489722E+00
  4.25000000E-02 -1.52892038E+00
  4.25000000E-02 -1.57549424E+00
  4.25000000E-02 -1.58951739E+00
  4.25000000E-02 -1.63609125E+00
  4.25000000E-02 -1.65011441E+00
  4.25000000E-02 -1.69668827E+00
  4.25000000E-02 -1.71071142E+00
  4.25000000E-02 -1.75728528E+00
  4.25000000E-02 -1.77130844E+00
  4.25000000E-02 -1.81788230E+00
  4.25000000E-02 -1.83190545E+00
  4.25000000E-02 -1.87847931E+00
  4.25000000E-02 -1.89250247E+00
  4.25000000E-02 -1.93907633E+00
  4.25000000E-02 -1.95309948E+00
  4.25000000E-02 -1.99967334E+00
  4.25000000E-02 -2.01369650E+00
  4.25000000E-02 -2.06027036E+00
  4.25000000E-02 -2.07429351E+00
  4.25000000E-02 -2.12086737E+00
  4.25000000E-02 -2.13489053E+00
  4.25000000E-02 -2.18146439E+00
  4.25000000E-02 -2.19548754E+00
  4.25000000E-02 -2.24206140E+00
  4.25000000E-02 -2.25608456E+00
  4.25000000E-02 -2.30265842E+00
  4.25000000E-02 -2.31668157E+00
  4.25000000E-02 -2.36325543E+00
  4.25000000E-02 -2.37727859E+00
  4.25000000E-02 -2.42385245E+00
  4.25000000E-02 -2.43787560E+00
  4.25000000E-02 -2.48444946E+00
  4.25000000E-02 -2.49847262E+00
  4.25000000E-02 -2.54504648E+00
  4.25000000E-02 -2.55906963E+00
  4.25000000E-02 -2.60564349E+00
  4.25000000E-02 -2.61966665E+00
  4.25000000E-02 -2.66624051E+00

w:109/ x(   0.1095000E+00) y(   0.1183000E+01) ix(2) iy(2) s(   0.7000E+00)

h: x ny1,0  y2=[y1](SiO2),ic[-0.15]
 -1.000000E+00 -1.000000E+00

hb:   line clip z   cb(-0.15)
clip:
  1.09049383E-01 -2.67900000E+00
  1.09386957E-01 -2.67900000E+00
  1.10000000E-01 -2.66624051E+00
  1.10000000E-01 -2.60713793E+00
  1.10000000E-01 -2.60564349E+00
  1.10000000E-01 -2.54654091E+00
  1.10000000E-01 -2.54504648E+00
  1.10000000E-01 -2.48594390E+00
  1.10000000E-01 -2.48444946E+00
  1.10000000E-01 -2.42534688E+00
  1.10000000E-01 -2.42385245E+00
  1.10000000E-01 -2.36474987E+00
  1.10000000E-01 -2.36325543E+00
  1.10000000E-01 -2.30415285E+00
  1.10000000E-01 -2.30265842E+00
  1.10000000E-01 -2.24355584E+00
  1.10000000E-01 -2.24206140E+00
  1.10000000E-01 -2.18295882E+00
  1.10000000E-01 -2.18146439E+00
  1.10000000E-01 -2.12236181E+00
  1.10000000E-01 -2.12086737E+00
  1.10000000E-01 -2.06176479E+00
  1.10000000E-01 -2.06027036E+00
  1.10000000E-01 -2.00116778E+00
  1.10000000E-01 -1.99967334E+00
  1.10000000E-01 -1.94057076E+00
  1.10000000E-01 -1.93907633E+00
  1.10000000E-01 -1.87997375E+00
  1.10000000E-01 -1.87847931E+00
  1.10000000E-01 -1.81937673E+00
  1.10000000E-01 -1.81788230E+00
  1.10000000E-01 -1.75877972E+00
  1.10000000E-01 -1.75728528E+00
  1.10000000E-01 -1.69818270E+00
  1.10000000E-01 -1.69668827E+00
  1.10000000E-01 -1.63758569E+00
  1.10000000E-01 -1.63609125E+00
  1.10000000E-01 -1.57698867E+00
  1.10000000E-01 -1.57549424E+00
  1.10000000E-01 -1.51639166E+00
  1.10000000E-01 -1.51489722E+00
  1.10000000E-01 -1.45579464E+00
  1.10000000E-01 -1.45430021E+00
  1.10000000E-01 -1.39519763E+00
  1.10000000E-01 -1.39370320E+00
  1.10000000E-01 -1.33460061E+00
  1.10000000E-01 -1.33310618E+00
  1.10000000E-01 -1.27400360E+00
  1.10000000E-01 -1.27250917E+00
  1.10000000E-01 -1.21340658E+00
  1.10000000E-01 -1.21191215E+00
  1.10000000E-01 -1.15280957E+00
  1.10000000E-01 -1.15131514E+00
  1.10000000E-01 -1.09221255E+00
  1.10000000E-01 -1.09071812E+00
  1.10000000E-01 -1.03161554E+00
  1.10000000E-01 -1.03012111E+00
  1.10000000E-01 -9.71018523E-01
  1.10000000E-01 -9.69524091E-01
  1.10000000E-01 -9.10421508E-01
  1.10000000E-01 -9.08927076E-01
  1.10000000E-01 -8.49824493E-01
  1.10000000E-01 -8.48330061E-01
  1.10000000E-01 -7.89227478E-01
  1.10000000E-01 -7.87733046E-01
  1.10000000E-01 -7.28630463E-01
  1.10000000E-01 -7.27136031E-01
  1.10000000E-01 -6.68033449E-01
  1.10000000E-01 -6.66539016E-01
  1.10000000E-01 -6.07436434E-01
  1.10000000E-01 -6.05942001E-01
  1.10000000E-01 -5.46839419E-01
  1.10000000E-01 -5.45344986E-01
  1.10000000E-01 -4.86242404E-01
  1.10000000E-01 -4.84747971E-01
  1.10000000E-01 -4.25645389E-01
  1.10000000E-01 -4.24150956E-01
  1.10000000E-01 -3.65048374E-01
  1.10000000E-01 -3.63553941E-01
  1.10000000E-01 -3.04451359E-01
  1.10000000E-01 -3.02956926E-01
  1.10000000E-01 -2.43854344E-01
  1.10000000E-01 -2.42359912E-01
  1.10000000E-01 -1.83257329E-01
  1.10000000E-01 -1.81762897E-01
  1.10000000E-01 -1.22660314E-01
  1.10000000E-01 -1.21165882E-01
  1.10000000E-01 -6.20632993E-02
  1.10000000E-01 -6.05688668E-02
  1.10000000E-01 -1.46628434E-03
  1.10000000E-01  2.81481468E-05
  1.10000000E-01  5.91307306E-02
  1.10000000E-01  6.06251631E-02
  1.10000000E-01  1.19727746E-01
  1.10000000E-01  1.21222178E-01
  1.10000000E-01  1.80324760E-01
  1.10000000E-01  1.81819193E-01
  1.10000000E-01  2.40921775E-01
  1.10000000E-01  2.42416208E-01
  1.10000000E-01  3.01518790E-01
  1.10000000E-01  3.03013223E-01
  1.10000000E-01  3.62115805E-01
  1.10000000E-01  3.63610238E-01
  1.10000000E-01  4.22712820E-01
  1.10000000E-01  4.24207253E-01
  1.10000000E-01  4.83309835E-01
  1.10000000E-01  4.84804268E-01
  1.10000000E-01  5.43906850E-01
  1.10000000E-01  5.45401282E-01
  1.10000000E-01  6.04503865E-01
  1.10000000E-01  6.05998297E-01
  1.10000000E-01  6.65100880E-01
  1.10000000E-01  6.66595312E-01
  1.10000000E-01  7.25697895E-01
  1.10000000E-01  7.27192327E-01
  1.10000000E-01  7.86294910E-01
  1.10000000E-01  7.87789342E-01
  1.10000000E-01  8.46891925E-01
  1.10000000E-01  8.48386357E-01
  1.10000000E-01  9.07488940E-01
  1.10000000E-01  9.08983372E-01
  1.10000000E-01  9.68085954E-01
  1.10000000E-01  9.69580387E-01
  1.10000000E-01  1.02868297E+00
  1.10000000E-01  1.03017740E+00
  1.10000000E-01  1.08927998E+00
  1.10000000E-01  1.09077442E+00
  1.10000000E-01  1.14987700E+00
  1.10000000E-01  1.15137143E+00
  1.10000000E-01  1.21047401E+00
  1.10000000E-01  1.21196845E+00
  1.10000000E-01  1.27107103E+00
  1.10000000E-01  1.27256546E+00
  1.10000000E-01  1.33166804E+00
  1.10000000E-01  1.33316248E+00
  1.10000000E-01  1.39226506E+00
  1.10000000E-01  1.39375949E+00
  1.10000000E-01  1.45286207E+00
  1.10000000E-01  1.45435651E+00
  1.10000000E-01  1.51345909E+00
  1.10000000E-01  1.51495352E+00
  1.10000000E-01  1.57405610E+00
  1.10000000E-01  1.57555054E+00
  1.10000000E-01  1.63465312E+00
  1.10000000E-01  1.63614755E+00
  1.10000000E-01  1.69525013E+00
  1.10000000E-01  1.69674457E+00
  1.10000000E-01  1.75584715E+00
  1.10000000E-01  1.75734158E+00
  1.10000000E-01  1.81644416E+00
  1.10000000E-01  1.81793860E+00
  1.10000000E-01  1.87704118E+00
  1.10000000E-01  1.87853561E+00
  1.10000000E-01  1.93763819E+00
  1.10000000E-01  1.93913263E+00
  1.10000000E-01  1.99823521E+00
  1.10000000E-01  1.99972964E+00
  1.10000000E-01  2.05883222E+00
  1.10000000E-01  2.06032666E+00
  1.10000000E-01  2.11942924E+00
  1.10000000E-01  2.12092367E+00
  1.10000000E-01  2.18002625E+00
  1.10000000E-01  2.18152069E+00
  1.10000000E-01  2.24062327E+00
  1.10000000E-01  2.24211770E+00
  1.10000000E-01  2.30122028E+00
  1.10000000E-01  2.30271472E+00
  1.10000000E-01  2.36181730E+00
  1.10000000E-01  2.36331173E+00
  1.10000000E-01  2.42241431E+00
  1.10000000E-01  2.42390875E+00
  1.10000000E-01  2.48301133E+00
  1.10000000E-01  2.48450576E+00
  1.10000000E-01  2.54360834E+00
  1.10000000E-01  2.54510278E+00
  1.10000000E-01  2.60420536E+00
  1.10000000E-01  2.60569979E+00
  1.10000000E-01  2.66480237E+00
  1.10000000E-01  2.66629680E+00
  1.10000000E-01  2.72539939E+00
  1.10000000E-01  2.72689382E+00
  1.10000000E-01  2.78599640E+00
  1.10000000E-01  2.78749083E+00
  1.10000000E-01  2.84659342E+00
  1.10000000E-01  2.84808785E+00
  1.10000000E-01  2.90719043E+00
  1.10000000E-01  2.90868486E+00
  1.10000000E-01  2.96778745E+00
  1.10000000E-01  2.96928188E+00
  1.10000000E-01  3.02838446E+00
  1.10000000E-01  3.02987889E+00
  1.10000000E-01  3.08898148E+00
  1.10000000E-01  3.09047591E+00
  1.10000000E-01  3.14957849E+00
  1.10000000E-01  3.15107292E+00
  1.10000000E-01  3.21017551E+00
  1.10000000E-01  3.21166994E+00
  1.10000000E-01  3.27077252E+00
  1.10000000E-01  3.27226695E+00
  1.10000000E-01  3.33136954E+00
  1.10000000E-01  3.33286397E+00
  1.10000000E-01  3.39196655E+00
  1.10000000E-01  3.39346098E+00
  1.10000000E-01  3.45256357E+00
  1.10000000E-01  3.45405800E+00
  1.10000000E-01  3.51316058E+00
  1.10000000E-01  3.51465501E+00
  1.10000000E-01  3.57375760E+00
  1.10000000E-01  3.57525203E+00
  1.10000000E-01  3.63435461E+00
  1.10000000E-01  3.63584904E+00
  1.10000000E-01  3.69495163E+00
  1.10000000E-01  3.69644606E+00
  1.10000000E-01  3.75554864E+00
  1.10000000E-01  3.75704307E+00
  1.10000000E-01  3.81614566E+00
  1.10000000E-01  3.81764009E+00
  1.10000000E-01  3.87674267E+00
  1.10000000E-01  3.87823710E+00
  1.10000000E-01  3.93733969E+00
  1.10000000E-01  3.93883412E+00
  1.10000000E-01  3.99793670E+00
  1.10000000E-01  3.99943113E+00
  1.10000000E-01  4.05853372E+00
  1.10000000E-01  4.06002815E+00
  1.10000000E-01  4.11913073E+00
  1.10000000E-01  4.12062516E+00
  1.10000000E-01  4.17972775E+00
  1.10000000E-01  4.18122218E+00
  1.10000000E-01  4.24032476E+00
  1.10000000E-01  4.24181919E+00
  1.10000000E-01  4.30092178E+00
  1.10000000E-01  4.30241621E+00
  1.10000000E-01  4.36151879E+00
  1.10000000E-01  4.36301322E+00
  1.10000000E-01  4.42211581E+00
  1.10000000E-01  4.42361024E+00
  1.10000000E-01  4.48271282E+00
  1.10000000E-01  4.48420725E+00
  1.10000000E-01  4.54330984E+00
  1.10000000E-01  4.54480427E+00
  1.10000000E-01  4.60390685E+00
  1.10000000E-01  4.60540128E+00
  1.10000000E-01  4.66450386E+00
  1.10000000E-01  4.66599830E+00
  1.10000000E-01  4.72510088E+00
  1.10000000E-01  4.72659531E+00
  1.10000000E-01  4.78569789E+00
  1.10000000E-01  4.78719233E+00
  1.10000000E-01  4.84629491E+00
  1.10000000E-01  4.84778934E+00
  1.10000000E-01  4.90689192E+00
  1.10000000E-01  4.90838636E+00
  1.10000000E-01  4.96748894E+00
  1.10000000E-01  4.96898337E+00
  1.10000000E-01  5.02808595E+00
  1.10000000E-01  5.02958039E+00
  1.09422146E-01  5.04500000E+00
  1.09218170E-01  5.04500000E+00
  1.09014194E-01  5.04500000E+00
  1.09000000E-01  5.02958039E+00
  1.09000000E-01  5.01308774E+00
  1.09000000E-01  4.96898337E+00
  1.09000000E-01  4.95249073E+00
  1.09000000E-01  4.90838636E+00
  1.09000000E-01  4.89189371E+00
  1.09000000E-01  4.84778934E+00
  1.09000000E-01  4.83129670E+00
  1.09000000E-01  4.78719233E+00
  1.09000000E-01  4.77069968E+00
  1.09000000E-01  4.72659531E+00
  1.09000000E-01  4.71010267E+00
  1.09000000E-01  4.66599830E+00
  1.09000000E-01  4.64950565E+00
  1.09000000E-01  4.60540128E+00
  1.09000000E-01  4.58890864E+00
  1.09000000E-01  4.54480427E+00
  1.09000000E-01  4.52831162E+00
  1.09000000E-01  4.48420725E+00
  1.09000000E-01  4.46771461E+00
  1.09000000E-01  4.42361024E+00
  1.09000000E-01  4.40711759E+00
  1.09000000E-01  4.36301322E+00
  1.09000000E-01  4.34652058E+00
  1.09000000E-01  4.30241621E+00
  1.09000000E-01  4.28592356E+00
  1.09000000E-01  4.24181919E+00
  1.09000000E-01  4.22532655E+00
  1.09000000E-01  4.18122218E+00
  1.09000000E-01  4.16472953E+00
  1.09000000E-01  4.12062516E+00
  1.09000000E-01  4.10413252E+00
  1.09000000E-01  4.06002815E+00
  1.09000000E-01  4.04353550E+00
  1.09000000E-01  3.99943113E+00
  1.09000000E-01  3.98293849E+00
  1.09000000E-01  3.93883412E+00
  1.09000000E-01  3.92234147E+00
  1.09000000E-01  3.87823710E+00
  1.09000000E-01  3.86174446E+00
  1.09000000E-01  3.81764009E+00
  1.09000000E-01  3.80114744E+00
  1.09000000E-01  3.75704307E+00
  1.09000000E-01  3.74055043E+00
  1.09000000E-01  3.69644606E+00
  1.09000000E-01  3.67995341E+00
  1.09000000E-01  3.63584904E+00
  1.09000000E-01  3.61935640E+00
  1.09000000E-01  3.57525203E+00
  1.09000000E-01  3.55875938E+00
  1.09000000E-01  3.51465501E+00
  1.09000000E-01  3.49816237E+00
  1.09000000E-01  3.45405800E+00
  1.09000000E-01  3.43756535E+00
  1.09000000E-01  3.39346098E+00
  1.09000000E-01  3.37696834E+00
  1.09000000E-01  3.33286397E+00
  1.09000000E-01  3.31637132E+00
  1.09000000E-01  3.27226695E+00
  1.09000000E-01  3.25577431E+00
  1.09000000E-01  3.21166994E+00
  1.09000000E-01  3.19517729E+00
  1.09000000E-01  3.15107292E+00
  1.09000000E-01  3.13458028E+00
  1.09000000E-01  3.09047591E+00
  1.09000000E-01  3.07398326E+00
  1.09000000E-01  3.02987889E+00
  1.09000000E-01  3.01338625E+00
  1.09000000E-01  2.96928188E+00
  1.09000000E-01  2.95278923E+00
  1.09000000E-01  2.90868486E+00
  1.09000000E-01  2.89219222E+00
  1.09000000E-01  2.84808785E+00
  1.09000000E-01  2.83159520E+00
  1.09000000E-01  2.78749083E+00
  1.09000000E-01  2.77099819E+00
  1.09000000E-01  2.72689382E+00
  1.09000000E-01  2.71040117E+00
  1.09000000E-01  2.66629680E+00
  1.09000000E-01  2.64980416E+00
  1.09000000E-01  2.60569979E+00
  1.09000000E-01  2.58920714E+00
  1.09000000E-01  2.54510278E+00
  1.09000000E-01  2.52861013E+00
  1.09000000E-01  2.48450576E+00
  1.09000000E-01  2.46801311E+00
  1.09000000E-01  2.42390875E+00
  1.09000000E-01  2.40741610E+00
  1.09000000E-01  2.36331173E+00
  1.09000000E-01  2.34681908E+00
  1.09000000E-01  2.30271472E+00
  1.09000000E-01  2.28622207E+00
  1.09000000E-01  2.24211770E+00
  1.09000000E-01  2.22562505E+00
  1.09000000E-01  2.18152069E+00
  1.09000000E-01  2.16502804E+00
  1.09000000E-01  2.12092367E+00
  1.09000000E-01  2.10443102E+00
  1.09000000E-01  2.06032666E+00
  1.09000000E-01  2.04383401E+00
  1.09000000E-01  1.99972964E+00
  1.09000000E-01  1.98323699E+00
  1.09000000E-01  1.93913263E+00
  1.09000000E-01  1.92263998E+00
  1.09000000E-01  1.87853561E+00
  1.09000000E-01  1.86204296E+00
  1.09000000E-01  1.81793860E+00
  1.09000000E-01  1.80144595E+00
  1.09000000E-01  1.75734158E+00
  1.09000000E-01  1.74084893E+00
  1.09000000E-01  1.69674457E+00
  1.09000000E-01  1.68025192E+00
  1.09000000E-01  1.63614755E+00
  1.09000000E-01  1.61965490E+00
  1.09000000E-01  1.57555054E+00
  1.09000000E-01  1.55905789E+00
  1.09000000E-01  1.51495352E+00
  1.09000000E-01  1.49846087E+00
  1.09000000E-01  1.45435651E+00
  1.09000000E-01  1.43786386E+00
  1.09000000E-01  1.39375949E+00
  1.09000000E-01  1.37726684E+00
  1.09000000E-01  1.33316248E+00
  1.09000000E-01  1.31666983E+00
  1.09000000E-01  1.27256546E+00
  1.09000000E-01  1.25607281E+00
  1.09000000E-01  1.21196845E+00
  1.09000000E-01  1.19547580E+00
  1.09000000E-01  1.15137143E+00
  1.09000000E-01  1.13487878E+00
  1.09000000E-01  1.09077442E+00
  1.09000000E-01  1.07428177E+00
  1.09000000E-01  1.03017740E+00
  1.09000000E-01  1.01368476E+00
  1.09000000E-01  9.69580387E-01
  1.09000000E-01  9.53087740E-01
  1.09000000E-01  9.08983372E-01
  1.09000000E-01  8.92490725E-01
  1.09000000E-01  8.48386357E-01
  1.09000000E-01  8.31893710E-01
  1.09000000E-01  7.87789342E-01
  1.09000000E-01  7.71296695E-01
  1.09000000E-01  7.27192327E-01
  1.09000000E-01  7.10699680E-01
  1.09000000E-01  6.66595312E-01
  1.09000000E-01  6.50102666E-01
  1.09000000E-01  6.05998297E-01
  1.09000000E-01  5.89505651E-01
  1.09000000E-01  5.45401282E-01
  1.09000000E-01  5.28908636E-01
  1.09000000E-01  4.84804268E-01
  1.09000000E-01  4.68311621E-01
  1.09000000E-01  4.24207253E-01
  1.09000000E-01  4.07714606E-01
  1.09000000E-01  3.63610238E-01
  1.09000000E-01  3.47117591E-01
  1.09000000E-01  3.03013223E-01
  1.09000000E-01  2.86520576E-01
  1.09000000E-01  2.42416208E-01
  1.09000000E-01  2.25923561E-01
  1.09000000E-01  1.81819193E-01
  1.09000000E-01  1.65326546E-01
  1.09000000E-01  1.21222178E-01
  1.09000000E-01  1.04729531E-01
  1.09000000E-01  6.06251631E-02
  1.09000000E-01  4.41325163E-02
  1.09000000E-01  2.81481468E-05
  1.09000000E-01 -1.64644987E-02
  1.09000000E-01 -6.05688668E-02
  1.09000000E-01 -7.70615136E-02
  1.09000000E-01 -1.21165882E-01
  1.09000000E-01 -1.37658529E-01
  1.09000000E-01 -1.81762897E-01
  1.09000000E-01 -1.98255543E-01
  1.09000000E-01 -2.42359912E-01
  1.09000000E-01 -2.58852558E-01
  1.09000000E-01 -3.02956926E-01
  1.09000000E-01 -3.19449573E-01
  1.09000000E-01 -3.63553941E-01
  1.09000000E-01 -3.80046588E-01
  1.09000000E-01 -4.24150956E-01
  1.09000000E-01 -4.40643603E-01
  1.09000000E-01 -4.84747971E-01
  1.09000000E-01 -5.01240618E-01
  1.09000000E-01 -5.45344986E-01
  1.09000000E-01 -5.61837633E-01
  1.09000000E-01 -6.05942001E-01
  1.09000000E-01 -6.22434648E-01
  1.09000000E-01 -6.66539016E-01
  1.09000000E-01 -6.83031663E-01
  1.09000000E-01 -7.27136031E-01
  1.09000000E-01 -7.43628678E-01
  1.09000000E-01 -7.87733046E-01
  1.09000000E-01 -8.04225693E-01
  1.09000000E-01 -8.48330061E-01
  1.09000000E-01 -8.64822708E-01
  1.09000000E-01 -9.08927076E-01
  1.09000000E-01 -9.25419723E-01
  1.09000000E-01 -9.69524091E-01
  1.09000000E-01 -9.86016737E-01
  1.09000000E-01 -1.03012111E+00
  1.09000000E-01 -1.04661375E+00
  1.09000000E-01 -1.09071812E+00
  1.09000000E-01 -1.10721077E+00
  1.09000000E-01 -1.15131514E+00
  1.09000000E-01 -1.16780778E+00
  1.09000000E-01 -1.21191215E+00
  1.09000000E-01 -1.22840480E+00
  1.09000000E-01 -1.27250917E+00
  1.09000000E-01 -1.28900181E+00
  1.09000000E-01 -1.33310618E+00
  1.09000000E-01 -1.34959883E+00
  1.09000000E-01 -1.39370320E+00
  1.09000000E-01 -1.41019584E+00
  1.09000000E-01 -1.45430021E+00
  1.09000000E-01 -1.47079286E+00
  1.09000000E-01 -1.51489722E+00
  1.09000000E-01 -1.53138987E+00
  1.09000000E-01 -1.57549424E+00
  1.09000000E-01 -1.59198689E+00
  1.09000000E-01 -1.63609125E+00
  1.09000000E-01 -1.65258390E+00
  1.09000000E-01 -1.69668827E+00
  1.09000000E-01 -1.71318092E+00
  1.09000000E-01 -1.75728528E+00
  1.09000000E-01 -1.77377793E+00
  1.09000000E-01 -1.81788230E+00
  1.09000000E-01 -1.83437495E+00
  1.09000000E-01 -1.87847931E+00
  1.09000000E-01 -1.89497196E+00
  1.09000000E-01 -1.93907633E+00
  1.09000000E-01 -1.95556898E+00
  1.09000000E-01 -1.99967334E+00
  1.09000000E-01 -2.01616599E+00
  1.09000000E-01 -2.06027036E+00
  1.09000000E-01 -2.07676301E+00
  1.09000000E-01 -2.12086737E+00
  1.09000000E-01 -2.13736002E+00
  1.09000000E-01 -2.18146439E+00
  1.09000000E-01 -2.19795704E+00
  1.09000000E-01 -2.24206140E+00
  1.09000000E-01 -2.25855405E+00
  1.09000000E-01 -2.30265842E+00
  1.09000000E-01 -2.31915107E+00
  1.09000000E-01 -2.36325543E+00
  1.09000000E-01 -2.37974808E+00
  1.09000000E-01 -2.42385245E+00
  1.09000000E-01 -2.44034510E+00
  1.09000000E-01 -2.48444946E+00
  1.09000000E-01 -2.50094211E+00
  1.09000000E-01 -2.54504648E+00
  1.09000000E-01 -2.56153913E+00
  1.09000000E-01 -2.60564349E+00
  1.09000000E-01 -2.62213614E+00
  1.09000000E-01 -2.66624051E+00

w:103/ x(  -0.7900000E-01) y(   0.1216000E+01) ix(2) iy(2) s(   0.7000E+00)

hb:   line clip z   cb(-0.9)
clip:
 -1.58000000E-01 -2.08188324E+00
 -1.57714097E-01 -2.11300000E+00
 -1.57016571E-01 -2.11300000E+00
 -6.00810548E-04 -2.11300000E+00
  0.00000000E+00 -2.10568877E+00
  0.00000000E+00 -2.06027036E+00
  0.00000000E+00 -2.01485195E+00
  0.00000000E+00 -1.99967334E+00
  0.00000000E+00 -1.95425493E+00
  0.00000000E+00 -1.93907633E+00
  0.00000000E+00 -1.89365792E+00
  0.00000000E+00 -1.87847931E+00
  0.00000000E+00 -1.83306090E+00
  0.00000000E+00 -1.81788230E+00
  0.00000000E+00 -1.77246389E+00
  0.00000000E+00 -1.75728528E+00
  0.00000000E+00 -1.71186687E+00
  0.00000000E+00 -1.69668827E+00
  0.00000000E+00 -1.65126986E+00
  0.00000000E+00 -1.63609125E+00
  0.00000000E+00 -1.59067284E+00
  0.00000000E+00 -1.57549424E+00
  0.00000000E+00 -1.53007583E+00
  0.00000000E+00 -1.51489722E+00
  0.00000000E+00 -1.46947881E+00
  0.00000000E+00 -1.45430021E+00
  0.00000000E+00 -1.40888180E+00
  0.00000000E+00 -1.39370320E+00
  0.00000000E+00 -1.34828478E+00
  0.00000000E+00 -1.33310618E+00
  0.00000000E+00 -1.28768777E+00
  0.00000000E+00 -1.27250917E+00
  0.00000000E+00 -1.22709075E+00
  0.00000000E+00 -1.21191215E+00
  0.00000000E+00 -1.16649374E+00
  0.00000000E+00 -1.15131514E+00
  0.00000000E+00 -1.10589672E+00
  0.00000000E+00 -1.09071812E+00
  0.00000000E+00 -1.04529971E+00
  0.00000000E+00 -1.03012111E+00
  0.00000000E+00 -9.84702695E-01
  0.00000000E+00 -9.69524091E-01
  0.00000000E+00 -9.24105680E-01
  0.00000000E+00 -9.08927076E-01
  0.00000000E+00 -8.63508665E-01
  0.00000000E+00 -8.48330061E-01
  0.00000000E+00 -8.02911650E-01
  0.00000000E+00 -7.87733046E-01
  0.00000000E+00 -7.42314635E-01
  0.00000000E+00 -7.27136031E-01
  0.00000000E+00 -6.81717620E-01
  0.00000000E+00 -6.66539016E-01
  0.00000000E+00 -6.21120605E-01
  0.00000000E+00 -6.05942001E-01
  0.00000000E+00 -5.60523590E-01
  0.00000000E+00 -5.45344986E-01
  0.00000000E+00 -4.99926575E-01
  0.00000000E+00 -4.84747971E-01
  0.00000000E+00 -4.39329560E-01
  0.00000000E+00 -4.24150956E-01
  0.00000000E+00 -3.78732545E-01
  0.00000000E+00 -3.63553941E-01
  0.00000000E+00 -3.18135530E-01
  0.00000000E+00 -3.02956926E-01
  0.00000000E+00 -2.57538515E-01
  0.00000000E+00 -2.42359912E-01
  0.00000000E+00 -1.96941500E-01
  0.00000000E+00 -1.81762897E-01
  0.00000000E+00 -1.36344486E-01
  0.00000000E+00 -1.21165882E-01
  0.00000000E+00 -7.57474706E-02
  0.00000000E+00 -6.05688668E-02
  0.00000000E+00 -1.51504557E-02
  0.00000000E+00  2.81481468E-05
  0.00000000E+00  4.54465592E-02
  0.00000000E+00  6.06251631E-02
  0.00000000E+00  1.06043574E-01
  0.00000000E+00  1.21222178E-01
  0.00000000E+00  1.66640589E-01
  0.00000000E+00  1.81819193E-01
  0.00000000E+00  2.27237604E-01
  0.00000000E+00  2.42416208E-01
  0.00000000E+00  2.87834619E-01
  0.00000000E+00  3.03013223E-01
  0.00000000E+00  3.48431634E-01
  0.00000000E+00  3.63610238E-01
  0.00000000E+00  4.09028649E-01
  0.00000000E+00  4.24207253E-01
  0.00000000E+00  4.69625664E-01
  0.00000000E+00  4.84804268E-01
  0.00000000E+00  5.30222679E-01
  0.00000000E+00  5.45401282E-01
  0.00000000E+00  5.90819694E-01
  0.00000000E+00  6.05998297E-01
  0.00000000E+00  6.51416708E-01
  0.00000000E+00  6.66595312E-01
  0.00000000E+00  7.12013723E-01
  0.00000000E+00  7.27192327E-01
  0.00000000E+00  7.72610738E-01
  0.00000000E+00  7.87789342E-01
  0.00000000E+00  8.33207753E-01
  0.00000000E+00  8.48386357E-01
  0.00000000E+00  8.93804768E-01
  0.00000000E+00  9.08983372E-01
  0.00000000E+00  9.54401783E-01
  0.00000000E+00  9.69580387E-01
  0.00000000E+00  1.01499880E+00
  0.00000000E+00  1.03017740E+00
  0.00000000E+00  1.07559581E+00
  0.00000000E+00  1.09077442E+00
  0.00000000E+00  1.13619283E+00
  0.00000000E+00  1.15137143E+00
  0.00000000E+00  1.19678984E+00
  0.00000000E+00  1.21196845E+00
  0.00000000E+00  1.25738686E+00
  0.00000000E+00  1.27256546E+00
  0.00000000E+00  1.31798387E+00
  0.00000000E+00  1.33316248E+00
  0.00000000E+00  1.37858089E+00
  0.00000000E+00  1.39375949E+00
  0.00000000E+00  1.43917790E+00
  0.00000000E+00  1.45435651E+00
  0.00000000E+00  1.49977492E+00
  0.00000000E+00  1.51495352E+00
  0.00000000E+00  1.56037193E+00
  0.00000000E+00  1.57555054E+00
  0.00000000E+00  1.62096895E+00
  0.00000000E+00  1.63614755E+00
  0.00000000E+00  1.68156596E+00
  0.00000000E+00  1.69674457E+00
  0.00000000E+00  1.74216298E+00
  0.00000000E+00  1.75734158E+00
  0.00000000E+00  1.80275999E+00
  0.00000000E+00  1.81793860E+00
  0.00000000E+00  1.86335701E+00
  0.00000000E+00  1.87853561E+00
  0.00000000E+00  1.92395402E+00
  0.00000000E+00  1.93913263E+00
  0.00000000E+00  1.98455104E+00
  0.00000000E+00  1.99972964E+00
  0.00000000E+00  2.04514805E+00
  0.00000000E+00  2.06032666E+00
  0.00000000E+00  2.10574507E+00
  0.00000000E+00  2.12092367E+00
  0.00000000E+00  2.16634208E+00
  0.00000000E+00  2.18152069E+00
  0.00000000E+00  2.22693910E+00
  0.00000000E+00  2.24211770E+00
  0.00000000E+00  2.28753611E+00
  0.00000000E+00  2.30271472E+00
  0.00000000E+00  2.34813313E+00
  0.00000000E+00  2.36331173E+00
  0.00000000E+00  2.40873014E+00
  0.00000000E+00  2.42390875E+00
  0.00000000E+00  2.46932716E+00
  0.00000000E+00  2.48450576E+00
  0.00000000E+00  2.52992417E+00
  0.00000000E+00  2.54510278E+00
  0.00000000E+00  2.59052119E+00
  0.00000000E+00  2.60569979E+00
  0.00000000E+00  2.65111820E+00
  0.00000000E+00  2.66629680E+00
  0.00000000E+00  2.71171522E+00
  0.00000000E+00  2.72689382E+00
  0.00000000E+00  2.77231223E+00
  0.00000000E+00  2.78749083E+00
  0.00000000E+00  2.83290925E+00
  0.00000000E+00  2.84808785E+00
  0.00000000E+00  2.89350626E+00
  0.00000000E+00  2.90868486E+00
  0.00000000E+00  2.95410328E+00
  0.00000000E+00  2.96928188E+00
  0.00000000E+00  3.01470029E+00
  0.00000000E+00  3.02987889E+00
  0.00000000E+00  3.07529731E+00
  0.00000000E+00  3.09047591E+00
  0.00000000E+00  3.13589432E+00
  0.00000000E+00  3.15107292E+00
  0.00000000E+00  3.19649134E+00
  0.00000000E+00  3.21166994E+00
  0.00000000E+00  3.25708835E+00
  0.00000000E+00  3.27226695E+00
  0.00000000E+00  3.31768537E+00
  0.00000000E+00  3.33286397E+00
  0.00000000E+00  3.37828238E+00
  0.00000000E+00  3.39346098E+00
  0.00000000E+00  3.43887940E+00
  0.00000000E+00  3.45405800E+00
  0.00000000E+00  3.49947641E+00
  0.00000000E+00  3.51465501E+00
  0.00000000E+00  3.56007342E+00
  0.00000000E+00  3.57525203E+00
  0.00000000E+00  3.62067044E+00
  0.00000000E+00  3.63584904E+00
  0.00000000E+00  3.68126745E+00
  0.00000000E+00  3.69644606E+00
  0.00000000E+00  3.74186447E+00
  0.00000000E+00  3.75704307E+00
  0.00000000E+00  3.80246148E+00
  0.00000000E+00  3.81764009E+00
  0.00000000E+00  3.86305850E+00
  0.00000000E+00  3.87823710E+00
  0.00000000E+00  3.92365551E+00
  0.00000000E+00  3.93883412E+00
  0.00000000E+00  3.98425253E+00
  0.00000000E+00  3.99943113E+00
  0.00000000E+00  4.04484954E+00
  0.00000000E+00  4.06002815E+00
  0.00000000E+00  4.10544656E+00
  0.00000000E+00  4.12062516E+00
  0.00000000E+00  4.16604357E+00
  0.00000000E+00  4.18122218E+00
  0.00000000E+00  4.22664059E+00
  0.00000000E+00  4.24181919E+00
  0.00000000E+00  4.28723760E+00
  0.00000000E+00  4.30241621E+00
  0.00000000E+00  4.34783462E+00
  0.00000000E+00  4.36301322E+00
  0.00000000E+00  4.40843163E+00
  0.00000000E+00  4.42361024E+00
  0.00000000E+00  4.46902865E+00
  0.00000000E+00  4.48420725E+00
  0.00000000E+00  4.52962566E+00
  0.00000000E+00  4.54480427E+00
 -5.98221331E-04  4.54500000E+00
 -6.00810548E-04  4.54500000E+00
 -6.03399765E-04  4.54500000E+00
 -1.40240895E-03  4.54500000E+00
 -1.40499817E-03  4.54500000E+00
 -2.20400735E-03  4.54500000E+00
 -2.20659657E-03  4.54500000E+00
 -3.00560575E-03  4.54500000E+00
 -3.00819497E-03  4.54500000E+00
 -3.80720415E-03  4.54500000E+00
 -3.80979337E-03  4.54500000E+00
 -4.60880256E-03  4.54500000E+00
 -4.61139177E-03  4.54500000E+00
 -5.41040096E-03  4.54500000E+00
 -5.41299017E-03  4.54500000E+00
 -6.21199936E-03  4.54500000E+00
 -6.21458858E-03  4.54500000E+00
 -7.01359776E-03  4.54500000E+00
 -7.01618698E-03  4.54500000E+00
 -7.81519616E-03  4.54500000E+00
 -7.81778538E-03  4.54500000E+00
 -8.61679456E-03  4.54500000E+00
 -8.61938378E-03  4.54500000E+00
 -9.41839297E-03  4.54500000E+00
 -9.42098218E-03  4.54500000E+00
 -1.02199914E-02  4.54500000E+00
 -1.02225806E-02  4.54500000E+00
 -1.10215898E-02  4.54500000E+00
 -1.10241790E-02  4.54500000E+00
 -1.18231882E-02  4.54500000E+00
 -1.18257774E-02  4.54500000E+00
 -1.26247866E-02  4.54500000E+00
 -1.26273758E-02  4.54500000E+00
 -1.34263850E-02  4.54500000E+00
 -1.34289742E-02  4.54500000E+00
 -1.42279834E-02  4.54500000E+00
 -1.42305726E-02  4.54500000E+00
 -1.50295818E-02  4.54500000E+00
 -1.50321710E-02  4.54500000E+00
 -1.58311802E-02  4.54500000E+00
 -1.58337694E-02  4.54500000E+00
 -1.66327786E-02  4.54500000E+00
 -1.66353678E-02  4.54500000E+00
 -1.74343770E-02  4.54500000E+00
 -1.74369662E-02  4.54500000E+00
 -1.82359754E-02  4.54500000E+00
 -1.82385646E-02  4.54500000E+00
 -1.90375738E-02  4.54500000E+00
 -1.90401630E-02  4.54500000E+00
 -1.98391722E-02  4.54500000E+00
 -1.98417614E-02  4.54500000E+00
 -2.06407706E-02  4.54500000E+00
 -2.06433598E-02  4.54500000E+00
 -2.14423690E-02  4.54500000E+00
 -2.14449582E-02  4.54500000E+00
 -2.22439674E-02  4.54500000E+00
 -2.22465566E-02  4.54500000E+00
 -2.30455658E-02  4.54500000E+00
 -2.30481550E-02  4.54500000E+00
 -2.38471642E-02  4.54500000E+00
 -2.38497534E-02  4.54500000E+00
 -2.46487626E-02  4.54500000E+00
 -2.46513518E-02  4.54500000E+00
 -2.54503610E-02  4.54500000E+00
 -2.54529502E-02  4.54500000E+00
 -2.62519594E-02  4.54500000E+00
 -2.62545486E-02  4.54500000E+00
 -2.70535578E-02  4.54500000E+00
 -2.70561470E-02  4.54500000E+00
 -2.78551562E-02  4.54500000E+00
 -2.78577454E-02  4.54500000E+00
 -2.86567546E-02  4.54500000E+00
 -2.86593438E-02  4.54500000E+00
 -2.94583530E-02  4.54500000E+00
 -2.94609422E-02  4.54500000E+00
 -3.02599514E-02  4.54500000E+00
 -3.02625406E-02  4.54500000E+00
 -3.10615498E-02  4.54500000E+00
 -3.10641390E-02  4.54500000E+00
 -3.18631482E-02  4.54500000E+00
 -3.18657374E-02  4.54500000E+00
 -3.26647466E-02  4.54500000E+00
 -3.26673358E-02  4.54500000E+00
 -3.34663450E-02  4.54500000E+00
 -3.34689342E-02  4.54500000E+00
 -3.42679434E-02  4.54500000E+00
 -3.42705326E-02  4.54500000E+00
 -3.50695418E-02  4.54500000E+00
 -3.50721310E-02  4.54500000E+00
 -3.58711402E-02  4.54500000E+00
 -3.58737294E-02  4.54500000E+00
 -3.66727386E-02  4.54500000E+00
 -3.66753278E-02  4.54500000E+00
 -3.74743370E-02  4.54500000E+00
 -3.74769262E-02  4.54500000E+00
 -3.82759354E-02  4.54500000E+00
 -3.82785246E-02  4.54500000E+00
 -3.90775338E-02  4.54500000E+00
 -3.90801230E-02  4.54500000E+00
 -3.98791322E-02  4.54500000E+00
 -3.98817214E-02  4.54500000E+00
 -4.06807306E-02  4.54500000E+00
 -4.06833198E-02  4.54500000E+00
 -4.14823290E-02  4.54500000E+00
 -4.14849182E-02  4.54500000E+00
 -4.22839274E-02  4.54500000E+00
 -4.22865166E-02  4.54500000E+00
 -4.30855258E-02  4.54500000E+00
 -4.30881150E-02  4.54500000E+00
 -4.38871242E-02  4.54500000E+00
 -4.38897135E-02  4.54500000E+00
 -4.46887226E-02  4.54500000E+00
 -4.46913119E-02  4.54500000E+00
 -4.54903210E-02  4.54500000E+00
 -4.54929103E-02  4.54500000E+00
 -4.62919194E-02  4.54500000E+00
 -4.62945087E-02  4.54500000E+00
 -4.70935178E-02  4.54500000E+00
 -4.70961071E-02  4.54500000E+00
 -4.78951162E-02  4.54500000E+00
 -4.78977055E-02  4.54500000E+00
 -4.86967146E-02  4.54500000E+00
 -4.86993039E-02  4.54500000E+00
 -4.94983130E-02  4.54500000E+00
 -4.95009023E-02  4.54500000E+00
 -5.02999114E-02  4.54500000E+00
 -5.03025007E-02  4.54500000E+00
 -5.11015098E-02  4.54500000E+00
 -5.11040991E-02  4.54500000E+00
 -5.19031082E-02  4.54500000E+00
 -5.19056975E-02  4.54500000E+00
 -5.27047067E-02  4.54500000E+00
 -5.27072959E-02  4.54500000E+00
 -5.35063051E-02  4.54500000E+00
 -5.35088943E-02  4.54500000E+00
 -5.43079035E-02  4.54500000E+00
 -5.43104927E-02  4.54500000E+00
 -5.51095019E-02  4.54500000E+00
 -5.51120911E-02  4.54500000E+00
 -5.59111003E-02  4.54500000E+00
 -5.59136895E-02  4.54500000E+00
 -5.67126987E-02  4.54500000E+00
 -5.67152879E-02  4.54500000E+00
 -5.75142971E-02  4.54500000E+00
 -5.75168863E-02  4.54500000E+00
 -5.83158955E-02  4.54500000E+00
 -5.83184847E-02  4.54500000E+00
 -5.91174939E-02  4.54500000E+00
 -5.91200831E-02  4.54500000E+00
 -5.99190923E-02  4.54500000E+00
 -5.99216815E-02  4.54500000E+00
 -6.07206907E-02  4.54500000E+00
 -6.07232799E-02  4.54500000E+00
 -6.15222891E-02  4.54500000E+00
 -6.15248783E-02  4.54500000E+00
 -6.23238875E-02  4.54500000E+00
 -6.23264767E-02  4.54500000E+00
 -6.31254859E-02  4.54500000E+00
 -6.31280751E-02  4.54500000E+00
 -6.39270843E-02  4.54500000E+00
 -6.39296735E-02  4.54500000E+00
 -6.47286827E-02  4.54500000E+00
 -6.47312719E-02  4.54500000E+00
 -6.55302811E-02  4.54500000E+00
 -6.55328703E-02  4.54500000E+00
 -6.63318795E-02  4.54500000E+00
 -6.63344687E-02  4.54500000E+00
 -6.71334779E-02  4.54500000E+00
 -6.71360671E-02  4.54500000E+00
 -6.79350763E-02  4.54500000E+00
 -6.79376655E-02  4.54500000E+00
 -6.87366747E-02  4.54500000E+00
 -6.87392639E-02  4.54500000E+00
 -6.95382731E-02  4.54500000E+00
 -6.95408623E-02  4.54500000E+00
 -7.03398715E-02  4.54500000E+00
 -7.03424607E-02  4.54500000E+00
 -7.11414699E-02  4.54500000E+00
 -7.11440591E-02  4.54500000E+00
 -7.19430683E-02  4.54500000E+00
 -7.19456575E-02  4.54500000E+00
 -7.27446667E-02  4.54500000E+00
 -7.27472559E-02  4.54500000E+00
 -7.35462651E-02  4.54500000E+00
 -7.35488543E-02  4.54500000E+00
 -7.43478635E-02  4.54500000E+00
 -7.43504527E-02  4.54500000E+00
 -7.51494619E-02  4.54500000E+00
 -7.51520511E-02  4.54500000E+00
 -7.59510603E-02  4.54500000E+00
 -7.59536495E-02  4.54500000E+00
 -7.67526587E-02  4.54500000E+00
 -7.67552479E-02  4.54500000E+00
 -7.75542571E-02  4.54500000E+00
 -7.75568463E-02  4.54500000E+00
 -7.83558555E-02  4.54500000E+00
 -7.83584447E-02  4.54500000E+00
 -7.91574539E-02  4.54500000E+00
 -7.91600431E-02  4.54500000E+00
 -7.99590523E-02  4.54500000E+00
 -7.99616415E-02  4.54500000E+00
 -8.07606507E-02  4.54500000E+00
 -8.07632399E-02  4.54500000E+00
 -8.15622491E-02  4.54500000E+00
 -8.15648383E-02  4.54500000E+00
 -8.23638475E-02  4.54500000E+00
 -8.23664367E-02  4.54500000E+00
 -8.31654459E-02  4.54500000E+00
 -8.31680351E-02  4.54500000E+00
 -8.39670443E-02  4.54500000E+00
 -8.39696335E-02  4.54500000E+00
 -8.47686427E-02  4.54500000E+00
 -8.47712319E-02  4.54500000E+00
 -8.55702411E-02  4.54500000E+00
 -8.55728303E-02  4.54500000E+00
 -8.63718395E-02  4.54500000E+00
 -8.63744287E-02  4.54500000E+00
 -8.71734379E-02  4.54500000E+00
 -8.71760271E-02  4.54500000E+00
 -8.79750363E-02  4.54500000E+00
 -8.79776255E-02  4.54500000E+00
 -8.87766347E-02  4.54500000E+00
 -8.87792239E-02  4.54500000E+00
 -8.95782331E-02  4.54500000E+00
 -8.95808223E-02  4.54500000E+00
 -9.03798315E-02  4.54500000E+00
 -9.03824207E-02  4.54500000E+00
 -9.11814299E-02  4.54500000E+00
 -9.11840191E-02  4.54500000E+00
 -9.19830283E-02  4.54500000E+00
 -9.19856175E-02  4.54500000E+00
 -9.27846267E-02  4.54500000E+00
 -9.27872159E-02  4.54500000E+00
 -9.35862251E-02  4.54500000E+00
 -9.35888143E-02  4.54500000E+00
 -9.43878235E-02  4.54500000E+00
 -9.43904128E-02  4.54500000E+00
 -9.51894219E-02  4.54500000E+00
 -9.51920112E-02  4.54500000E+00
 -9.59910203E-02  4.54500000E+00
 -9.59936096E-02  4.54500000E+00
 -9.67926187E-02  4.54500000E+00
 -9.67952080E-02  4.54500000E+00
 -9.75942171E-02  4.54500000E+00
 -9.75968064E-02  4.54500000E+00
 -9.83958155E-02  4.54500000E+00
 -9.83984048E-02  4.54500000E+00
 -9.91974139E-02  4.54500000E+00
 -9.92000032E-02  4.54500000E+00
 -9.99990123E-02  4.54500000E+00
 -1.00001602E-01  4.54500000E+00
 -1.00800611E-01  4.54500000E+00
 -1.00803200E-01  4.54500000E+00
 -1.01602209E-01  4.54500000E+00
 -1.01604798E-01  4.54500000E+00
 -1.02403808E-01  4.54500000E+00
 -1.02406397E-01  4.54500000E+00
 -1.03205406E-01  4.54500000E+00
 -1.03207995E-01  4.54500000E+00
 -1.04007004E-01  4.54500000E+00
 -1.04009594E-01  4.54500000E+00
 -1.04808603E-01  4.54500000E+00
 -1.04811192E-01  4.54500000E+00
 -1.05610201E-01  4.54500000E+00
 -1.05612790E-01  4.54500000E+00
 -1.06411800E-01  4.54500000E+00
 -1.06414389E-01  4.54500000E+00
 -1.07213398E-01  4.54500000E+00
 -1.07215987E-01  4.54500000E+00
 -1.08014996E-01  4.54500000E+00
 -1.08017586E-01  4.54500000E+00
 -1.08816595E-01  4.54500000E+00
 -1.08819184E-01  4.54500000E+00
 -1.09618193E-01  4.54500000E+00
 -1.09620782E-01  4.54500000E+00
 -1.10419792E-01  4.54500000E+00
 -1.10422381E-01  4.54500000E+00
 -1.11221390E-01  4.54500000E+00
 -1.11223979E-01  4.54500000E+00
 -1.12022988E-01  4.54500000E+00
 -1.12025578E-01  4.54500000E+00
 -1.12824587E-01  4.54500000E+00
 -1.12827176E-01  4.54500000E+00
 -1.13626185E-01  4.54500000E+00
 -1.13628774E-01  4.54500000E+00
 -1.14427784E-01  4.54500000E+00
 -1.14430373E-01  4.54500000E+00
 -1.15229382E-01  4.54500000E+00
 -1.15231971E-01  4.54500000E+00
 -1.16030980E-01  4.54500000E+00
 -1.16033570E-01  4.54500000E+00
 -1.16832579E-01  4.54500000E+00
 -1.16835168E-01  4.54500000E+00
 -1.17634177E-01  4.54500000E+00
 -1.17636766E-01  4.54500000E+00
 -1.18435776E-01  4.54500000E+00
 -1.18438365E-01  4.54500000E+00
 -1.19237374E-01  4.54500000E+00
 -1.19239963E-01  4.54500000E+00
 -1.20038972E-01  4.54500000E+00
 -1.20041562E-01  4.54500000E+00
 -1.20840571E-01  4.54500000E+00
 -1.20843160E-01  4.54500000E+00
 -1.21642169E-01  4.54500000E+00
 -1.21644758E-01  4.54500000E+00
 -1.22443768E-01  4.54500000E+00
 -1.22446357E-01  4.54500000E+00
 -1.23245366E-01  4.54500000E+00
 -1.23247955E-01  4.54500000E+00
 -1.24046964E-01  4.54500000E+00
 -1.24049554E-01  4.54500000E+00
 -1.24848563E-01  4.54500000E+00
 -1.24851152E-01  4.54500000E+00
 -1.25650161E-01  4.54500000E+00
 -1.25652750E-01  4.54500000E+00
 -1.26451760E-01  4.54500000E+00
 -1.26454349E-01  4.54500000E+00
 -1.27253358E-01  4.54500000E+00
 -1.27255947E-01  4.54500000E+00
 -1.28054956E-01  4.54500000E+00
 -1.28057546E-01  4.54500000E+00
 -1.28856555E-01  4.54500000E+00
 -1.28859144E-01  4.54500000E+00
 -1.29658153E-01  4.54500000E+00
 -1.29660742E-01  4.54500000E+00
 -1.30459752E-01  4.54500000E+00
 -1.30462341E-01  4.54500000E+00
 -1.31261350E-01  4.54500000E+00
 -1.31263939E-01  4.54500000E+00
 -1.32062948E-01  4.54500000E+00
 -1.32065538E-01  4.54500000E+00
 -1.32864547E-01  4.54500000E+00
 -1.32867136E-01  4.54500000E+00
 -1.33666145E-01  4.54500000E+00
 -1.33668734E-01  4.54500000E+00
 -1.34467744E-01  4.54500000E+00
 -1.34470333E-01  4.54500000E+00
 -1.35269342E-01  4.54500000E+00
 -1.35271931E-01  4.54500000E+00
 -1.36070940E-01  4.54500000E+00
 -1.36073530E-01  4.54500000E+00
 -1.36872539E-01  4.54500000E+00
 -1.36875128E-01  4.54500000E+00
 -1.37674137E-01  4.54500000E+00
 -1.37676726E-01  4.54500000E+00
 -1.38475736E-01  4.54500000E+00
 -1.38478325E-01  4.54500000E+00
 -1.39277334E-01  4.54500000E+00
 -1.39279923E-01  4.54500000E+00
 -1.40078932E-01  4.54500000E+00
 -1.40081522E-01  4.54500000E+00
 -1.40880531E-01  4.54500000E+00
 -1.40883120E-01  4.54500000E+00
 -1.41682129E-01  4.54500000E+00
 -1.41684718E-01  4.54500000E+00
 -1.42483728E-01  4.54500000E+00
 -1.42486317E-01  4.54500000E+00
 -1.43285326E-01  4.54500000E+00
 -1.43287915E-01  4.54500000E+00
 -1.44086924E-01  4.54500000E+00
 -1.44089514E-01  4.54500000E+00
 -1.44888523E-01  4.54500000E+00
 -1.44891112E-01  4.54500000E+00
 -1.45690121E-01  4.54500000E+00
 -1.45692710E-01  4.54500000E+00
 -1.46491720E-01  4.54500000E+00
 -1.46494309E-01  4.54500000E+00
 -1.47293318E-01  4.54500000E+00
 -1.47295907E-01  4.54500000E+00
 -1.48094916E-01  4.54500000E+00
 -1.48097506E-01  4.54500000E+00
 -1.48896515E-01  4.54500000E+00
 -1.48899104E-01  4.54500000E+00
 -1.49698113E-01  4.54500000E+00
 -1.49700702E-01  4.54500000E+00
 -1.50499712E-01  4.54500000E+00
 -1.50502301E-01  4.54500000E+00
 -1.51301310E-01  4.54500000E+00
 -1.51303899E-01  4.54500000E+00
 -1.52102908E-01  4.54500000E+00
 -1.52105498E-01  4.54500000E+00
 -1.52904507E-01  4.54500000E+00
 -1.52907096E-01  4.54500000E+00
 -1.53706105E-01  4.54500000E+00
 -1.53708694E-01  4.54500000E+00
 -1.54507704E-01  4.54500000E+00
 -1.54510293E-01  4.54500000E+00
 -1.55309302E-01  4.54500000E+00
 -1.55311891E-01  4.54500000E+00
 -1.56110900E-01  4.54500000E+00
 -1.56113490E-01  4.54500000E+00
 -1.56912499E-01  4.54500000E+00
 -1.56915088E-01  4.54500000E+00
 -1.57714097E-01  4.54500000E+00
 -1.57716686E-01  4.54500000E+00
 -1.58000000E-01  4.54480427E+00
 -1.58000000E-01  4.52319138E+00
 -1.58000000E-01  4.48420725E+00
 -1.58000000E-01  4.46259437E+00
 -1.58000000E-01  4.42361024E+00
 -1.58000000E-01  4.40199735E+00
 -1.58000000E-01  4.36301322E+00
 -1.58000000E-01  4.34140034E+00
 -1.58000000E-01  4.30241621E+00
 -1.58000000E-01  4.28080332E+00
 -1.58000000E-01  4.24181919E+00
 -1.58000000E-01  4.22020631E+00
 -1.58000000E-01  4.18122218E+00
 -1.58000000E-01  4.15960929E+00
 -1.58000000E-01  4.12062516E+00
 -1.58000000E-01  4.09901228E+00
 -1.58000000E-01  4.06002815E+00
 -1.58000000E-01  4.03841527E+00
 -1.58000000E-01  3.99943113E+00
 -1.58000000E-01  3.97781825E+00
 -1.58000000E-01  3.93883412E+00
 -1.58000000E-01  3.91722124E+00
 -1.58000000E-01  3.87823710E+00
 -1.58000000E-01  3.85662422E+00
 -1.58000000E-01  3.81764009E+00
 -1.58000000E-01  3.79602721E+00
 -1.58000000E-01  3.75704307E+00
 -1.58000000E-01  3.73543019E+00
 -1.58000000E-01  3.69644606E+00
 -1.58000000E-01  3.67483318E+00
 -1.58000000E-01  3.63584904E+00
 -1.58000000E-01  3.61423616E+00
 -1.58000000E-01  3.57525203E+00
 -1.58000000E-01  3.55363915E+00
 -1.58000000E-01  3.51465501E+00
 -1.58000000E-01  3.49304213E+00
 -1.58000000E-01  3.45405800E+00
 -1.58000000E-01  3.43244512E+00
 -1.58000000E-01  3.39346098E+00
 -1.58000000E-01  3.37184810E+00
 -1.58000000E-01  3.33286397E+00
 -1.58000000E-01  3.31125109E+00
 -1.58000000E-01  3.27226695E+00
 -1.58000000E-01  3.25065407E+00
 -1.58000000E-01  3.21166994E+00
 -1.58000000E-01  3.19005706E+00
 -1.58000000E-01  3.15107292E+00
 -1.58000000E-01  3.12946004E+00
 -1.58000000E-01  3.09047591E+00
 -1.58000000E-01  3.06886303E+00
 -1.58000000E-01  3.02987889E+00
 -1.58000000E-01  3.00826601E+00
 -1.58000000E-01  2.96928188E+00
 -1.58000000E-01  2.94766900E+00
 -1.58000000E-01  2.90868486E+00
 -1.58000000E-01  2.88707198E+00
 -1.58000000E-01  2.84808785E+00
 -1.58000000E-01  2.82647497E+00
 -1.58000000E-01  2.78749083E+00
 -1.58000000E-01  2.76587795E+00
 -1.58000000E-01  2.72689382E+00
 -1.58000000E-01  2.70528094E+00
 -1.58000000E-01  2.66629680E+00
 -1.58000000E-01  2.64468392E+00
 -1.58000000E-01  2.60569979E+00
 -1.58000000E-01  2.58408691E+00
 -1.58000000E-01  2.54510278E+00
 -1.58000000E-01  2.52348989E+00
 -1.58000000E-01  2.48450576E+00
 -1.58000000E-01  2.46289288E+00
 -1.58000000E-01  2.42390875E+00
 -1.58000000E-01  2.40229586E+00
 -1.58000000E-01  2.36331173E+00
 -1.58000000E-01  2.34169885E+00
 -1.58000000E-01  2.30271472E+00
 -1.58000000E-01  2.28110183E+00
 -1.58000000E-01  2.24211770E+00
 -1.58000000E-01  2.22050482E+00
 -1.58000000E-01  2.18152069E+00
 -1.58000000E-01  2.15990780E+00
 -1.58000000E-01  2.12092367E+00
 -1.58000000E-01  2.09931079E+00
 -1.58000000E-01  2.06032666E+00
 -1.58000000E-01  2.03871377E+00
 -1.58000000E-01  1.99972964E+00
 -1.58000000E-01  1.97811676E+00
 -1.58000000E-01  1.93913263E+00
 -1.58000000E-01  1.91751974E+00
 -1.58000000E-01  1.87853561E+00
 -1.58000000E-01  1.85692273E+00
 -1.58000000E-01  1.81793860E+00
 -1.58000000E-01  1.79632571E+00
 -1.58000000E-01  1.75734158E+00
 -1.58000000E-01  1.73572870E+00
 -1.58000000E-01  1.69674457E+00
 -1.58000000E-01  1.67513168E+00
 -1.58000000E-01  1.63614755E+00
 -1.58000000E-01  1.61453467E+00
 -1.58000000E-01  1.57555054E+00
 -1.58000000E-01  1.55393765E+00
 -1.58000000E-01  1.51495352E+00
 -1.58000000E-01  1.49334064E+00
 -1.58000000E-01  1.45435651E+00
 -1.58000000E-01  1.43274362E+00
 -1.58000000E-01  1.39375949E+00
 -1.58000000E-01  1.37214661E+00
 -1.58000000E-01  1.33316248E+00
 -1.58000000E-01  1.31154959E+00
 -1.58000000E-01  1.27256546E+00
 -1.58000000E-01  1.25095258E+00
 -1.58000000E-01  1.21196845E+00
 -1.58000000E-01  1.19035556E+00
 -1.58000000E-01  1.15137143E+00
 -1.58000000E-01  1.12975855E+00
 -1.58000000E-01  1.09077442E+00
 -1.58000000E-01  1.06916153E+00
 -1.58000000E-01  1.03017740E+00
 -1.58000000E-01  1.00856452E+00
 -1.58000000E-01  9.69580387E-01
 -1.58000000E-01  9.47967504E-01
 -1.58000000E-01  9.08983372E-01
 -1.58000000E-01  8.87370489E-01
 -1.58000000E-01  8.48386357E-01
 -1.58000000E-01  8.26773474E-01
 -1.58000000E-01  7.87789342E-01
 -1.58000000E-01  7.66176459E-01
 -1.58000000E-01  7.27192327E-01
 -1.58000000E-01  7.05579444E-01
 -1.58000000E-01  6.66595312E-01
 -1.58000000E-01  6.44982429E-01
 -1.58000000E-01  6.05998297E-01
 -1.58000000E-01  5.84385414E-01
 -1.58000000E-01  5.45401282E-01
 -1.58000000E-01  5.23788399E-01
 -1.58000000E-01  4.84804268E-01
 -1.58000000E-01  4.63191384E-01
 -1.58000000E-01  4.24207253E-01
 -1.58000000E-01  4.02594370E-01
 -1.58000000E-01  3.63610238E-01
 -1.58000000E-01  3.41997355E-01
 -1.58000000E-01  3.03013223E-01
 -1.58000000E-01  2.81400340E-01
 -1.58000000E-01  2.42416208E-01
 -1.58000000E-01  2.20803325E-01
 -1.58000000E-01  1.81819193E-01
 -1.58000000E-01  1.60206310E-01
 -1.58000000E-01  1.21222178E-01
 -1.58000000E-01  9.96092949E-02
 -1.58000000E-01  6.06251631E-02
 -1.58000000E-01  3.90122800E-02
 -1.58000000E-01  2.81481468E-05
 -1.58000000E-01 -2.15847350E-02
 -1.58000000E-01 -6.05688668E-02
 -1.58000000E-01 -8.21817499E-02
 -1.58000000E-01 -1.21165882E-01
 -1.58000000E-01 -1.42778765E-01
 -1.58000000E-01 -1.81762897E-01
 -1.58000000E-01 -2.03375780E-01
 -1.58000000E-01 -2.42359912E-01
 -1.58000000E-01 -2.63972795E-01
 -1.58000000E-01 -3.02956926E-01
 -1.58000000E-01 -3.24569810E-01
 -1.58000000E-01 -3.63553941E-01
 -1.58000000E-01 -3.85166825E-01
 -1.58000000E-01 -4.24150956E-01
 -1.58000000E-01 -4.45763839E-01
 -1.58000000E-01 -4.84747971E-01
 -1.58000000E-01 -5.06360854E-01
 -1.58000000E-01 -5.45344986E-01
 -1.58000000E-01 -5.66957869E-01
 -1.58000000E-01 -6.05942001E-01
 -1.58000000E-01 -6.27554884E-01
 -1.58000000E-01 -6.66539016E-01
 -1.58000000E-01 -6.88151899E-01
 -1.58000000E-01 -7.27136031E-01
 -1.58000000E-01 -7.48748914E-01
 -1.58000000E-01 -7.87733046E-01
 -1.58000000E-01 -8.09345929E-01
 -1.58000000E-01 -8.48330061E-01
 -1.58000000E-01 -8.69942944E-01
 -1.58000000E-01 -9.08927076E-01
 -1.58000000E-01 -9.30539959E-01
 -1.58000000E-01 -9.69524091E-01
 -1.58000000E-01 -9.91136974E-01
 -1.58000000E-01 -1.03012111E+00
 -1.58000000E-01 -1.05173399E+00
 -1.58000000E-01 -1.09071812E+00
 -1.58000000E-01 -1.11233100E+00
 -1.58000000E-01 -1.15131514E+00
 -1.58000000E-01 -1.17292802E+00
 -1.58000000E-01 -1.21191215E+00
 -1.58000000E-01 -1.23352503E+00
 -1.58000000E-01 -1.27250917E+00
 -1.58000000E-01 -1.29412205E+00
 -1.58000000E-01 -1.33310618E+00
 -1.58000000E-01 -1.35471906E+00
 -1.58000000E-01 -1.39370320E+00
 -1.58000000E-01 -1.41531608E+00
 -1.58000000E-01 -1.45430021E+00
 -1.58000000E-01 -1.47591309E+00
 -1.58000000E-01 -1.51489722E+00
 -1.58000000E-01 -1.53651011E+00
 -1.58000000E-01 -1.57549424E+00
 -1.58000000E-01 -1.59710712E+00
 -1.58000000E-01 -1.63609125E+00
 -1.58000000E-01 -1.65770414E+00
 -1.58000000E-01 -1.69668827E+00
 -1.58000000E-01 -1.71830115E+00
 -1.58000000E-01 -1.75728528E+00
 -1.58000000E-01 -1.77889817E+00
 -1.58000000E-01 -1.81788230E+00
 -1.58000000E-01 -1.83949518E+00
 -1.58000000E-01 -1.87847931E+00
 -1.58000000E-01 -1.90009220E+00
 -1.58000000E-01 -1.93907633E+00
 -1.58000000E-01 -1.96068921E+00
 -1.58000000E-01 -1.99967334E+00
 -1.58000000E-01 -2.02128623E+00
 -1.58000000E-01 -2.06027036E+00

w:107/ x(   0.2125000E-01) y(   0.1211000E+01) ix(2) iy(2) s(   0.7000E+00)

hb:   line clip z   cb(-0.9)
clip:
  1.99428310E-04 -1.51500000E+00
  4.18852643E-02 -1.51500000E+00
  4.25000000E-02 -1.51489722E+00
  4.25000000E-02 -1.46832336E+00
  4.25000000E-02 -1.45430021E+00
  4.25000000E-02 -1.40772635E+00
  4.25000000E-02 -1.39370320E+00
  4.25000000E-02 -1.34712933E+00
  4.25000000E-02 -1.33310618E+00
  4.25000000E-02 -1.28653232E+00
  4.25000000E-02 -1.27250917E+00
  4.25000000E-02 -1.22593530E+00
  4.25000000E-02 -1.21191215E+00
  4.25000000E-02 -1.16533829E+00
  4.25000000E-02 -1.15131514E+00
  4.25000000E-02 -1.10474127E+00
  4.25000000E-02 -1.09071812E+00
  4.25000000E-02 -1.04414426E+00
  4.25000000E-02 -1.03012111E+00
  4.25000000E-02 -9.83547243E-01
  4.25000000E-02 -9.69524091E-01
  4.25000000E-02 -9.22950228E-01
  4.25000000E-02 -9.08927076E-01
  4.25000000E-02 -8.62353213E-01
  4.25000000E-02 -8.48330061E-01
  4.25000000E-02 -8.01756198E-01
  4.25000000E-02 -7.87733046E-01
  4.25000000E-02 -7.41159183E-01
  4.25000000E-02 -7.27136031E-01
  4.25000000E-02 -6.80562168E-01
  4.25000000E-02 -6.66539016E-01
  4.25000000E-02 -6.19965153E-01
  4.25000000E-02 -6.05942001E-01
  4.25000000E-02 -5.59368138E-01
  4.25000000E-02 -5.45344986E-01
  4.25000000E-02 -4.98771124E-01
  4.25000000E-02 -4.84747971E-01
  4.25000000E-02 -4.38174109E-01
  4.25000000E-02 -4.24150956E-01
  4.25000000E-02 -3.77577094E-01
  4.25000000E-02 -3.63553941E-01
  4.25000000E-02 -3.16980079E-01
  4.25000000E-02 -3.02956926E-01
  4.25000000E-02 -2.56383064E-01
  4.25000000E-02 -2.42359912E-01
  4.25000000E-02 -1.95786049E-01
  4.25000000E-02 -1.81762897E-01
  4.25000000E-02 -1.35189034E-01
  4.25000000E-02 -1.21165882E-01
  4.25000000E-02 -7.45920191E-02
  4.25000000E-02 -6.05688668E-02
  4.25000000E-02 -1.39950042E-02
  4.25000000E-02  2.81481468E-05
  4.25000000E-02  4.66020108E-02
  4.25000000E-02  6.06251631E-02
  4.25000000E-02  1.07199026E-01
  4.25000000E-02  1.21222178E-01
  4.25000000E-02  1.67796041E-01
  4.25000000E-02  1.81819193E-01
  4.25000000E-02  2.28393056E-01
  4.25000000E-02  2.42416208E-01
  4.25000000E-02  2.88990070E-01
  4.25000000E-02  3.03013223E-01
  4.25000000E-02  3.49587085E-01
  4.25000000E-02  3.63610238E-01
  4.25000000E-02  4.10184100E-01
  4.25000000E-02  4.24207253E-01
  4.25000000E-02  4.70781115E-01
  4.25000000E-02  4.84804268E-01
  4.25000000E-02  5.31378130E-01
  4.25000000E-02  5.45401282E-01
  4.25000000E-02  5.91975145E-01
  4.25000000E-02  6.05998297E-01
  4.25000000E-02  6.52572160E-01
  4.25000000E-02  6.66595312E-01
  4.25000000E-02  7.13169175E-01
  4.25000000E-02  7.27192327E-01
  4.25000000E-02  7.73766190E-01
  4.25000000E-02  7.87789342E-01
  4.25000000E-02  8.34363205E-01
  4.25000000E-02  8.48386357E-01
  4.25000000E-02  8.94960220E-01
  4.25000000E-02  9.08983372E-01
  4.25000000E-02  9.55557235E-01
  4.25000000E-02  9.69580387E-01
  4.25000000E-02  1.01615425E+00
  4.25000000E-02  1.03017740E+00
  4.25000000E-02  1.07675126E+00
  4.25000000E-02  1.09077442E+00
  4.25000000E-02  1.13734828E+00
  4.25000000E-02  1.15137143E+00
  4.25000000E-02  1.19794529E+00
  4.25000000E-02  1.21196845E+00
  4.25000000E-02  1.25854231E+00
  4.25000000E-02  1.27256546E+00
  4.25000000E-02  1.31913932E+00
  4.25000000E-02  1.33316248E+00
  4.25000000E-02  1.37973634E+00
  4.25000000E-02  1.39375949E+00
  4.25000000E-02  1.44033335E+00
  4.25000000E-02  1.45435651E+00
  4.25000000E-02  1.50093037E+00
  4.25000000E-02  1.51495352E+00
  4.25000000E-02  1.56152738E+00
  4.25000000E-02  1.57555054E+00
  4.25000000E-02  1.62212440E+00
  4.25000000E-02  1.63614755E+00
  4.25000000E-02  1.68272141E+00
  4.25000000E-02  1.69674457E+00
  4.25000000E-02  1.74331843E+00
  4.25000000E-02  1.75734158E+00
  4.25000000E-02  1.80391544E+00
  4.25000000E-02  1.81793860E+00
  4.25000000E-02  1.86451246E+00
  4.25000000E-02  1.87853561E+00
  4.25000000E-02  1.92510947E+00
  4.25000000E-02  1.93913263E+00
  4.25000000E-02  1.98570649E+00
  4.25000000E-02  1.99972964E+00
  4.25000000E-02  2.04630350E+00
  4.25000000E-02  2.06032666E+00
  4.25000000E-02  2.10690052E+00
  4.25000000E-02  2.12092367E+00
  4.25000000E-02  2.16749753E+00
  4.25000000E-02  2.18152069E+00
  4.25000000E-02  2.22809455E+00
  4.25000000E-02  2.24211770E+00
  4.25000000E-02  2.28869156E+00
  4.25000000E-02  2.30271472E+00
  4.25000000E-02  2.34928858E+00
  4.25000000E-02  2.36331173E+00
  4.25000000E-02  2.40988559E+00
  4.25000000E-02  2.42390875E+00
  4.25000000E-02  2.47048261E+00
  4.25000000E-02  2.48450576E+00
  4.25000000E-02  2.53107962E+00
  4.25000000E-02  2.54510278E+00
  4.25000000E-02  2.59167664E+00
  4.25000000E-02  2.60569979E+00
  4.25000000E-02  2.65227365E+00
  4.25000000E-02  2.66629680E+00
  4.25000000E-02  2.71287067E+00
  4.25000000E-02  2.72689382E+00
  4.25000000E-02  2.77346768E+00
  4.25000000E-02  2.78749083E+00
  4.25000000E-02  2.83406470E+00
  4.25000000E-02  2.84808785E+00
  4.25000000E-02  2.89466171E+00
  4.25000000E-02  2.90868486E+00
  4.25000000E-02  2.95525873E+00
  4.25000000E-02  2.96928188E+00
  4.25000000E-02  3.01585574E+00
  4.25000000E-02  3.02987889E+00
  4.25000000E-02  3.07645276E+00
  4.25000000E-02  3.09047591E+00
  4.25000000E-02  3.13704977E+00
  4.25000000E-02  3.15107292E+00
  4.25000000E-02  3.19764679E+00
  4.25000000E-02  3.21166994E+00
  4.25000000E-02  3.25824380E+00
  4.25000000E-02  3.27226695E+00
  4.25000000E-02  3.31884082E+00
  4.25000000E-02  3.33286397E+00
  4.25000000E-02  3.37943783E+00
  4.25000000E-02  3.39346098E+00
  4.25000000E-02  3.44003485E+00
  4.25000000E-02  3.45405800E+00
  4.25000000E-02  3.50063186E+00
  4.25000000E-02  3.51465501E+00
  4.25000000E-02  3.56122888E+00
  4.25000000E-02  3.57525203E+00
  4.25000000E-02  3.62182589E+00
  4.25000000E-02  3.63584904E+00
  4.25000000E-02  3.68242291E+00
  4.25000000E-02  3.69644606E+00
  4.25000000E-02  3.74301992E+00
  4.25000000E-02  3.75704307E+00
  4.25000000E-02  3.80361694E+00
  4.25000000E-02  3.81764009E+00
  4.25000000E-02  3.86421395E+00
  4.25000000E-02  3.87823710E+00
  4.25000000E-02  3.92481097E+00
  4.18839047E-02  3.93700000E+00
  4.11065687E-02  3.93700000E+00
  4.10823063E-02  3.93700000E+00
  4.03049703E-02  3.93700000E+00
  4.02807079E-02  3.93700000E+00
  3.95033719E-02  3.93700000E+00
  3.94791095E-02  3.93700000E+00
  3.87017735E-02  3.93700000E+00
  3.86775111E-02  3.93700000E+00
  3.79001751E-02  3.93700000E+00
  3.78759127E-02  3.93700000E+00
  3.70985767E-02  3.93700000E+00
  3.70743143E-02  3.93700000E+00
  3.62969783E-02  3.93700000E+00
  3.62727159E-02  3.93700000E+00
  3.54953799E-02  3.93700000E+00
  3.54711175E-02  3.93700000E+00
  3.46937815E-02  3.93700000E+00
  3.46695191E-02  3.93700000E+00
  3.38921831E-02  3.93700000E+00
  3.38679207E-02  3.93700000E+00
  3.30905847E-02  3.93700000E+00
  3.30663223E-02  3.93700000E+00
  3.22889863E-02  3.93700000E+00
  3.22647239E-02  3.93700000E+00
  3.14873879E-02  3.93700000E+00
  3.14631255E-02  3.93700000E+00
  3.06857895E-02  3.93700000E+00
  3.06615271E-02  3.93700000E+00
  2.98841911E-02  3.93700000E+00
  2.98599287E-02  3.93700000E+00
  2.90825927E-02  3.93700000E+00
  2.90583303E-02  3.93700000E+00
  2.82809943E-02  3.93700000E+00
  2.82567319E-02  3.93700000E+00
  2.74793959E-02  3.93700000E+00
  2.74551335E-02  3.93700000E+00
  2.66777975E-02  3.93700000E+00
  2.66535351E-02  3.93700000E+00
  2.58761991E-02  3.93700000E+00
  2.58519367E-02  3.93700000E+00
  2.50746007E-02  3.93700000E+00
  2.50503383E-02  3.93700000E+00
  2.42730023E-02  3.93700000E+00
  2.42487399E-02  3.93700000E+00
  2.34714039E-02  3.93700000E+00
  2.34471415E-02  3.93700000E+00
  2.26698055E-02  3.93700000E+00
  2.26455431E-02  3.93700000E+00
  2.18682071E-02  3.93700000E+00
  2.18439447E-02  3.93700000E+00
  2.10666087E-02  3.93700000E+00
  2.10423463E-02  3.93700000E+00
  2.02650102E-02  3.93700000E+00
  2.02407479E-02  3.93700000E+00
  1.94634118E-02  3.93700000E+00
  1.94391495E-02  3.93700000E+00
  1.86618134E-02  3.93700000E+00
  1.86375511E-02  3.93700000E+00
  1.78602150E-02  3.93700000E+00
  1.78359527E-02  3.93700000E+00
  1.70586166E-02  3.93700000E+00
  1.70343543E-02  3.93700000E+00
  1.62570182E-02  3.93700000E+00
  1.62327559E-02  3.93700000E+00
  1.54554198E-02  3.93700000E+00
  1.54311575E-02  3.93700000E+00
  1.46538214E-02  3.93700000E+00
  1.46295591E-02  3.93700000E+00
  1.38522230E-02  3.93700000E+00
  1.38279607E-02  3.93700000E+00
  1.30506246E-02  3.93700000E+00
  1.30263623E-02  3.93700000E+00
  1.22490262E-02  3.93700000E+00
  1.22247639E-02  3.93700000E+00
  1.14474278E-02  3.93700000E+00
  1.14231655E-02  3.93700000E+00
  1.06458294E-02  3.93700000E+00
  1.06215671E-02  3.93700000E+00
  9.84423103E-03  3.93700000E+00
  9.81996867E-03  3.93700000E+00
  9.04263263E-03  3.93700000E+00
  9.01837027E-03  3.93700000E+00
  8.24103423E-03  3.93700000E+00
  8.21677187E-03  3.93700000E+00
  7.43943582E-03  3.93700000E+00
  7.41517347E-03  3.93700000E+00
  6.63783742E-03  3.93700000E+00
  6.61357507E-03  3.93700000E+00
  5.83623902E-03  3.93700000E+00
  5.81197667E-03  3.93700000E+00
  5.03464062E-03  3.93700000E+00
  5.01037826E-03  3.93700000E+00
  4.23304222E-03  3.93700000E+00
  4.20877986E-03  3.93700000E+00
  3.43144382E-03  3.93700000E+00
  3.40718146E-03  3.93700000E+00
  2.62984541E-03  3.93700000E+00
  2.60558306E-03  3.93700000E+00
  1.82824701E-03  3.93700000E+00
  1.80398466E-03  3.93700000E+00
  1.02664861E-03  3.93700000E+00
  1.00238626E-03  3.93700000E+00
  2.25050209E-04  3.93700000E+00
  2.00787854E-04  3.93700000E+00
  0.00000000E+00  3.89341571E+00
  0.00000000E+00  3.87823710E+00
  0.00000000E+00  3.86305850E+00
  0.00000000E+00  3.81764009E+00
  0.00000000E+00  3.80246148E+00
  0.00000000E+00  3.75704307E+00
  0.00000000E+00  3.74186447E+00
  0.00000000E+00  3.69644606E+00
  0.00000000E+00  3.68126745E+00
  0.00000000E+00  3.63584904E+00
  0.00000000E+00  3.62067044E+00
  0.00000000E+00  3.57525203E+00
  0.00000000E+00  3.56007342E+00
  0.00000000E+00  3.51465501E+00
  0.00000000E+00  3.49947641E+00
  0.00000000E+00  3.45405800E+00
  0.00000000E+00  3.43887940E+00
  0.00000000E+00  3.39346098E+00
  0.00000000E+00  3.37828238E+00
  0.00000000E+00  3.33286397E+00
  0.00000000E+00  3.31768537E+00
  0.00000000E+00  3.27226695E+00
  0.00000000E+00  3.25708835E+00
  0.00000000E+00  3.21166994E+00
  0.00000000E+00  3.19649134E+00
  0.00000000E+00  3.15107292E+00
  0.00000000E+00  3.13589432E+00
  0.00000000E+00  3.09047591E+00
  0.00000000E+00  3.07529731E+00
  0.00000000E+00  3.02987889E+00
  0.00000000E+00  3.01470029E+00
  0.00000000E+00  2.96928188E+00
  0.00000000E+00  2.95410328E+00
  0.00000000E+00  2.90868486E+00
  0.00000000E+00  2.89350626E+00
  0.00000000E+00  2.84808785E+00
  0.00000000E+00  2.83290925E+00
  0.00000000E+00  2.78749083E+00
  0.00000000E+00  2.77231223E+00
  0.00000000E+00  2.72689382E+00
  0.00000000E+00  2.71171522E+00
  0.00000000E+00  2.66629680E+00
  0.00000000E+00  2.65111820E+00
  0.00000000E+00  2.60569979E+00
  0.00000000E+00  2.59052119E+00
  0.00000000E+00  2.54510278E+00
  0.00000000E+00  2.52992417E+00
  0.00000000E+00  2.48450576E+00
  0.00000000E+00  2.46932716E+00
  0.00000000E+00  2.42390875E+00
  0.00000000E+00  2.40873014E+00
  0.00000000E+00  2.36331173E+00
  0.00000000E+00  2.34813313E+00
  0.00000000E+00  2.30271472E+00
  0.00000000E+00  2.28753611E+00
  0.00000000E+00  2.24211770E+00
  0.00000000E+00  2.22693910E+00
  0.00000000E+00  2.18152069E+00
  0.00000000E+00  2.16634208E+00
  0.00000000E+00  2.12092367E+00
  0.00000000E+00  2.10574507E+00
  0.00000000E+00  2.06032666E+00
  0.00000000E+00  2.04514805E+00
  0.00000000E+00  1.99972964E+00
  0.00000000E+00  1.98455104E+00
  0.00000000E+00  1.93913263E+00
  0.00000000E+00  1.92395402E+00
  0.00000000E+00  1.87853561E+00
  0.00000000E+00  1.86335701E+00
  0.00000000E+00  1.81793860E+00
  0.00000000E+00  1.80275999E+00
  0.00000000E+00  1.75734158E+00
  0.00000000E+00  1.74216298E+00
  0.00000000E+00  1.69674457E+00
  0.00000000E+00  1.68156596E+00
  0.00000000E+00  1.63614755E+00
  0.00000000E+00  1.62096895E+00
  0.00000000E+00  1.57555054E+00
  0.00000000E+00  1.56037193E+00
  0.00000000E+00  1.51495352E+00
  0.00000000E+00  1.49977492E+00
  0.00000000E+00  1.45435651E+00
  0.00000000E+00  1.43917790E+00
  0.00000000E+00  1.39375949E+00
  0.00000000E+00  1.37858089E+00
  0.00000000E+00  1.33316248E+00
  0.00000000E+00  1.31798387E+00
  0.00000000E+00  1.27256546E+00
  0.00000000E+00  1.25738686E+00
  0.00000000E+00  1.21196845E+00
  0.00000000E+00  1.19678984E+00
  0.00000000E+00  1.15137143E+00
  0.00000000E+00  1.13619283E+00
  0.00000000E+00  1.09077442E+00
  0.00000000E+00  1.07559581E+00
  0.00000000E+00  1.03017740E+00
  0.00000000E+00  1.01499880E+00
  0.00000000E+00  9.69580387E-01
  0.00000000E+00  9.54401783E-01
  0.00000000E+00  9.08983372E-01
  0.00000000E+00  8.93804768E-01
  0.00000000E+00  8.48386357E-01
  0.00000000E+00  8.33207753E-01
  0.00000000E+00  7.87789342E-01
  0.00000000E+00  7.72610738E-01
  0.00000000E+00  7.27192327E-01
  0.00000000E+00  7.12013723E-01
  0.00000000E+00  6.66595312E-01
  0.00000000E+00  6.51416708E-01
  0.00000000E+00  6.05998297E-01
  0.00000000E+00  5.90819694E-01
  0.00000000E+00  5.45401282E-01
  0.00000000E+00  5.30222679E-01
  0.00000000E+00  4.84804268E-01
  0.00000000E+00  4.69625664E-01
  0.00000000E+00  4.24207253E-01
  0.00000000E+00  4.09028649E-01
  0.00000000E+00  3.63610238E-01
  0.00000000E+00  3.48431634E-01
  0.00000000E+00  3.03013223E-01
  0.00000000E+00  2.87834619E-01
  0.00000000E+00  2.42416208E-01
  0.00000000E+00  2.27237604E-01
  0.00000000E+00  1.81819193E-01
  0.00000000E+00  1.66640589E-01
  0.00000000E+00  1.21222178E-01
  0.00000000E+00  1.06043574E-01
  0.00000000E+00  6.06251631E-02
  0.00000000E+00  4.54465592E-02
  0.00000000E+00  2.81481468E-05
  0.00000000E+00 -1.51504557E-02
  0.00000000E+00 -6.05688668E-02
  0.00000000E+00 -7.57474706E-02
  0.00000000E+00 -1.21165882E-01
  0.00000000E+00 -1.36344486E-01
  0.00000000E+00 -1.81762897E-01
  0.00000000E+00 -1.96941500E-01
  0.00000000E+00 -2.42359912E-01
  0.00000000E+00 -2.57538515E-01
  0.00000000E+00 -3.02956926E-01
  0.00000000E+00 -3.18135530E-01
  0.00000000E+00 -3.63553941E-01
  0.00000000E+00 -3.78732545E-01
  0.00000000E+00 -4.24150956E-01
  0.00000000E+00 -4.39329560E-01
  0.00000000E+00 -4.84747971E-01
  0.00000000E+00 -4.99926575E-01
  0.00000000E+00 -5.45344986E-01
  0.00000000E+00 -5.60523590E-01
  0.00000000E+00 -6.05942001E-01
  0.00000000E+00 -6.21120605E-01
  0.00000000E+00 -6.66539016E-01
  0.00000000E+00 -6.81717620E-01
  0.00000000E+00 -7.27136031E-01
  0.00000000E+00 -7.42314635E-01
  0.00000000E+00 -7.87733046E-01
  0.00000000E+00 -8.02911650E-01
  0.00000000E+00 -8.48330061E-01
  0.00000000E+00 -8.63508665E-01
  0.00000000E+00 -9.08927076E-01
  0.00000000E+00 -9.24105680E-01
  0.00000000E+00 -9.69524091E-01
  0.00000000E+00 -9.84702695E-01
  0.00000000E+00 -1.03012111E+00
  0.00000000E+00 -1.04529971E+00
  0.00000000E+00 -1.09071812E+00
  0.00000000E+00 -1.10589672E+00
  0.00000000E+00 -1.15131514E+00
  0.00000000E+00 -1.16649374E+00
  0.00000000E+00 -1.21191215E+00
  0.00000000E+00 -1.22709075E+00
  0.00000000E+00 -1.27250917E+00
  0.00000000E+00 -1.28768777E+00
  0.00000000E+00 -1.33310618E+00
  0.00000000E+00 -1.34828478E+00
  0.00000000E+00 -1.39370320E+00
  0.00000000E+00 -1.40888180E+00
  0.00000000E+00 -1.45430021E+00
  0.00000000E+00 -1.46947881E+00
  0.00000000E+00 -1.51489722E+00

w:108/ x(   0.2125000E-01) y(   0.4491000E+01) ix(2) iy(2) s(   0.7000E+00)

hb:   line clip z   cb(-0.9)
clip:
  1.76525499E-04  3.93700000E+00
  4.19081671E-02  3.93700000E+00
  4.25000000E-02  3.93883412E+00
  4.25000000E-02  3.98540798E+00
  4.25000000E-02  3.99943113E+00
  4.25000000E-02  4.04600500E+00
  4.25000000E-02  4.06002815E+00
  4.25000000E-02  4.10660201E+00
  4.25000000E-02  4.12062516E+00
  4.25000000E-02  4.16719903E+00
  4.25000000E-02  4.18122218E+00
  4.25000000E-02  4.22779604E+00
  4.25000000E-02  4.24181919E+00
  4.25000000E-02  4.28839306E+00
  4.25000000E-02  4.30241621E+00
  4.25000000E-02  4.34899007E+00
  4.25000000E-02  4.36301322E+00
  4.25000000E-02  4.40958709E+00
  4.25000000E-02  4.42361024E+00
  4.25000000E-02  4.47018410E+00
  4.25000000E-02  4.48420725E+00
  4.25000000E-02  4.53078112E+00
  4.25000000E-02  4.54480427E+00
  4.25000000E-02  4.59137813E+00
  4.25000000E-02  4.60540128E+00
  4.25000000E-02  4.65197515E+00
  4.25000000E-02  4.66599830E+00
  4.25000000E-02  4.71257216E+00
  4.25000000E-02  4.72659531E+00
  4.25000000E-02  4.77316917E+00
  4.25000000E-02  4.78719233E+00
  4.25000000E-02  4.83376619E+00
  4.25000000E-02  4.84778934E+00
  4.25000000E-02  4.89436320E+00
  4.25000000E-02  4.90838636E+00
  4.25000000E-02  4.95496022E+00
  4.25000000E-02  4.96898337E+00
  4.25000000E-02  5.01555723E+00
  4.25000000E-02  5.02958039E+00
  4.20878807E-02  5.04500000E+00
  4.18839047E-02  5.04500000E+00
  4.16799287E-02  5.04500000E+00
  4.10823063E-02  5.04500000E+00
  4.08783303E-02  5.04500000E+00
  4.02807079E-02  5.04500000E+00
  4.00767319E-02  5.04500000E+00
  3.94791095E-02  5.04500000E+00
  3.92751335E-02  5.04500000E+00
  3.86775111E-02  5.04500000E+00
  3.84735351E-02  5.04500000E+00
  3.78759127E-02  5.04500000E+00
  3.76719367E-02  5.04500000E+00
  3.70743143E-02  5.04500000E+00
  3.68703383E-02  5.04500000E+00
  3.62727159E-02  5.04500000E+00
  3.60687399E-02  5.04500000E+00
  3.54711175E-02  5.04500000E+00
  3.52671415E-02  5.04500000E+00
  3.46695191E-02  5.04500000E+00
  3.44655431E-02  5.04500000E+00
  3.38679207E-02  5.04500000E+00
  3.36639447E-02  5.04500000E+00
  3.30663223E-02  5.04500000E+00
  3.28623463E-02  5.04500000E+00
  3.22647239E-02  5.04500000E+00
  3.20607479E-02  5.04500000E+00
  3.14631255E-02  5.04500000E+00
  3.12591495E-02  5.04500000E+00
  3.06615271E-02  5.04500000E+00
  3.04575511E-02  5.04500000E+00
  2.98599287E-02  5.04500000E+00
  2.96559527E-02  5.04500000E+00
  2.90583303E-02  5.04500000E+00
  2.88543543E-02  5.04500000E+00
  2.82567319E-02  5.04500000E+00
  2.80527559E-02  5.04500000E+00
  2.74551335E-02  5.04500000E+00
  2.72511575E-02  5.04500000E+00
  2.66535351E-02  5.04500000E+00
  2.64495591E-02  5.04500000E+00
  2.58519367E-02  5.04500000E+00
  2.56479607E-02  5.04500000E+00
  2.50503383E-02  5.04500000E+00
  2.48463623E-02  5.04500000E+00
  2.42487399E-02  5.04500000E+00
  2.40447639E-02  5.04500000E+00
  2.34471415E-02  5.04500000E+00
  2.32431655E-02  5.04500000E+00
  2.26455431E-02  5.04500000E+00
  2.24415671E-02  5.04500000E+00
  2.18439447E-02  5.04500000E+00
  2.16399687E-02  5.04500000E+00
  2.10423463E-02  5.04500000E+00
  2.08383703E-02  5.04500000E+00
  2.02407479E-02  5.04500000E+00
  2.00367719E-02  5.04500000E+00
  1.94391495E-02  5.04500000E+00
  1.92351735E-02  5.04500000E+00
  1.86375511E-02  5.04500000E+00
  1.84335751E-02  5.04500000E+00
  1.78359527E-02  5.04500000E+00
  1.76319767E-02  5.04500000E+00
  1.70343543E-02  5.04500000E+00
  1.68303783E-02  5.04500000E+00
  1.62327559E-02  5.04500000E+00
  1.60287799E-02  5.04500000E+00
  1.54311575E-02  5.04500000E+00
  1.52271815E-02  5.04500000E+00
  1.46295591E-02  5.04500000E+00
  1.44255831E-02  5.04500000E+00
  1.38279607E-02  5.04500000E+00
  1.36239847E-02  5.04500000E+00
  1.30263623E-02  5.04500000E+00
  1.28223863E-02  5.04500000E+00
  1.22247639E-02  5.04500000E+00
  1.20207879E-02  5.04500000E+00
  1.14231655E-02  5.04500000E+00
  1.12191895E-02  5.04500000E+00
  1.06215671E-02  5.04500000E+00
  1.04175911E-02  5.04500000E+00
  9.81996867E-03  5.04500000E+00
  9.61599267E-03  5.04500000E+00
  9.01837027E-03  5.04500000E+00
  8.81439426E-03  5.04500000E+00
  8.21677187E-03  5.04500000E+00
  8.01279586E-03  5.04500000E+00
  7.41517347E-03  5.04500000E+00
  7.21119746E-03  5.04500000E+00
  6.61357507E-03  5.04500000E+00
  6.40959906E-03  5.04500000E+00
  5.81197667E-03  5.04500000E+00
  5.60800066E-03  5.04500000E+00
  5.01037826E-03  5.04500000E+00
  4.80640226E-03  5.04500000E+00
  4.20877986E-03  5.04500000E+00
  4.00480385E-03  5.04500000E+00
  3.40718146E-03  5.04500000E+00
  3.20320545E-03  5.04500000E+00
  2.60558306E-03  5.04500000E+00
  2.40160705E-03  5.04500000E+00
  1.80398466E-03  5.04500000E+00
  1.60000865E-03  5.04500000E+00
  1.00238626E-03  5.04500000E+00
  7.98410248E-04  5.04500000E+00
  2.00787854E-04  5.04500000E+00
  0.00000000E+00  5.04475899E+00
  0.00000000E+00  5.02958039E+00
  0.00000000E+00  5.01440178E+00
  0.00000000E+00  4.96898337E+00
  0.00000000E+00  4.95380477E+00
  0.00000000E+00  4.90838636E+00
  0.00000000E+00  4.89320775E+00
  0.00000000E+00  4.84778934E+00
  0.00000000E+00  4.83261074E+00
  0.00000000E+00  4.78719233E+00
  0.00000000E+00  4.77201372E+00
  0.00000000E+00  4.72659531E+00
  0.00000000E+00  4.71141671E+00
  0.00000000E+00  4.66599830E+00
  0.00000000E+00  4.65081969E+00
  0.00000000E+00  4.60540128E+00
  0.00000000E+00  4.59022268E+00
  0.00000000E+00  4.54480427E+00
  0.00000000E+00  4.52962566E+00
  0.00000000E+00  4.48420725E+00
  0.00000000E+00  4.46902865E+00
  0.00000000E+00  4.42361024E+00
  0.00000000E+00  4.40843163E+00
  0.00000000E+00  4.36301322E+00
  0.00000000E+00  4.34783462E+00
  0.00000000E+00  4.30241621E+00
  0.00000000E+00  4.28723760E+00
  0.00000000E+00  4.24181919E+00
  0.00000000E+00  4.22664059E+00
  0.00000000E+00  4.18122218E+00
  0.00000000E+00  4.16604357E+00
  0.00000000E+00  4.12062516E+00
  0.00000000E+00  4.10544656E+00
  0.00000000E+00  4.06002815E+00
  0.00000000E+00  4.04484954E+00
  0.00000000E+00  3.99943113E+00
  0.00000000E+00  3.98425253E+00
  0.00000000E+00  3.93883412E+00

w:106/ x(   0.1204405E+00) y(   0.4726595E+01) ix(2) iy(2) s(   0.7000E+00)

hb:   line clip z   cb(0.933)
clip:
  1.10000000E-01  3.93733969E+00
  1.10019769E-01  3.93700000E+00
  1.10044031E-01  3.93700000E+00
  1.10821367E-01  3.93700000E+00
  1.10845630E-01  3.93700000E+00
  1.11622966E-01  3.93700000E+00
  1.11647228E-01  3.93700000E+00
  1.12424564E-01  3.93700000E+00
  1.12448826E-01  3.93700000E+00
  1.13226162E-01  3.93700000E+00
  1.13250425E-01  3.93700000E+00
  1.14027761E-01  3.93700000E+00
  1.14052023E-01  3.93700000E+00
  1.14829359E-01  3.93700000E+00
  1.14853622E-01  3.93700000E+00
  1.15630958E-01  3.93700000E+00
  1.15655220E-01  3.93700000E+00
  1.16432556E-01  3.93700000E+00
  1.16456818E-01  3.93700000E+00
  1.17234154E-01  3.93700000E+00
  1.17258417E-01  3.93700000E+00
  1.18035753E-01  3.93700000E+00
  1.18060015E-01  3.93700000E+00
  1.18837351E-01  3.93700000E+00
  1.18861614E-01  3.93700000E+00
  1.19638950E-01  3.93700000E+00
  1.19663212E-01  3.93700000E+00
  1.20440548E-01  3.93700000E+00
  1.20464810E-01  3.93700000E+00
  1.21242146E-01  3.93700000E+00
  1.21266409E-01  3.93700000E+00
  1.22043745E-01  3.93700000E+00
  1.22068007E-01  3.93700000E+00
  1.22845343E-01  3.93700000E+00
  1.22869606E-01  3.93700000E+00
  1.23646942E-01  3.93700000E+00
  1.23671204E-01  3.93700000E+00
  1.24448540E-01  3.93700000E+00
  1.24472802E-01  3.93700000E+00
  1.25250139E-01  3.93700000E+00
  1.25274401E-01  3.93700000E+00
  1.26051737E-01  3.93700000E+00
  1.26075999E-01  3.93700000E+00
  1.26853335E-01  3.93700000E+00
  1.26877598E-01  3.93700000E+00
  1.27654934E-01  3.93700000E+00
  1.27679196E-01  3.93700000E+00
  1.28456532E-01  3.93700000E+00
  1.28480794E-01  3.93700000E+00
  1.29258131E-01  3.93700000E+00
  1.29282393E-01  3.93700000E+00
  1.30059729E-01  3.93700000E+00
  1.30083991E-01  3.93700000E+00
  1.30861327E-01  3.93700000E+00
  1.30885590E-01  3.93700000E+00
  1.31662926E-01  3.93700000E+00
  1.31687188E-01  3.93700000E+00
  1.32464524E-01  3.93700000E+00
  1.32488786E-01  3.93700000E+00
  1.33266123E-01  3.93700000E+00
  1.33290385E-01  3.93700000E+00
  1.34067721E-01  3.93700000E+00
  1.34091983E-01  3.93700000E+00
  1.34869319E-01  3.93700000E+00
  1.34893582E-01  3.93700000E+00
  1.35670918E-01  3.93700000E+00
  1.35695180E-01  3.93700000E+00
  1.36472516E-01  3.93700000E+00
  1.36496778E-01  3.93700000E+00
  1.37274115E-01  3.93700000E+00
  1.37298377E-01  3.93700000E+00
  1.38075713E-01  3.93700000E+00
  1.38099975E-01  3.93700000E+00
  1.38877311E-01  3.93700000E+00
  1.38901574E-01  3.93700000E+00
  1.39678910E-01  3.93700000E+00
  1.39703172E-01  3.93700000E+00
  1.40480508E-01  3.93700000E+00
  1.40504770E-01  3.93700000E+00
  1.41282107E-01  3.93700000E+00
  1.41306369E-01  3.93700000E+00
  1.42083705E-01  3.93700000E+00
  1.42107967E-01  3.93700000E+00
  1.42885303E-01  3.93700000E+00
  1.42909566E-01  3.93700000E+00
  1.43686902E-01  3.93700000E+00
  1.43711164E-01  3.93700000E+00
  1.44488500E-01  3.93700000E+00
  1.44512762E-01  3.93700000E+00
  1.45290099E-01  3.93700000E+00
  1.45314361E-01  3.93700000E+00
  1.46091697E-01  3.93700000E+00
  1.46115959E-01  3.93700000E+00
  1.46893295E-01  3.93700000E+00
  1.46917558E-01  3.93700000E+00
  1.47694894E-01  3.93700000E+00
  1.47719156E-01  3.93700000E+00
  1.48496492E-01  3.93700000E+00
  1.48520755E-01  3.93700000E+00
  1.49298091E-01  3.93700000E+00
  1.49322353E-01  3.93700000E+00
  1.50099689E-01  3.93700000E+00
  1.50123951E-01  3.93700000E+00
  1.50901287E-01  3.93700000E+00
  1.50925550E-01  3.93700000E+00
  1.51702886E-01  3.93700000E+00
  1.51727148E-01  3.93700000E+00
  1.52504484E-01  3.93700000E+00
  1.52528747E-01  3.93700000E+00
  1.53306083E-01  3.93700000E+00
  1.53330345E-01  3.93700000E+00
  1.54107681E-01  3.93700000E+00
  1.54131943E-01  3.93700000E+00
  1.54909279E-01  3.93700000E+00
  1.54933542E-01  3.93700000E+00
  1.55710878E-01  3.93700000E+00
  1.55735140E-01  3.93700000E+00
  1.56512476E-01  3.93700000E+00
  1.56536739E-01  3.93700000E+00
  1.57314075E-01  3.93700000E+00
  1.57338337E-01  3.93700000E+00
  1.58115673E-01  3.93700000E+00
  1.58139935E-01  3.93700000E+00
  1.58917271E-01  3.93700000E+00
  1.58941534E-01  3.93700000E+00
  1.59718870E-01  3.93700000E+00
  1.59743132E-01  3.93700000E+00
  1.60520468E-01  3.93700000E+00
  1.60544731E-01  3.93700000E+00
  1.61322067E-01  3.93700000E+00
  1.61346329E-01  3.93700000E+00
  1.62123665E-01  3.93700000E+00
  1.62147927E-01  3.93700000E+00
  1.62925263E-01  3.93700000E+00
  1.62949526E-01  3.93700000E+00
  1.63726862E-01  3.93700000E+00
  1.63751124E-01  3.93700000E+00
  1.64528460E-01  3.93700000E+00
  1.64552723E-01  3.93700000E+00
  1.65330059E-01  3.93700000E+00
  1.65354321E-01  3.93700000E+00
  1.66131657E-01  3.93700000E+00
  1.66155919E-01  3.93700000E+00
  1.66933255E-01  3.93700000E+00
  1.66957518E-01  3.93700000E+00
  1.67734854E-01  3.93700000E+00
  1.67759116E-01  3.93700000E+00
  1.68536452E-01  3.93700000E+00
  1.68560715E-01  3.93700000E+00
  1.69338051E-01  3.93700000E+00
  1.69362313E-01  3.93700000E+00
  1.70139649E-01  3.93700000E+00
  1.70163911E-01  3.93700000E+00
  1.70941247E-01  3.93700000E+00
  1.70965510E-01  3.93700000E+00
  1.71742846E-01  3.93700000E+00
  1.71767108E-01  3.93700000E+00
  1.72544444E-01  3.93700000E+00
  1.72568707E-01  3.93700000E+00
  1.73346043E-01  3.93700000E+00
  1.73370305E-01  3.93700000E+00
  1.74147641E-01  3.93700000E+00
  1.74171903E-01  3.93700000E+00
  1.74949239E-01  3.93700000E+00
  1.74973502E-01  3.93700000E+00
  1.75750838E-01  3.93700000E+00
  1.75775100E-01  3.93700000E+00
  1.76552436E-01  3.93700000E+00
  1.76576699E-01  3.93700000E+00
  1.77354035E-01  3.93700000E+00
  1.77378297E-01  3.93700000E+00
  1.78155633E-01  3.93700000E+00
  1.78179895E-01  3.93700000E+00
  1.78957231E-01  3.93700000E+00
  1.78981494E-01  3.93700000E+00
  1.79758830E-01  3.93700000E+00
  1.79783092E-01  3.93700000E+00
  1.80560428E-01  3.93700000E+00
  1.80584691E-01  3.93700000E+00
  1.81362027E-01  3.93700000E+00
  1.81386289E-01  3.93700000E+00
  1.82163625E-01  3.93700000E+00
  1.82187887E-01  3.93700000E+00
  1.82965223E-01  3.93700000E+00
  1.82989486E-01  3.93700000E+00
  1.83766822E-01  3.93700000E+00
  1.83791084E-01  3.93700000E+00
  1.84568420E-01  3.93700000E+00
  1.84592683E-01  3.93700000E+00
  1.85370019E-01  3.93700000E+00
  1.85394281E-01  3.93700000E+00
  1.86171617E-01  3.93700000E+00
  1.86195879E-01  3.93700000E+00
  1.86973215E-01  3.93700000E+00
  1.86997478E-01  3.93700000E+00
  1.87774814E-01  3.93700000E+00
  1.87799076E-01  3.93700000E+00
  1.88576412E-01  3.93700000E+00
  1.88600675E-01  3.93700000E+00
  1.89378011E-01  3.93700000E+00
  1.89402273E-01  3.93700000E+00
  1.90179609E-01  3.93700000E+00
  1.90203871E-01  3.93700000E+00
  1.90981207E-01  3.93700000E+00
  1.91005470E-01  3.93700000E+00
  1.91782806E-01  3.93700000E+00
  1.91807068E-01  3.93700000E+00
  1.92584404E-01  3.93700000E+00
  1.92608667E-01  3.93700000E+00
  1.93386003E-01  3.93700000E+00
  1.93410265E-01  3.93700000E+00
  1.94187601E-01  3.93700000E+00
  1.94211863E-01  3.93700000E+00
  1.94989199E-01  3.93700000E+00
  1.95013462E-01  3.93700000E+00
  1.95790798E-01  3.93700000E+00
  1.95815060E-01  3.93700000E+00
  1.96592396E-01  3.93700000E+00
  1.96616659E-01  3.93700000E+00
  1.97393995E-01  3.93700000E+00
  1.97418257E-01  3.93700000E+00
  1.98195593E-01  3.93700000E+00
  1.98219855E-01  3.93700000E+00
  1.98997191E-01  3.93700000E+00
  1.99021454E-01  3.93700000E+00
  1.99798790E-01  3.93700000E+00
  1.99823052E-01  3.93700000E+00
  2.00600388E-01  3.93700000E+00
  2.00624651E-01  3.93700000E+00
  2.01401987E-01  3.93700000E+00
  2.01426249E-01  3.93700000E+00
  2.02203585E-01  3.93700000E+00
  2.02227847E-01  3.93700000E+00
  2.03005183E-01  3.93700000E+00
  2.03029446E-01  3.93700000E+00
  2.03806782E-01  3.93700000E+00
  2.03831044E-01  3.93700000E+00
  2.04608380E-01  3.93700000E+00
  2.04632643E-01  3.93700000E+00
  2.05409979E-01  3.93700000E+00
  2.05434241E-01  3.93700000E+00
  2.06211577E-01  3.93700000E+00
  2.06235839E-01  3.93700000E+00
  2.07013175E-01  3.93700000E+00
  2.07037438E-01  3.93700000E+00
  2.07814774E-01  3.93700000E+00
  2.07839036E-01  3.93700000E+00
  2.08616372E-01  3.93700000E+00
  2.08640635E-01  3.93700000E+00
  2.09417971E-01  3.93700000E+00
  2.09442233E-01  3.93700000E+00
  2.10219569E-01  3.93700000E+00
  2.10243831E-01  3.93700000E+00
  2.11021167E-01  3.93700000E+00
  2.11045430E-01  3.93700000E+00
  2.11822766E-01  3.93700000E+00
  2.11847028E-01  3.93700000E+00
  2.12624364E-01  3.93700000E+00
  2.12648627E-01  3.93700000E+00
  2.13425963E-01  3.93700000E+00
  2.13450225E-01  3.93700000E+00
  2.14227561E-01  3.93700000E+00
  2.14251823E-01  3.93700000E+00
  2.15029159E-01  3.93700000E+00
  2.15053422E-01  3.93700000E+00
  2.15830758E-01  3.93700000E+00
  2.15855020E-01  3.93700000E+00
  2.16632356E-01  3.93700000E+00
  2.16656619E-01  3.93700000E+00
  2.17433955E-01  3.93700000E+00
  2.17458217E-01  3.93700000E+00
  2.18235553E-01  3.93700000E+00
  2.18259815E-01  3.93700000E+00
  2.19037151E-01  3.93700000E+00
  2.19061414E-01  3.93700000E+00
  2.19838750E-01  3.93700000E+00
  2.19863012E-01  3.93700000E+00
  2.20000000E-01  3.93883412E+00
  2.20000000E-01  3.95102386E+00
  2.20000000E-01  3.99943113E+00
  2.20000000E-01  4.01162087E+00
  2.20000000E-01  4.06002815E+00
  2.20000000E-01  4.07221789E+00
  2.20000000E-01  4.12062516E+00
  2.20000000E-01  4.13281490E+00
  2.20000000E-01  4.18122218E+00
  2.20000000E-01  4.19341192E+00
  2.20000000E-01  4.24181919E+00
  2.20000000E-01  4.25400893E+00
  2.20000000E-01  4.30241621E+00
  2.20000000E-01  4.31460595E+00
  2.20000000E-01  4.36301322E+00
  2.20000000E-01  4.37520296E+00
  2.20000000E-01  4.42361024E+00
  2.20000000E-01  4.43579998E+00
  2.20000000E-01  4.48420725E+00
  2.20000000E-01  4.49639699E+00
  2.20000000E-01  4.54480427E+00
  2.20000000E-01  4.55699401E+00
  2.20000000E-01  4.60540128E+00
  2.20000000E-01  4.61759102E+00
  2.20000000E-01  4.66599830E+00
  2.20000000E-01  4.67818804E+00
  2.20000000E-01  4.72659531E+00
  2.20000000E-01  4.73878505E+00
  2.20000000E-01  4.78719233E+00
  2.20000000E-01  4.79938207E+00
  2.20000000E-01  4.84778934E+00
  2.20000000E-01  4.85997908E+00
  2.20000000E-01  4.90838636E+00
  2.20000000E-01  4.92057610E+00
  2.20000000E-01  4.96898337E+00
  2.20000000E-01  4.98117311E+00
  2.20000000E-01  5.02958039E+00
  2.20000000E-01  5.04177013E+00
  2.20000000E-01  5.09017740E+00
  2.20000000E-01  5.10236714E+00
  2.20000000E-01  5.15077442E+00
  2.20000000E-01  5.16296416E+00
  2.20000000E-01  5.21137143E+00
  2.20000000E-01  5.22356117E+00
  2.20000000E-01  5.27196845E+00
  2.20000000E-01  5.28415819E+00
  2.20000000E-01  5.33256546E+00
  2.20000000E-01  5.34475520E+00
  2.20000000E-01  5.39316248E+00
  2.20000000E-01  5.40535222E+00
  2.20000000E-01  5.45375949E+00
  2.20000000E-01  5.46594923E+00
  2.20000000E-01  5.51435651E+00
  2.20000000E-01  5.52654625E+00
  2.19838750E-01  5.54500000E+00
  2.19433387E-01  5.54500000E+00
  2.19037151E-01  5.54500000E+00
  2.18631789E-01  5.54500000E+00
  2.18235553E-01  5.54500000E+00
  2.17830190E-01  5.54500000E+00
  2.17433955E-01  5.54500000E+00
  2.17028592E-01  5.54500000E+00
  2.16632356E-01  5.54500000E+00
  2.16226993E-01  5.54500000E+00
  2.15830758E-01  5.54500000E+00
  2.15425395E-01  5.54500000E+00
  2.15029159E-01  5.54500000E+00
  2.14623797E-01  5.54500000E+00
  2.14227561E-01  5.54500000E+00
  2.13822198E-01  5.54500000E+00
  2.13425963E-01  5.54500000E+00
  2.13020600E-01  5.54500000E+00
  2.12624364E-01  5.54500000E+00
  2.12219001E-01  5.54500000E+00
  2.11822766E-01  5.54500000E+00
  2.11417403E-01  5.54500000E+00
  2.11021167E-01  5.54500000E+00
  2.10615805E-01  5.54500000E+00
  2.10219569E-01  5.54500000E+00
  2.09814206E-01  5.54500000E+00
  2.09417971E-01  5.54500000E+00
  2.09012608E-01  5.54500000E+00
  2.08616372E-01  5.54500000E+00
  2.08211009E-01  5.54500000E+00
  2.07814774E-01  5.54500000E+00
  2.07409411E-01  5.54500000E+00
  2.07013175E-01  5.54500000E+00
  2.06607813E-01  5.54500000E+00
  2.06211577E-01  5.54500000E+00
  2.05806214E-01  5.54500000E+00
  2.05409979E-01  5.54500000E+00
  2.05004616E-01  5.54500000E+00
  2.04608380E-01  5.54500000E+00
  2.04203017E-01  5.54500000E+00
  2.03806782E-01  5.54500000E+00
  2.03401419E-01  5.54500000E+00
  2.03005183E-01  5.54500000E+00
  2.02599821E-01  5.54500000E+00
  2.02203585E-01  5.54500000E+00
  2.01798222E-01  5.54500000E+00
  2.01401987E-01  5.54500000E+00
  2.00996624E-01  5.54500000E+00
  2.00600388E-01  5.54500000E+00
  2.00195025E-01  5.54500000E+00
  1.99798790E-01  5.54500000E+00
  1.99393427E-01  5.54500000E+00
  1.98997191E-01  5.54500000E+00
  1.98591829E-01  5.54500000E+00
  1.98195593E-01  5.54500000E+00
  1.97790230E-01  5.54500000E+00
  1.97393995E-01  5.54500000E+00
  1.96988632E-01  5.54500000E+00
  1.96592396E-01  5.54500000E+00
  1.96187033E-01  5.54500000E+00
  1.95790798E-01  5.54500000E+00
  1.95385435E-01  5.54500000E+00
  1.94989199E-01  5.54500000E+00
  1.94583837E-01  5.54500000E+00
  1.94187601E-01  5.54500000E+00
  1.93782238E-01  5.54500000E+00
  1.93386003E-01  5.54500000E+00
  1.92980640E-01  5.54500000E+00
  1.92584404E-01  5.54500000E+00
  1.92179041E-01  5.54500000E+00
  1.91782806E-01  5.54500000E+00
  1.91377443E-01  5.54500000E+00
  1.90981207E-01  5.54500000E+00
  1.90575845E-01  5.54500000E+00
  1.90179609E-01  5.54500000E+00
  1.89774246E-01  5.54500000E+00
  1.89378011E-01  5.54500000E+00
  1.88972648E-01  5.54500000E+00
  1.88576412E-01  5.54500000E+00
  1.88171049E-01  5.54500000E+00
  1.87774814E-01  5.54500000E+00
  1.87369451E-01  5.54500000E+00
  1.86973215E-01  5.54500000E+00
  1.86567853E-01  5.54500000E+00
  1.86171617E-01  5.54500000E+00
  1.85766254E-01  5.54500000E+00
  1.85370019E-01  5.54500000E+00
  1.84964656E-01  5.54500000E+00
  1.84568420E-01  5.54500000E+00
  1.84163057E-01  5.54500000E+00
  1.83766822E-01  5.54500000E+00
  1.83361459E-01  5.54500000E+00
  1.82965223E-01  5.54500000E+00
  1.82559861E-01  5.54500000E+00
  1.82163625E-01  5.54500000E+00
  1.81758262E-01  5.54500000E+00
  1.81362027E-01  5.54500000E+00
  1.80956664E-01  5.54500000E+00
  1.80560428E-01  5.54500000E+00
  1.80155065E-01  5.54500000E+00
  1.79758830E-01  5.54500000E+00
  1.79353467E-01  5.54500000E+00
  1.78957231E-01  5.54500000E+00
  1.78551869E-01  5.54500000E+00
  1.78155633E-01  5.54500000E+00
  1.77750270E-01  5.54500000E+00
  1.77354035E-01  5.54500000E+00
  1.76948672E-01  5.54500000E+00
  1.76552436E-01  5.54500000E+00
  1.76147073E-01  5.54500000E+00
  1.75750838E-01  5.54500000E+00
  1.75345475E-01  5.54500000E+00
  1.74949239E-01  5.54500000E+00
  1.74543877E-01  5.54500000E+00
  1.74147641E-01  5.54500000E+00
  1.73742278E-01  5.54500000E+00
  1.73346043E-01  5.54500000E+00
  1.72940680E-01  5.54500000E+00
  1.72544444E-01  5.54500000E+00
  1.72139081E-01  5.54500000E+00
  1.71742846E-01  5.54500000E+00
  1.71337483E-01  5.54500000E+00
  1.70941247E-01  5.54500000E+00
  1.70535885E-01  5.54500000E+00
  1.70139649E-01  5.54500000E+00
  1.69734286E-01  5.54500000E+00
  1.69338051E-01  5.54500000E+00
  1.68932688E-01  5.54500000E+00
  1.68536452E-01  5.54500000E+00
  1.68131089E-01  5.54500000E+00
  1.67734854E-01  5.54500000E+00
  1.67329491E-01  5.54500000E+00
  1.66933255E-01  5.54500000E+00
  1.66527893E-01  5.54500000E+00
  1.66131657E-01  5.54500000E+00
  1.65726294E-01  5.54500000E+00
  1.65330059E-01  5.54500000E+00
  1.64924696E-01  5.54500000E+00
  1.64528460E-01  5.54500000E+00
  1.64123097E-01  5.54500000E+00
  1.63726862E-01  5.54500000E+00
  1.63321499E-01  5.54500000E+00
  1.62925263E-01  5.54500000E+00
  1.62519901E-01  5.54500000E+00
  1.62123665E-01  5.54500000E+00
  1.61718302E-01  5.54500000E+00
  1.61322067E-01  5.54500000E+00
  1.60916704E-01  5.54500000E+00
  1.60520468E-01  5.54500000E+00
  1.60115105E-01  5.54500000E+00
  1.59718870E-01  5.54500000E+00
  1.59313507E-01  5.54500000E+00
  1.58917271E-01  5.54500000E+00
  1.58511909E-01  5.54500000E+00
  1.58115673E-01  5.54500000E+00
  1.57710310E-01  5.54500000E+00
  1.57314075E-01  5.54500000E+00
  1.56908712E-01  5.54500000E+00
  1.56512476E-01  5.54500000E+00
  1.56107113E-01  5.54500000E+00
  1.55710878E-01  5.54500000E+00
  1.55305515E-01  5.54500000E+00
  1.54909279E-01  5.54500000E+00
  1.54503917E-01  5.54500000E+00
  1.54107681E-01  5.54500000E+00
  1.53702318E-01  5.54500000E+00
  1.53306083E-01  5.54500000E+00
  1.52900720E-01  5.54500000E+00
  1.52504484E-01  5.54500000E+00
  1.52099121E-01  5.54500000E+00
  1.51702886E-01  5.54500000E+00
  1.51297523E-01  5.54500000E+00
  1.50901287E-01  5.54500000E+00
  1.50495925E-01  5.54500000E+00
  1.50099689E-01  5.54500000E+00
  1.49694326E-01  5.54500000E+00
  1.49298091E-01  5.54500000E+00
  1.48892728E-01  5.54500000E+00
  1.48496492E-01  5.54500000E+00
  1.48091129E-01  5.54500000E+00
  1.47694894E-01  5.54500000E+00
  1.47289531E-01  5.54500000E+00
  1.46893295E-01  5.54500000E+00
  1.46487933E-01  5.54500000E+00
  1.46091697E-01  5.54500000E+00
  1.45686334E-01  5.54500000E+00
  1.45290099E-01  5.54500000E+00
  1.44884736E-01  5.54500000E+00
  1.44488500E-01  5.54500000E+00
  1.44083137E-01  5.54500000E+00
  1.43686902E-01  5.54500000E+00
  1.43281539E-01  5.54500000E+00
  1.42885303E-01  5.54500000E+00
  1.42479941E-01  5.54500000E+00
  1.42083705E-01  5.54500000E+00
  1.41678342E-01  5.54500000E+00
  1.41282107E-01  5.54500000E+00
  1.40876744E-01  5.54500000E+00
  1.40480508E-01  5.54500000E+00
  1.40075145E-01  5.54500000E+00
  1.39678910E-01  5.54500000E+00
  1.39273547E-01  5.54500000E+00
  1.38877311E-01  5.54500000E+00
  1.38471949E-01  5.54500000E+00
  1.38075713E-01  5.54500000E+00
  1.37670350E-01  5.54500000E+00
  1.37274115E-01  5.54500000E+00
  1.36868752E-01  5.54500000E+00
  1.36472516E-01  5.54500000E+00
  1.36067153E-01  5.54500000E+00
  1.35670918E-01  5.54500000E+00
  1.35265555E-01  5.54500000E+00
  1.34869319E-01  5.54500000E+00
  1.34463957E-01  5.54500000E+00
  1.34067721E-01  5.54500000E+00
  1.33662358E-01  5.54500000E+00
  1.33266123E-01  5.54500000E+00
  1.32860760E-01  5.54500000E+00
  1.32464524E-01  5.54500000E+00
  1.32059161E-01  5.54500000E+00
  1.31662926E-01  5.54500000E+00
  1.31257563E-01  5.54500000E+00
  1.30861327E-01  5.54500000E+00
  1.30455965E-01  5.54500000E+00
  1.30059729E-01  5.54500000E+00
  1.29654366E-01  5.54500000E+00
  1.29258131E-01  5.54500000E+00
  1.28852768E-01  5.54500000E+00
  1.28456532E-01  5.54500000E+00
  1.28051169E-01  5.54500000E+00
  1.27654934E-01  5.54500000E+00
  1.27249571E-01  5.54500000E+00
  1.26853335E-01  5.54500000E+00
  1.26447973E-01  5.54500000E+00
  1.26051737E-01  5.54500000E+00
  1.25646374E-01  5.54500000E+00
  1.25250139E-01  5.54500000E+00
  1.24844776E-01  5.54500000E+00
  1.24448540E-01  5.54500000E+00
  1.24043177E-01  5.54500000E+00
  1.23646942E-01  5.54500000E+00
  1.23241579E-01  5.54500000E+00
  1.22845343E-01  5.54500000E+00
  1.22439981E-01  5.54500000E+00
  1.22043745E-01  5.54500000E+00
  1.21638382E-01  5.54500000E+00
  1.21242146E-01  5.54500000E+00
  1.20836784E-01  5.54500000E+00
  1.20440548E-01  5.54500000E+00
  1.20035185E-01  5.54500000E+00
  1.19638950E-01  5.54500000E+00
  1.19233587E-01  5.54500000E+00
  1.18837351E-01  5.54500000E+00
  1.18431988E-01  5.54500000E+00
  1.18035753E-01  5.54500000E+00
  1.17630390E-01  5.54500000E+00
  1.17234154E-01  5.54500000E+00
  1.16828792E-01  5.54500000E+00
  1.16432556E-01  5.54500000E+00
  1.16027193E-01  5.54500000E+00
  1.15630958E-01  5.54500000E+00
  1.15225595E-01  5.54500000E+00
  1.14829359E-01  5.54500000E+00
  1.14423996E-01  5.54500000E+00
  1.14027761E-01  5.54500000E+00
  1.13622398E-01  5.54500000E+00
  1.13226162E-01  5.54500000E+00
  1.12820800E-01  5.54500000E+00
  1.12424564E-01  5.54500000E+00
  1.12019201E-01  5.54500000E+00
  1.11622966E-01  5.54500000E+00
  1.11217603E-01  5.54500000E+00
  1.10821367E-01  5.54500000E+00
  1.10416004E-01  5.54500000E+00
  1.10019769E-01  5.54500000E+00
  1.09614406E-01  5.54500000E+00
  1.09218170E-01  5.54500000E+00
  1.08812808E-01  5.54500000E+00
  1.08416572E-01  5.54500000E+00
  1.08011209E-01  5.54500000E+00
  1.07614974E-01  5.54500000E+00
  1.07209611E-01  5.54500000E+00
  1.06813375E-01  5.54500000E+00
  1.06408012E-01  5.54500000E+00
  1.06011777E-01  5.54500000E+00
  1.05606414E-01  5.54500000E+00
  1.05210178E-01  5.54500000E+00
  1.04804816E-01  5.54500000E+00
  1.04408580E-01  5.54500000E+00
  1.04003217E-01  5.54500000E+00
  1.03606982E-01  5.54500000E+00
  1.03201619E-01  5.54500000E+00
  1.02805383E-01  5.54500000E+00
  1.02400020E-01  5.54500000E+00
  1.02003785E-01  5.54500000E+00
  1.01598422E-01  5.54500000E+00
  1.01202186E-01  5.54500000E+00
  1.00796824E-01  5.54500000E+00
  1.00400588E-01  5.54500000E+00
  9.99952253E-02  5.54500000E+00
  9.95989897E-02  5.54500000E+00
  9.91936269E-02  5.54500000E+00
  9.87973913E-02  5.54500000E+00
  9.83920285E-02  5.54500000E+00
  9.79957928E-02  5.54500000E+00
  9.75904301E-02  5.54500000E+00
  9.71941944E-02  5.54500000E+00
  9.67888316E-02  5.54500000E+00
  9.63925960E-02  5.54500000E+00
  9.59872332E-02  5.54500000E+00
  9.55909976E-02  5.54500000E+00
  9.51856348E-02  5.54500000E+00
  9.47893992E-02  5.54500000E+00
  9.43840364E-02  5.54500000E+00
  9.39878008E-02  5.54500000E+00
  9.35824380E-02  5.54500000E+00
  9.31862024E-02  5.54500000E+00
  9.27808396E-02  5.54500000E+00
  9.23846040E-02  5.54500000E+00
  9.19792412E-02  5.54500000E+00
  9.15830056E-02  5.54500000E+00
  9.11776428E-02  5.54500000E+00
  9.07814072E-02  5.54500000E+00
  9.03760444E-02  5.54500000E+00
  8.99798088E-02  5.54500000E+00
  8.95744460E-02  5.54500000E+00
  8.91782104E-02  5.54500000E+00
  8.87728476E-02  5.54500000E+00
  8.83766120E-02  5.54500000E+00
  8.79712492E-02  5.54500000E+00
  8.75750136E-02  5.54500000E+00
  8.71696508E-02  5.54500000E+00
  8.67734152E-02  5.54500000E+00
  8.63680524E-02  5.54500000E+00
  8.59718168E-02  5.54500000E+00
  8.55664540E-02  5.54500000E+00
  8.51702184E-02  5.54500000E+00
  8.47648556E-02  5.54500000E+00
  8.43686200E-02  5.54500000E+00
  8.39632572E-02  5.54500000E+00
  8.35670216E-02  5.54500000E+00
  8.31616588E-02  5.54500000E+00
  8.27654232E-02  5.54500000E+00
  8.23600604E-02  5.54500000E+00
  8.19638248E-02  5.54500000E+00
  8.15584620E-02  5.54500000E+00
  8.11622264E-02  5.54500000E+00
  8.07568636E-02  5.54500000E+00
  8.03606280E-02  5.54500000E+00
  7.99552652E-02  5.54500000E+00
  7.95590296E-02  5.54500000E+00
  7.91536668E-02  5.54500000E+00
  7.87574312E-02  5.54500000E+00
  7.83520684E-02  5.54500000E+00
  7.79558328E-02  5.54500000E+00
  7.75504700E-02  5.54500000E+00
  7.71542344E-02  5.54500000E+00
  7.67488716E-02  5.54500000E+00
  7.63526360E-02  5.54500000E+00
  7.59472732E-02  5.54500000E+00
  7.55510376E-02  5.54500000E+00
  7.51456748E-02  5.54500000E+00
  7.47494392E-02  5.54500000E+00
  7.43440764E-02  5.54500000E+00
  7.39478408E-02  5.54500000E+00
  7.35424780E-02  5.54500000E+00
  7.31462424E-02  5.54500000E+00
  7.27408796E-02  5.54500000E+00
  7.23446440E-02  5.54500000E+00
  7.19392812E-02  5.54500000E+00
  7.15430456E-02  5.54500000E+00
  7.11376828E-02  5.54500000E+00
  7.07414472E-02  5.54500000E+00
  7.03360844E-02  5.54500000E+00
  6.99398488E-02  5.54500000E+00
  6.95344860E-02  5.54500000E+00
  6.91382504E-02  5.54500000E+00
  6.87328876E-02  5.54500000E+00
  6.83366520E-02  5.54500000E+00
  6.79312892E-02  5.54500000E+00
  6.75350536E-02  5.54500000E+00
  6.71296908E-02  5.54500000E+00
  6.67334552E-02  5.54500000E+00
  6.63280924E-02  5.54500000E+00
  6.59318568E-02  5.54500000E+00
  6.55264940E-02  5.54500000E+00
  6.51302584E-02  5.54500000E+00
  6.47248956E-02  5.54500000E+00
  6.43286600E-02  5.54500000E+00
  6.39232972E-02  5.54500000E+00
  6.35270616E-02  5.54500000E+00
  6.31216988E-02  5.54500000E+00
  6.27254632E-02  5.54500000E+00
  6.23201004E-02  5.54500000E+00
  6.19238648E-02  5.54500000E+00
  6.15185020E-02  5.54500000E+00
  6.11222664E-02  5.54500000E+00
  6.07169036E-02  5.54500000E+00
  6.03206680E-02  5.54500000E+00
  5.99153052E-02  5.54500000E+00
  5.95190696E-02  5.54500000E+00
  5.91137068E-02  5.54500000E+00
  5.87174712E-02  5.54500000E+00
  5.83121084E-02  5.54500000E+00
  5.79158728E-02  5.54500000E+00
  5.75105100E-02  5.54500000E+00
  5.71142744E-02  5.54500000E+00
  5.67089116E-02  5.54500000E+00
  5.63126760E-02  5.54500000E+00
  5.59073132E-02  5.54500000E+00
  5.55110776E-02  5.54500000E+00
  5.51057148E-02  5.54500000E+00
  5.47094792E-02  5.54500000E+00
  5.43041164E-02  5.54500000E+00
  5.39078808E-02  5.54500000E+00
  5.35025180E-02  5.54500000E+00
  5.31062824E-02  5.54500000E+00
  5.27009196E-02  5.54500000E+00
  5.23046840E-02  5.54500000E+00
  5.18993212E-02  5.54500000E+00
  5.15030856E-02  5.54500000E+00
  5.10977228E-02  5.54500000E+00
  5.07014872E-02  5.54500000E+00
  5.02961244E-02  5.54500000E+00
  4.98998888E-02  5.54500000E+00
  4.94945260E-02  5.54500000E+00
  4.90982904E-02  5.54500000E+00
  4.86929276E-02  5.54500000E+00
  4.82966919E-02  5.54500000E+00
  4.78913292E-02  5.54500000E+00
  4.74950935E-02  5.54500000E+00
  4.70897308E-02  5.54500000E+00
  4.66934951E-02  5.54500000E+00
  4.62881323E-02  5.54500000E+00
  4.58918967E-02  5.54500000E+00
  4.54865339E-02  5.54500000E+00
  4.50902983E-02  5.54500000E+00
  4.46849355E-02  5.54500000E+00
  4.42886999E-02  5.54500000E+00
  4.38833371E-02  5.54500000E+00
  4.34871015E-02  5.54500000E+00
  4.30817387E-02  5.54500000E+00
  4.26855031E-02  5.54500000E+00
  4.22801403E-02  5.54500000E+00
  4.18839047E-02  5.54500000E+00
  4.14785419E-02  5.54500000E+00
  4.10823063E-02  5.54500000E+00
  4.06769435E-02  5.54500000E+00
  4.02807079E-02  5.54500000E+00
  3.98753451E-02  5.54500000E+00
  3.94791095E-02  5.54500000E+00
  3.90737467E-02  5.54500000E+00
  3.86775111E-02  5.54500000E+00
  3.82721483E-02  5.54500000E+00
  3.78759127E-02  5.54500000E+00
  3.74705499E-02  5.54500000E+00
  3.70743143E-02  5.54500000E+00
  3.66689515E-02  5.54500000E+00
  3.62727159E-02  5.54500000E+00
  3.58673531E-02  5.54500000E+00
  3.54711175E-02  5.54500000E+00
  3.50657547E-02  5.54500000E+00
  3.46695191E-02  5.54500000E+00
  3.42641563E-02  5.54500000E+00
  3.38679207E-02  5.54500000E+00
  3.34625579E-02  5.54500000E+00
  3.30663223E-02  5.54500000E+00
  3.26609595E-02  5.54500000E+00
  3.22647239E-02  5.54500000E+00
  3.18593611E-02  5.54500000E+00
  3.14631255E-02  5.54500000E+00
  3.10577627E-02  5.54500000E+00
  3.06615271E-02  5.54500000E+00
  3.02561643E-02  5.54500000E+00
  2.98599287E-02  5.54500000E+00
  2.94545659E-02  5.54500000E+00
  2.90583303E-02  5.54500000E+00
  2.86529675E-02  5.54500000E+00
  2.82567319E-02  5.54500000E+00
  2.78513691E-02  5.54500000E+00
  2.74551335E-02  5.54500000E+00
  2.70497707E-02  5.54500000E+00
  2.66535351E-02  5.54500000E+00
  2.62481723E-02  5.54500000E+00
  2.58519367E-02  5.54500000E+00
  2.54465739E-02  5.54500000E+00
  2.50503383E-02  5.54500000E+00
  2.46449755E-02  5.54500000E+00
  2.42487399E-02  5.54500000E+00
  2.38433771E-02  5.54500000E+00
  2.34471415E-02  5.54500000E+00
  2.30417787E-02  5.54500000E+00
  2.26455431E-02  5.54500000E+00
  2.22401803E-02  5.54500000E+00
  2.18439447E-02  5.54500000E+00
  2.14385819E-02  5.54500000E+00
  2.10423463E-02  5.54500000E+00
  2.06369835E-02  5.54500000E+00
  2.02407479E-02  5.54500000E+00
  1.98353851E-02  5.54500000E+00
  1.94391495E-02  5.54500000E+00
  1.90337867E-02  5.54500000E+00
  1.86375511E-02  5.54500000E+00
  1.82321883E-02  5.54500000E+00
  1.78359527E-02  5.54500000E+00
  1.74305899E-02  5.54500000E+00
  1.70343543E-02  5.54500000E+00
  1.66289915E-02  5.54500000E+00
  1.62327559E-02  5.54500000E+00
  1.58273931E-02  5.54500000E+00
  1.54311575E-02  5.54500000E+00
  1.50257947E-02  5.54500000E+00
  1.46295591E-02  5.54500000E+00
  1.42241963E-02  5.54500000E+00
  1.38279607E-02  5.54500000E+00
  1.34225979E-02  5.54500000E+00
  1.30263623E-02  5.54500000E+00
  1.26209995E-02  5.54500000E+00
  1.22247639E-02  5.54500000E+00
  1.18194011E-02  5.54500000E+00
  1.14231655E-02  5.54500000E+00
  1.10178027E-02  5.54500000E+00
  1.06215671E-02  5.54500000E+00
  1.02162043E-02  5.54500000E+00
  9.81996867E-03  5.54500000E+00
  9.41460588E-03  5.54500000E+00
  9.01837027E-03  5.54500000E+00
  8.61300747E-03  5.54500000E+00
  8.21677187E-03  5.54500000E+00
  7.81140907E-03  5.54500000E+00
  7.41517347E-03  5.54500000E+00
  7.00981067E-03  5.54500000E+00
  6.61357507E-03  5.54500000E+00
  6.20821227E-03  5.54500000E+00
  5.81197667E-03  5.54500000E+00
  5.40661387E-03  5.54500000E+00
  5.01037826E-03  5.54500000E+00
  4.60501547E-03  5.54500000E+00
  4.20877986E-03  5.54500000E+00
  3.80341706E-03  5.54500000E+00
  3.40718146E-03  5.54500000E+00
  3.00181866E-03  5.54500000E+00
  2.60558306E-03  5.54500000E+00
  2.20022026E-03  5.54500000E+00
  1.80398466E-03  5.54500000E+00
  1.39862186E-03  5.54500000E+00
  1.00238626E-03  5.54500000E+00
  5.97023458E-04  5.54500000E+00
  2.00787854E-04  5.54500000E+00
  0.00000000E+00  5.52953511E+00
  0.00000000E+00  5.51435651E+00
  0.00000000E+00  5.49917790E+00
  0.00000000E+00  5.45375949E+00
  0.00000000E+00  5.43858089E+00
  0.00000000E+00  5.39316248E+00
  0.00000000E+00  5.37798387E+00
  0.00000000E+00  5.33256546E+00
  0.00000000E+00  5.31738686E+00
  0.00000000E+00  5.27196845E+00
  0.00000000E+00  5.25678984E+00
  0.00000000E+00  5.21137143E+00
  0.00000000E+00  5.19619283E+00
  0.00000000E+00  5.15077442E+00
  0.00000000E+00  5.13559581E+00
  0.00000000E+00  5.09017740E+00
  0.00000000E+00  5.07499880E+00
  2.00787854E-04  5.04500000E+00
  7.98410248E-04  5.04500000E+00
  1.00238626E-03  5.04500000E+00
  1.60000865E-03  5.04500000E+00
  1.80398466E-03  5.04500000E+00
  2.40160705E-03  5.04500000E+00
  2.60558306E-03  5.04500000E+00
  3.20320545E-03  5.04500000E+00
  3.40718146E-03  5.04500000E+00
  4.00480385E-03  5.04500000E+00
  4.20877986E-03  5.04500000E+00
  4.80640226E-03  5.04500000E+00
  5.01037826E-03  5.04500000E+00
  5.60800066E-03  5.04500000E+00
  5.81197667E-03  5.04500000E+00
  6.40959906E-03  5.04500000E+00
  6.61357507E-03  5.04500000E+00
  7.21119746E-03  5.04500000E+00
  7.41517347E-03  5.04500000E+00
  8.01279586E-03  5.04500000E+00
  8.21677187E-03  5.04500000E+00
  8.81439426E-03  5.04500000E+00
  9.01837027E-03  5.04500000E+00
  9.61599267E-03  5.04500000E+00
  9.81996867E-03  5.04500000E+00
  1.04175911E-02  5.04500000E+00
  1.06215671E-02  5.04500000E+00
  1.12191895E-02  5.04500000E+00
  1.14231655E-02  5.04500000E+00
  1.20207879E-02  5.04500000E+00
  1.22247639E-02  5.04500000E+00
  1.28223863E-02  5.04500000E+00
  1.30263623E-02  5.04500000E+00
  1.36239847E-02  5.04500000E+00
  1.38279607E-02  5.04500000E+00
  1.44255831E-02  5.04500000E+00
  1.46295591E-02  5.04500000E+00
  1.52271815E-02  5.04500000E+00
  1.54311575E-02  5.04500000E+00
  1.60287799E-02  5.04500000E+00
  1.62327559E-02  5.04500000E+00
  1.68303783E-02  5.04500000E+00
  1.70343543E-02  5.04500000E+00
  1.76319767E-02  5.04500000E+00
  1.78359527E-02  5.04500000E+00
  1.84335751E-02  5.04500000E+00
  1.86375511E-02  5.04500000E+00
  1.92351735E-02  5.04500000E+00
  1.94391495E-02  5.04500000E+00
  2.00367719E-02  5.04500000E+00
  2.02407479E-02  5.04500000E+00
  2.08383703E-02  5.04500000E+00
  2.10423463E-02  5.04500000E+00
  2.16399687E-02  5.04500000E+00
  2.18439447E-02  5.04500000E+00
  2.24415671E-02  5.04500000E+00
  2.26455431E-02  5.04500000E+00
  2.32431655E-02  5.04500000E+00
  2.34471415E-02  5.04500000E+00
  2.40447639E-02  5.04500000E+00
  2.42487399E-02  5.04500000E+00
  2.48463623E-02  5.04500000E+00
  2.50503383E-02  5.04500000E+00
  2.56479607E-02  5.04500000E+00
  2.58519367E-02  5.04500000E+00
  2.64495591E-02  5.04500000E+00
  2.66535351E-02  5.04500000E+00
  2.72511575E-02  5.04500000E+00
  2.74551335E-02  5.04500000E+00
  2.80527559E-02  5.04500000E+00
  2.82567319E-02  5.04500000E+00
  2.88543543E-02  5.04500000E+00
  2.90583303E-02  5.04500000E+00
  2.96559527E-02  5.04500000E+00
  2.98599287E-02  5.04500000E+00
  3.04575511E-02  5.04500000E+00
  3.06615271E-02  5.04500000E+00
  3.12591495E-02  5.04500000E+00
  3.14631255E-02  5.04500000E+00
  3.20607479E-02  5.04500000E+00
  3.22647239E-02  5.04500000E+00
  3.28623463E-02  5.04500000E+00
  3.30663223E-02  5.04500000E+00
  3.36639447E-02  5.04500000E+00
  3.38679207E-02  5.04500000E+00
  3.44655431E-02  5.04500000E+00
  3.46695191E-02  5.04500000E+00
  3.52671415E-02  5.04500000E+00
  3.54711175E-02  5.04500000E+00
  3.60687399E-02  5.04500000E+00
  3.62727159E-02  5.04500000E+00
  3.68703383E-02  5.04500000E+00
  3.70743143E-02  5.04500000E+00
  3.76719367E-02  5.04500000E+00
  3.78759127E-02  5.04500000E+00
  3.84735351E-02  5.04500000E+00
  3.86775111E-02  5.04500000E+00
  3.92751335E-02  5.04500000E+00
  3.94791095E-02  5.04500000E+00
  4.00767319E-02  5.04500000E+00
  4.02807079E-02  5.04500000E+00
  4.08783303E-02  5.04500000E+00
  4.10823063E-02  5.04500000E+00
  4.16799287E-02  5.04500000E+00
  4.18839047E-02  5.04500000E+00
  4.24815271E-02  5.04500000E+00
  4.26855031E-02  5.04500000E+00
  4.32831255E-02  5.04500000E+00
  4.34871015E-02  5.04500000E+00
  4.40847239E-02  5.04500000E+00
  4.42886999E-02  5.04500000E+00
  4.48863223E-02  5.04500000E+00
  4.50902983E-02  5.04500000E+00
  4.56879207E-02  5.04500000E+00
  4.58918967E-02  5.04500000E+00
  4.64895191E-02  5.04500000E+00
  4.66934951E-02  5.04500000E+00
  4.72911175E-02  5.04500000E+00
  4.74950935E-02  5.04500000E+00
  4.80927159E-02  5.04500000E+00
  4.82966919E-02  5.04500000E+00
  4.88943143E-02  5.04500000E+00
  4.90982904E-02  5.04500000E+00
  4.96959127E-02  5.04500000E+00
  4.98998888E-02  5.04500000E+00
  5.04975111E-02  5.04500000E+00
  5.07014872E-02  5.04500000E+00
  5.12991095E-02  5.04500000E+00
  5.15030856E-02  5.04500000E+00
  5.21007080E-02  5.04500000E+00
  5.23046840E-02  5.04500000E+00
  5.29023064E-02  5.04500000E+00
  5.31062824E-02  5.04500000E+00
  5.37039048E-02  5.04500000E+00
  5.39078808E-02  5.04500000E+00
  5.45055032E-02  5.04500000E+00
  5.47094792E-02  5.04500000E+00
  5.53071016E-02  5.04500000E+00
  5.55110776E-02  5.04500000E+00
  5.61087000E-02  5.04500000E+00
  5.63126760E-02  5.04500000E+00
  5.69102984E-02  5.04500000E+00
  5.71142744E-02  5.04500000E+00
  5.77118968E-02  5.04500000E+00
  5.79158728E-02  5.04500000E+00
  5.85134952E-02  5.04500000E+00
  5.87174712E-02  5.04500000E+00
  5.93150936E-02  5.04500000E+00
  5.95190696E-02  5.04500000E+00
  6.01166920E-02  5.04500000E+00
  6.03206680E-02  5.04500000E+00
  6.09182904E-02  5.04500000E+00
  6.11222664E-02  5.04500000E+00
  6.17198888E-02  5.04500000E+00
  6.19238648E-02  5.04500000E+00
  6.25214872E-02  5.04500000E+00
  6.27254632E-02  5.04500000E+00
  6.33230856E-02  5.04500000E+00
  6.35270616E-02  5.04500000E+00
  6.41246840E-02  5.04500000E+00
  6.43286600E-02  5.04500000E+00
  6.49262824E-02  5.04500000E+00
  6.51302584E-02  5.04500000E+00
  6.57278808E-02  5.04500000E+00
  6.59318568E-02  5.04500000E+00
  6.65294792E-02  5.04500000E+00
  6.67334552E-02  5.04500000E+00
  6.73310776E-02  5.04500000E+00
  6.75350536E-02  5.04500000E+00
  6.81326760E-02  5.04500000E+00
  6.83366520E-02  5.04500000E+00
  6.89342744E-02  5.04500000E+00
  6.91382504E-02  5.04500000E+00
  6.97358728E-02  5.04500000E+00
  6.99398488E-02  5.04500000E+00
  7.05374712E-02  5.04500000E+00
  7.07414472E-02  5.04500000E+00
  7.13390696E-02  5.04500000E+00
  7.15430456E-02  5.04500000E+00
  7.21406680E-02  5.04500000E+00
  7.23446440E-02  5.04500000E+00
  7.29422664E-02  5.04500000E+00
  7.31462424E-02  5.04500000E+00
  7.37438648E-02  5.04500000E+00
  7.39478408E-02  5.04500000E+00
  7.45454632E-02  5.04500000E+00
  7.47494392E-02  5.04500000E+00
  7.53470616E-02  5.04500000E+00
  7.55510376E-02  5.04500000E+00
  7.61486600E-02  5.04500000E+00
  7.63526360E-02  5.04500000E+00
  7.69502584E-02  5.04500000E+00
  7.71542344E-02  5.04500000E+00
  7.77518568E-02  5.04500000E+00
  7.79558328E-02  5.04500000E+00
  7.85534552E-02  5.04500000E+00
  7.87574312E-02  5.04500000E+00
  7.93550536E-02  5.04500000E+00
  7.95590296E-02  5.04500000E+00
  8.01566520E-02  5.04500000E+00
  8.03606280E-02  5.04500000E+00
  8.09582504E-02  5.04500000E+00
  8.11622264E-02  5.04500000E+00
  8.17598488E-02  5.04500000E+00
  8.19638248E-02  5.04500000E+00
  8.25614472E-02  5.04500000E+00
  8.27654232E-02  5.04500000E+00
  8.33630456E-02  5.04500000E+00
  8.35670216E-02  5.04500000E+00
  8.41646440E-02  5.04500000E+00
  8.43686200E-02  5.04500000E+00
  8.49662424E-02  5.04500000E+00
  8.51702184E-02  5.04500000E+00
  8.57678408E-02  5.04500000E+00
  8.59718168E-02  5.04500000E+00
  8.65694392E-02  5.04500000E+00
  8.67734152E-02  5.04500000E+00
  8.73710376E-02  5.04500000E+00
  8.75750136E-02  5.04500000E+00
  8.81726360E-02  5.04500000E+00
  8.83766120E-02  5.04500000E+00
  8.89742344E-02  5.04500000E+00
  8.91782104E-02  5.04500000E+00
  8.97758328E-02  5.04500000E+00
  8.99798088E-02  5.04500000E+00
  9.05774312E-02  5.04500000E+00
  9.07814072E-02  5.04500000E+00
  9.13790296E-02  5.04500000E+00
  9.15830056E-02  5.04500000E+00
  9.21806280E-02  5.04500000E+00
  9.23846040E-02  5.04500000E+00
  9.29822264E-02  5.04500000E+00
  9.31862024E-02  5.04500000E+00
  9.37838248E-02  5.04500000E+00
  9.39878008E-02  5.04500000E+00
  9.45854232E-02  5.04500000E+00
  9.47893992E-02  5.04500000E+00
  9.53870216E-02  5.04500000E+00
  9.55909976E-02  5.04500000E+00
  9.61886200E-02  5.04500000E+00
  9.63925960E-02  5.04500000E+00
  9.69902184E-02  5.04500000E+00
  9.71941944E-02  5.04500000E+00
  9.77918168E-02  5.04500000E+00
  9.79957928E-02  5.04500000E+00
  9.85934152E-02  5.04500000E+00
  9.87973913E-02  5.04500000E+00
  9.93950136E-02  5.04500000E+00
  9.95989897E-02  5.04500000E+00
  1.00196612E-01  5.04500000E+00
  1.00400588E-01  5.04500000E+00
  1.00998210E-01  5.04500000E+00
  1.01202186E-01  5.04500000E+00
  1.01799809E-01  5.04500000E+00
  1.02003785E-01  5.04500000E+00
  1.02601407E-01  5.04500000E+00
  1.02805383E-01  5.04500000E+00
  1.03403006E-01  5.04500000E+00
  1.03606982E-01  5.04500000E+00
  1.04204604E-01  5.04500000E+00
  1.04408580E-01  5.04500000E+00
  1.05006202E-01  5.04500000E+00
  1.05210178E-01  5.04500000E+00
  1.05807801E-01  5.04500000E+00
  1.06011777E-01  5.04500000E+00
  1.06609399E-01  5.04500000E+00
  1.06813375E-01  5.04500000E+00
  1.07410998E-01  5.04500000E+00
  1.07614974E-01  5.04500000E+00
  1.08212596E-01  5.04500000E+00
  1.08416572E-01  5.04500000E+00
  1.09014194E-01  5.04500000E+00
  1.09218170E-01  5.04500000E+00
  1.09815793E-01  5.04500000E+00
  1.10000000E-01  5.02958039E+00
  1.10000000E-01  5.02808595E+00
  1.10000000E-01  4.96898337E+00
  1.10000000E-01  4.96748894E+00
  1.10000000E-01  4.90838636E+00
  1.10000000E-01  4.90689192E+00
  1.10000000E-01  4.84778934E+00
  1.10000000E-01  4.84629491E+00
  1.10000000E-01  4.78719233E+00
  1.10000000E-01  4.78569789E+00
  1.10000000E-01  4.72659531E+00
  1.10000000E-01  4.72510088E+00
  1.10000000E-01  4.66599830E+00
  1.10000000E-01  4.66450386E+00
  1.10000000E-01  4.60540128E+00
  1.10000000E-01  4.60390685E+00
  1.10000000E-01  4.54480427E+00
  1.10000000E-01  4.54330984E+00
  1.10000000E-01  4.48420725E+00
  1.10000000E-01  4.48271282E+00
  1.10000000E-01  4.42361024E+00
  1.10000000E-01  4.42211581E+00
  1.10000000E-01  4.36301322E+00
  1.10000000E-01  4.36151879E+00
  1.10000000E-01  4.30241621E+00
  1.10000000E-01  4.30092178E+00
  1.10000000E-01  4.24181919E+00
  1.10000000E-01  4.24032476E+00
  1.10000000E-01  4.18122218E+00
  1.10000000E-01  4.17972775E+00
  1.10000000E-01  4.12062516E+00
  1.10000000E-01  4.11913073E+00
  1.10000000E-01  4.06002815E+00
  1.10000000E-01  4.05853372E+00
  1.10000000E-01  3.99943113E+00
  1.10000000E-01  3.99793670E+00
  1.10000000E-01  3.93883412E+00

w:110/ x(  -0.7900000E-01) y(   0.5045000E+01) ix(2) iy(2) s(   0.7000E+00)

hb:   line clip z   cb(0.933)
clip:
 -1.58000000E-01  4.58378840E+00
 -1.57714097E-01  4.54500000E+00
 -1.56915088E-01  4.54500000E+00
 -6.00810548E-04  4.54500000E+00
  0.00000000E+00  4.55998287E+00
  0.00000000E+00  4.60540128E+00
  0.00000000E+00  4.65081969E+00
  0.00000000E+00  4.66599830E+00
  0.00000000E+00  4.71141671E+00
  0.00000000E+00  4.72659531E+00
  0.00000000E+00  4.77201372E+00
  0.00000000E+00  4.78719233E+00
  0.00000000E+00  4.83261074E+00
  0.00000000E+00  4.84778934E+00
  0.00000000E+00  4.89320775E+00
  0.00000000E+00  4.90838636E+00
  0.00000000E+00  4.95380477E+00
  0.00000000E+00  4.96898337E+00
  0.00000000E+00  5.01440178E+00
  0.00000000E+00  5.02958039E+00
  0.00000000E+00  5.07499880E+00
  0.00000000E+00  5.09017740E+00
  0.00000000E+00  5.13559581E+00
  0.00000000E+00  5.15077442E+00
  0.00000000E+00  5.19619283E+00
  0.00000000E+00  5.21137143E+00
  0.00000000E+00  5.25678984E+00
  0.00000000E+00  5.27196845E+00
  0.00000000E+00  5.31738686E+00
  0.00000000E+00  5.33256546E+00
  0.00000000E+00  5.37798387E+00
  0.00000000E+00  5.39316248E+00
  0.00000000E+00  5.43858089E+00
  0.00000000E+00  5.45375949E+00
  0.00000000E+00  5.49917790E+00
  0.00000000E+00  5.51435651E+00
 -1.95447749E-04  5.54500000E+00
 -6.00810548E-04  5.54500000E+00
 -1.00617335E-03  5.54500000E+00
 -1.40240895E-03  5.54500000E+00
 -1.80777175E-03  5.54500000E+00
 -2.20400735E-03  5.54500000E+00
 -2.60937015E-03  5.54500000E+00
 -3.00560575E-03  5.54500000E+00
 -3.41096855E-03  5.54500000E+00
 -3.80720415E-03  5.54500000E+00
 -4.21256695E-03  5.54500000E+00
 -4.60880256E-03  5.54500000E+00
 -5.01416535E-03  5.54500000E+00
 -5.41040096E-03  5.54500000E+00
 -5.81576376E-03  5.54500000E+00
 -6.21199936E-03  5.54500000E+00
 -6.61736216E-03  5.54500000E+00
 -7.01359776E-03  5.54500000E+00
 -7.41896056E-03  5.54500000E+00
 -7.81519616E-03  5.54500000E+00
 -8.22055896E-03  5.54500000E+00
 -8.61679456E-03  5.54500000E+00
 -9.02215736E-03  5.54500000E+00
 -9.41839297E-03  5.54500000E+00
 -9.82375576E-03  5.54500000E+00
 -1.02199914E-02  5.54500000E+00
 -1.06253542E-02  5.54500000E+00
 -1.10215898E-02  5.54500000E+00
 -1.14269526E-02  5.54500000E+00
 -1.18231882E-02  5.54500000E+00
 -1.22285510E-02  5.54500000E+00
 -1.26247866E-02  5.54500000E+00
 -1.30301494E-02  5.54500000E+00
 -1.34263850E-02  5.54500000E+00
 -1.38317478E-02  5.54500000E+00
 -1.42279834E-02  5.54500000E+00
 -1.46333462E-02  5.54500000E+00
 -1.50295818E-02  5.54500000E+00
 -1.54349446E-02  5.54500000E+00
 -1.58311802E-02  5.54500000E+00
 -1.62365430E-02  5.54500000E+00
 -1.66327786E-02  5.54500000E+00
 -1.70381414E-02  5.54500000E+00
 -1.74343770E-02  5.54500000E+00
 -1.78397398E-02  5.54500000E+00
 -1.82359754E-02  5.54500000E+00
 -1.86413382E-02  5.54500000E+00
 -1.90375738E-02  5.54500000E+00
 -1.94429366E-02  5.54500000E+00
 -1.98391722E-02  5.54500000E+00
 -2.02445350E-02  5.54500000E+00
 -2.06407706E-02  5.54500000E+00
 -2.10461334E-02  5.54500000E+00
 -2.14423690E-02  5.54500000E+00
 -2.18477318E-02  5.54500000E+00
 -2.22439674E-02  5.54500000E+00
 -2.26493302E-02  5.54500000E+00
 -2.30455658E-02  5.54500000E+00
 -2.34509286E-02  5.54500000E+00
 -2.38471642E-02  5.54500000E+00
 -2.42525270E-02  5.54500000E+00
 -2.46487626E-02  5.54500000E+00
 -2.50541254E-02  5.54500000E+00
 -2.54503610E-02  5.54500000E+00
 -2.58557238E-02  5.54500000E+00
 -2.62519594E-02  5.54500000E+00
 -2.66573222E-02  5.54500000E+00
 -2.70535578E-02  5.54500000E+00
 -2.74589206E-02  5.54500000E+00
 -2.78551562E-02  5.54500000E+00
 -2.82605190E-02  5.54500000E+00
 -2.86567546E-02  5.54500000E+00
 -2.90621174E-02  5.54500000E+00
 -2.94583530E-02  5.54500000E+00
 -2.98637158E-02  5.54500000E+00
 -3.02599514E-02  5.54500000E+00
 -3.06653142E-02  5.54500000E+00
 -3.10615498E-02  5.54500000E+00
 -3.14669126E-02  5.54500000E+00
 -3.18631482E-02  5.54500000E+00
 -3.22685110E-02  5.54500000E+00
 -3.26647466E-02  5.54500000E+00
 -3.30701094E-02  5.54500000E+00
 -3.34663450E-02  5.54500000E+00
 -3.38717078E-02  5.54500000E+00
 -3.42679434E-02  5.54500000E+00
 -3.46733062E-02  5.54500000E+00
 -3.50695418E-02  5.54500000E+00
 -3.54749046E-02  5.54500000E+00
 -3.58711402E-02  5.54500000E+00
 -3.62765030E-02  5.54500000E+00
 -3.66727386E-02  5.54500000E+00
 -3.70781014E-02  5.54500000E+00
 -3.74743370E-02  5.54500000E+00
 -3.78796998E-02  5.54500000E+00
 -3.82759354E-02  5.54500000E+00
 -3.86812982E-02  5.54500000E+00
 -3.90775338E-02  5.54500000E+00
 -3.94828966E-02  5.54500000E+00
 -3.98791322E-02  5.54500000E+00
 -4.02844950E-02  5.54500000E+00
 -4.06807306E-02  5.54500000E+00
 -4.10860934E-02  5.54500000E+00
 -4.14823290E-02  5.54500000E+00
 -4.18876918E-02  5.54500000E+00
 -4.22839274E-02  5.54500000E+00
 -4.26892902E-02  5.54500000E+00
 -4.30855258E-02  5.54500000E+00
 -4.34908886E-02  5.54500000E+00
 -4.38871242E-02  5.54500000E+00
 -4.42924870E-02  5.54500000E+00
 -4.46887226E-02  5.54500000E+00
 -4.50940854E-02  5.54500000E+00
 -4.54903210E-02  5.54500000E+00
 -4.58956838E-02  5.54500000E+00
 -4.62919194E-02  5.54500000E+00
 -4.66972822E-02  5.54500000E+00
 -4.70935178E-02  5.54500000E+00
 -4.74988806E-02  5.54500000E+00
 -4.78951162E-02  5.54500000E+00
 -4.83004790E-02  5.54500000E+00
 -4.86967146E-02  5.54500000E+00
 -4.91020774E-02  5.54500000E+00
 -4.94983130E-02  5.54500000E+00
 -4.99036758E-02  5.54500000E+00
 -5.02999114E-02  5.54500000E+00
 -5.07052742E-02  5.54500000E+00
 -5.11015098E-02  5.54500000E+00
 -5.15068726E-02  5.54500000E+00
 -5.19031082E-02  5.54500000E+00
 -5.23084710E-02  5.54500000E+00
 -5.27047067E-02  5.54500000E+00
 -5.31100694E-02  5.54500000E+00
 -5.35063051E-02  5.54500000E+00
 -5.39116679E-02  5.54500000E+00
 -5.43079035E-02  5.54500000E+00
 -5.47132663E-02  5.54500000E+00
 -5.51095019E-02  5.54500000E+00
 -5.55148647E-02  5.54500000E+00
 -5.59111003E-02  5.54500000E+00
 -5.63164631E-02  5.54500000E+00
 -5.67126987E-02  5.54500000E+00
 -5.71180615E-02  5.54500000E+00
 -5.75142971E-02  5.54500000E+00
 -5.79196599E-02  5.54500000E+00
 -5.83158955E-02  5.54500000E+00
 -5.87212583E-02  5.54500000E+00
 -5.91174939E-02  5.54500000E+00
 -5.95228567E-02  5.54500000E+00
 -5.99190923E-02  5.54500000E+00
 -6.03244551E-02  5.54500000E+00
 -6.07206907E-02  5.54500000E+00
 -6.11260535E-02  5.54500000E+00
 -6.15222891E-02  5.54500000E+00
 -6.19276519E-02  5.54500000E+00
 -6.23238875E-02  5.54500000E+00
 -6.27292503E-02  5.54500000E+00
 -6.31254859E-02  5.54500000E+00
 -6.35308487E-02  5.54500000E+00
 -6.39270843E-02  5.54500000E+00
 -6.43324471E-02  5.54500000E+00
 -6.47286827E-02  5.54500000E+00
 -6.51340455E-02  5.54500000E+00
 -6.55302811E-02  5.54500000E+00
 -6.59356439E-02  5.54500000E+00
 -6.63318795E-02  5.54500000E+00
 -6.67372423E-02  5.54500000E+00
 -6.71334779E-02  5.54500000E+00
 -6.75388407E-02  5.54500000E+00
 -6.79350763E-02  5.54500000E+00
 -6.83404391E-02  5.54500000E+00
 -6.87366747E-02  5.54500000E+00
 -6.91420375E-02  5.54500000E+00
 -6.95382731E-02  5.54500000E+00
 -6.99436359E-02  5.54500000E+00
 -7.03398715E-02  5.54500000E+00
 -7.07452343E-02  5.54500000E+00
 -7.11414699E-02  5.54500000E+00
 -7.15468327E-02  5.54500000E+00
 -7.19430683E-02  5.54500000E+00
 -7.23484311E-02  5.54500000E+00
 -7.27446667E-02  5.54500000E+00
 -7.31500295E-02  5.54500000E+00
 -7.35462651E-02  5.54500000E+00
 -7.39516279E-02  5.54500000E+00
 -7.43478635E-02  5.54500000E+00
 -7.47532263E-02  5.54500000E+00
 -7.51494619E-02  5.54500000E+00
 -7.55548247E-02  5.54500000E+00
 -7.59510603E-02  5.54500000E+00
 -7.63564231E-02  5.54500000E+00
 -7.67526587E-02  5.54500000E+00
 -7.71580215E-02  5.54500000E+00
 -7.75542571E-02  5.54500000E+00
 -7.79596199E-02  5.54500000E+00
 -7.83558555E-02  5.54500000E+00
 -7.87612183E-02  5.54500000E+00
 -7.91574539E-02  5.54500000E+00
 -7.95628167E-02  5.54500000E+00
 -7.99590523E-02  5.54500000E+00
 -8.03644151E-02  5.54500000E+00
 -8.07606507E-02  5.54500000E+00
 -8.11660135E-02  5.54500000E+00
 -8.15622491E-02  5.54500000E+00
 -8.19676119E-02  5.54500000E+00
 -8.23638475E-02  5.54500000E+00
 -8.27692103E-02  5.54500000E+00
 -8.31654459E-02  5.54500000E+00
 -8.35708087E-02  5.54500000E+00
 -8.39670443E-02  5.54500000E+00
 -8.43724071E-02  5.54500000E+00
 -8.47686427E-02  5.54500000E+00
 -8.51740055E-02  5.54500000E+00
 -8.55702411E-02  5.54500000E+00
 -8.59756039E-02  5.54500000E+00
 -8.63718395E-02  5.54500000E+00
 -8.67772023E-02  5.54500000E+00
 -8.71734379E-02  5.54500000E+00
 -8.75788007E-02  5.54500000E+00
 -8.79750363E-02  5.54500000E+00
 -8.83803991E-02  5.54500000E+00
 -8.87766347E-02  5.54500000E+00
 -8.91819975E-02  5.54500000E+00
 -8.95782331E-02  5.54500000E+00
 -8.99835959E-02  5.54500000E+00
 -9.03798315E-02  5.54500000E+00
 -9.07851943E-02  5.54500000E+00
 -9.11814299E-02  5.54500000E+00
 -9.15867927E-02  5.54500000E+00
 -9.19830283E-02  5.54500000E+00
 -9.23883911E-02  5.54500000E+00
 -9.27846267E-02  5.54500000E+00
 -9.31899895E-02  5.54500000E+00
 -9.35862251E-02  5.54500000E+00
 -9.39915879E-02  5.54500000E+00
 -9.43878235E-02  5.54500000E+00
 -9.47931863E-02  5.54500000E+00
 -9.51894219E-02  5.54500000E+00
 -9.55947847E-02  5.54500000E+00
 -9.59910203E-02  5.54500000E+00
 -9.63963831E-02  5.54500000E+00
 -9.67926187E-02  5.54500000E+00
 -9.71979815E-02  5.54500000E+00
 -9.75942171E-02  5.54500000E+00
 -9.79995799E-02  5.54500000E+00
 -9.83958155E-02  5.54500000E+00
 -9.88011783E-02  5.54500000E+00
 -9.91974139E-02  5.54500000E+00
 -9.96027767E-02  5.54500000E+00
 -9.99990123E-02  5.54500000E+00
 -1.00404375E-01  5.54500000E+00
 -1.00800611E-01  5.54500000E+00
 -1.01205974E-01  5.54500000E+00
 -1.01602209E-01  5.54500000E+00
 -1.02007572E-01  5.54500000E+00
 -1.02403808E-01  5.54500000E+00
 -1.02809170E-01  5.54500000E+00
 -1.03205406E-01  5.54500000E+00
 -1.03610769E-01  5.54500000E+00
 -1.04007004E-01  5.54500000E+00
 -1.04412367E-01  5.54500000E+00
 -1.04808603E-01  5.54500000E+00
 -1.05213966E-01  5.54500000E+00
 -1.05610201E-01  5.54500000E+00
 -1.06015564E-01  5.54500000E+00
 -1.06411800E-01  5.54500000E+00
 -1.06817162E-01  5.54500000E+00
 -1.07213398E-01  5.54500000E+00
 -1.07618761E-01  5.54500000E+00
 -1.08014996E-01  5.54500000E+00
 -1.08420359E-01  5.54500000E+00
 -1.08816595E-01  5.54500000E+00
 -1.09221958E-01  5.54500000E+00
 -1.09618193E-01  5.54500000E+00
 -1.10023556E-01  5.54500000E+00
 -1.10419792E-01  5.54500000E+00
 -1.10825154E-01  5.54500000E+00
 -1.11221390E-01  5.54500000E+00
 -1.11626753E-01  5.54500000E+00
 -1.12022988E-01  5.54500000E+00
 -1.12428351E-01  5.54500000E+00
 -1.12824587E-01  5.54500000E+00
 -1.13229950E-01  5.54500000E+00
 -1.13626185E-01  5.54500000E+00
 -1.14031548E-01  5.54500000E+00
 -1.14427784E-01  5.54500000E+00
 -1.14833146E-01  5.54500000E+00
 -1.15229382E-01  5.54500000E+00
 -1.15634745E-01  5.54500000E+00
 -1.16030980E-01  5.54500000E+00
 -1.16436343E-01  5.54500000E+00
 -1.16832579E-01  5.54500000E+00
 -1.17237942E-01  5.54500000E+00
 -1.17634177E-01  5.54500000E+00
 -1.18039540E-01  5.54500000E+00
 -1.18435776E-01  5.54500000E+00
 -1.18841138E-01  5.54500000E+00
 -1.19237374E-01  5.54500000E+00
 -1.19642737E-01  5.54500000E+00
 -1.20038972E-01  5.54500000E+00
 -1.20444335E-01  5.54500000E+00
 -1.20840571E-01  5.54500000E+00
 -1.21245934E-01  5.54500000E+00
 -1.21642169E-01  5.54500000E+00
 -1.22047532E-01  5.54500000E+00
 -1.22443768E-01  5.54500000E+00
 -1.22849130E-01  5.54500000E+00
 -1.23245366E-01  5.54500000E+00
 -1.23650729E-01  5.54500000E+00
 -1.24046964E-01  5.54500000E+00
 -1.24452327E-01  5.54500000E+00
 -1.24848563E-01  5.54500000E+00
 -1.25253926E-01  5.54500000E+00
 -1.25650161E-01  5.54500000E+00
 -1.26055524E-01  5.54500000E+00
 -1.26451760E-01  5.54500000E+00
 -1.26857122E-01  5.54500000E+00
 -1.27253358E-01  5.54500000E+00
 -1.27658721E-01  5.54500000E+00
 -1.28054956E-01  5.54500000E+00
 -1.28460319E-01  5.54500000E+00
 -1.28856555E-01  5.54500000E+00
 -1.29261918E-01  5.54500000E+00
 -1.29658153E-01  5.54500000E+00
 -1.30063516E-01  5.54500000E+00
 -1.30459752E-01  5.54500000E+00
 -1.30865114E-01  5.54500000E+00
 -1.31261350E-01  5.54500000E+00
 -1.31666713E-01  5.54500000E+00
 -1.32062948E-01  5.54500000E+00
 -1.32468311E-01  5.54500000E+00
 -1.32864547E-01  5.54500000E+00
 -1.33269910E-01  5.54500000E+00
 -1.33666145E-01  5.54500000E+00
 -1.34071508E-01  5.54500000E+00
 -1.34467744E-01  5.54500000E+00
 -1.34873106E-01  5.54500000E+00
 -1.35269342E-01  5.54500000E+00
 -1.35674705E-01  5.54500000E+00
 -1.36070940E-01  5.54500000E+00
 -1.36476303E-01  5.54500000E+00
 -1.36872539E-01  5.54500000E+00
 -1.37277902E-01  5.54500000E+00
 -1.37674137E-01  5.54500000E+00
 -1.38079500E-01  5.54500000E+00
 -1.38475736E-01  5.54500000E+00
 -1.38881098E-01  5.54500000E+00
 -1.39277334E-01  5.54500000E+00
 -1.39682697E-01  5.54500000E+00
 -1.40078932E-01  5.54500000E+00
 -1.40484295E-01  5.54500000E+00
 -1.40880531E-01  5.54500000E+00
 -1.41285894E-01  5.54500000E+00
 -1.41682129E-01  5.54500000E+00
 -1.42087492E-01  5.54500000E+00
 -1.42483728E-01  5.54500000E+00
 -1.42889090E-01  5.54500000E+00
 -1.43285326E-01  5.54500000E+00
 -1.43690689E-01  5.54500000E+00
 -1.44086924E-01  5.54500000E+00
 -1.44492287E-01  5.54500000E+00
 -1.44888523E-01  5.54500000E+00
 -1.45293886E-01  5.54500000E+00
 -1.45690121E-01  5.54500000E+00
 -1.46095484E-01  5.54500000E+00
 -1.46491720E-01  5.54500000E+00
 -1.46897082E-01  5.54500000E+00
 -1.47293318E-01  5.54500000E+00
 -1.47698681E-01  5.54500000E+00
 -1.48094916E-01  5.54500000E+00
 -1.48500279E-01  5.54500000E+00
 -1.48896515E-01  5.54500000E+00
 -1.49301878E-01  5.54500000E+00
 -1.49698113E-01  5.54500000E+00
 -1.50103476E-01  5.54500000E+00
 -1.50499712E-01  5.54500000E+00
 -1.50905074E-01  5.54500000E+00
 -1.51301310E-01  5.54500000E+00
 -1.51706673E-01  5.54500000E+00
 -1.52102908E-01  5.54500000E+00
 -1.52508271E-01  5.54500000E+00
 -1.52904507E-01  5.54500000E+00
 -1.53309870E-01  5.54500000E+00
 -1.53706105E-01  5.54500000E+00
 -1.54111468E-01  5.54500000E+00
 -1.54507704E-01  5.54500000E+00
 -1.54913066E-01  5.54500000E+00
 -1.55309302E-01  5.54500000E+00
 -1.55714665E-01  5.54500000E+00
 -1.56110900E-01  5.54500000E+00
 -1.56516263E-01  5.54500000E+00
 -1.56912499E-01  5.54500000E+00
 -1.57317862E-01  5.54500000E+00
 -1.57714097E-01  5.54500000E+00
 -1.58000000E-01  5.53596939E+00
 -1.58000000E-01  5.51435651E+00
 -1.58000000E-01  5.49274362E+00
 -1.58000000E-01  5.45375949E+00
 -1.58000000E-01  5.43214661E+00
 -1.58000000E-01  5.39316248E+00
 -1.58000000E-01  5.37154959E+00
 -1.58000000E-01  5.33256546E+00
 -1.58000000E-01  5.31095258E+00
 -1.58000000E-01  5.27196845E+00
 -1.58000000E-01  5.25035556E+00
 -1.58000000E-01  5.21137143E+00
 -1.58000000E-01  5.18975855E+00
 -1.58000000E-01  5.15077442E+00
 -1.58000000E-01  5.12916153E+00
 -1.58000000E-01  5.09017740E+00
 -1.58000000E-01  5.06856452E+00
 -1.58000000E-01  5.02958039E+00
 -1.58000000E-01  5.00796750E+00
 -1.58000000E-01  4.96898337E+00
 -1.58000000E-01  4.94737049E+00
 -1.58000000E-01  4.90838636E+00
 -1.58000000E-01  4.88677347E+00
 -1.58000000E-01  4.84778934E+00
 -1.58000000E-01  4.82617646E+00
 -1.58000000E-01  4.78719233E+00
 -1.58000000E-01  4.76557944E+00
 -1.58000000E-01  4.72659531E+00
 -1.58000000E-01  4.70498243E+00
 -1.58000000E-01  4.66599830E+00
 -1.58000000E-01  4.64438541E+00
 -1.58000000E-01  4.60540128E+00

wt: s[c5]
\vspace{-3}
  emin  &=&   0.0000E+00 [MeV]
  emax  &=&   1.0000E+03 [MeV]
  ymin  &=&   0.0000E+00 [cm]
  ymax  &=&   0.0000E+00 [cm]
  part. &=& all     
  tmin  &=&   0.0000E+00 [nsec]
  tmax  &=&   1.0000E+00 [nsec]
e:
 
# Information for Restart Calculation
# This calculation was newly started
# istdev =  2 # 1:Batch variance, 2:History variance
# resc2  = 0.00000000000000000E+00 # Total source weight or Total source weight / maxcas
# resc3  = 0.00000000000000000E+00 # Total history number or Total batch number
# maxcas =     1000000 # History / Batch, only used for istdev=1
# bitrseed = 0000000000000000000000000000000000000000000000000000000000000000 # bit data of rseed
